{"cameraMode":{"drawMode":0,"name":"Shaded","section":"Shading Mode"},"sceneLighting":false,"audioPlay":false,"sceneViewState":{"m_AlwaysRefresh":false,"showFog":true,"showSkybox":false,"showFlares":true,"showImageEffects":true,"showParticleSystems":true,"showVisualEffectGraphs":true,"m_FxEnabled":true},"in2DMode":false,"pivot":{"x":1.0750000476837159,"y":1.0490000247955323,"z":0.15000000596046449},"rotation":{"x":-0.007238327991217375,"y":0.9702593088150024,"z":-0.2401830106973648,"w":-0.02924043871462345},"size":1.1107428073883057,"orthographic":false}