{"cameraMode":{"drawMode":0,"name":"Shaded","section":"Shading Mode"},"sceneLighting":false,"audioPlay":false,"sceneViewState":{"m_AlwaysRefresh":false,"showFog":true,"showSkybox":false,"showFlares":true,"showImageEffects":true,"showParticleSystems":true,"showVisualEffectGraphs":true,"m_FxEnabled":true},"in2DMode":false,"pivot":{"x":-2.758988857269287,"y":1.6259114742279053,"z":-11.653523445129395},"rotation":{"x":-0.11547771841287613,"y":0.12519343197345735,"z":-0.014664335176348687,"w":-0.9852992296218872},"size":0.8660253882408142,"orthographic":false}