{"cameraMode":{"drawMode":0,"name":"Shaded","section":"Shading Mode"},"sceneLighting":false,"audioPlay":false,"sceneViewState":{"m_AlwaysRefresh":false,"showFog":true,"showSkybox":false,"showFlares":true,"showImageEffects":true,"showParticleSystems":true,"showVisualEffectGraphs":true,"m_FxEnabled":true},"in2DMode":false,"pivot":{"x":0.16816826164722444,"y":0.41399484872817995,"z":-10.846292495727539},"rotation":{"x":-0.07339461892843247,"y":0.500114917755127,"z":-0.04258151724934578,"w":-0.8618136048316956},"size":0.8660253882408142,"orthographic":false}