Using pre-set license
Built from '2022.3/staging' branch; Version is '2022.3.50f1 (c3db7f8bf9b1) revision 12835711'; Using compiler version '192829333'; Build Type 'Release'
OS: 'Windows 11  (10.0.26200) 64bit Core' Language: 'en' Physical Memory: 32605 MB
BatchMode: 1, IsHumanControllingUs: 0, StartBugReporterOnCrash: 0, Is64bit: 1, IsPro: 1

COMMAND LINE ARGUMENTS:
C:\Program Files\Unity\Hub\Editor\2022.3.50f1\Editor\Unity.exe
-adb2
-batchMode
-noUpm
-name
AssetImportWorker4
-projectPath
D:/Projects/Tattoo-Game/Tattoo Game
-logFile
Logs/AssetImportWorker4.log
-srvPort
52257
Successfully changed project path to: D:/Projects/Tattoo-Game/Tattoo Game
D:/Projects/Tattoo-Game/Tattoo Game
[UnityMemory] Configuration Parameters - Can be set up in boot.config
    "memorysetup-bucket-allocator-granularity=16"
    "memorysetup-bucket-allocator-bucket-count=8"
    "memorysetup-bucket-allocator-block-size=33554432"
    "memorysetup-bucket-allocator-block-count=8"
    "memorysetup-main-allocator-block-size=16777216"
    "memorysetup-thread-allocator-block-size=16777216"
    "memorysetup-gfx-main-allocator-block-size=16777216"
    "memorysetup-gfx-thread-allocator-block-size=16777216"
    "memorysetup-cache-allocator-block-size=4194304"
    "memorysetup-typetree-allocator-block-size=2097152"
    "memorysetup-profiler-bucket-allocator-granularity=16"
    "memorysetup-profiler-bucket-allocator-bucket-count=8"
    "memorysetup-profiler-bucket-allocator-block-size=33554432"
    "memorysetup-profiler-bucket-allocator-block-count=8"
    "memorysetup-profiler-allocator-block-size=16777216"
    "memorysetup-profiler-editor-allocator-block-size=1048576"
    "memorysetup-temp-allocator-size-main=16777216"
    "memorysetup-job-temp-allocator-block-size=2097152"
    "memorysetup-job-temp-allocator-block-size-background=1048576"
    "memorysetup-job-temp-allocator-reduction-small-platforms=262144"
    "memorysetup-allocator-temp-initial-block-size-main=262144"
    "memorysetup-allocator-temp-initial-block-size-worker=262144"
    "memorysetup-temp-allocator-size-background-worker=32768"
    "memorysetup-temp-allocator-size-job-worker=262144"
    "memorysetup-temp-allocator-size-preload-manager=33554432"
    "memorysetup-temp-allocator-size-nav-mesh-worker=65536"
    "memorysetup-temp-allocator-size-audio-worker=65536"
    "memorysetup-temp-allocator-size-cloud-worker=32768"
    "memorysetup-temp-allocator-size-gi-baking-worker=262144"
    "memorysetup-temp-allocator-size-gfx=262144"
Player connection [2576]  Target information:

Player connection [2576]  * "[IP] 192.168.133.1 [Port] 0 [Flags] 2 [Guid] 3145139803 [EditorId] 3145139803 [Version] 1048832 [Id] WindowsEditor(7,Tortuga) [Debug] 1 [PackageName] WindowsEditor [ProjectName] Editor" 

Player connection [2576]  * "[IP] 192.168.64.1 [Port] 0 [Flags] 2 [Guid] 3145139803 [EditorId] 3145139803 [Version] 1048832 [Id] WindowsEditor(7,Tortuga) [Debug] 1 [PackageName] WindowsEditor [ProjectName] Editor" 

Player connection [2576]  * "[IP] 192.168.0.179 [Port] 0 [Flags] 2 [Guid] 3145139803 [EditorId] 3145139803 [Version] 1048832 [Id] WindowsEditor(7,Tortuga) [Debug] 1 [PackageName] WindowsEditor [ProjectName] Editor" 

Player connection [2576] Host joined multi-casting on [225.0.0.222:54997]...
Player connection [2576] Host joined alternative multi-casting on [225.0.0.222:34997]...
[PhysX] Initialized MultithreadedTaskDispatcher with 12 workers.
Refreshing native plugins compatible for Editor in 18.85 ms, found 4 plugins.
Preloading 0 native plugins for Editor in 0.00 ms.
Initialize engine version: 2022.3.50f1 (c3db7f8bf9b1)
[Subsystems] Discovering subsystems at path C:/Program Files/Unity/Hub/Editor/2022.3.50f1/Editor/Data/Resources/UnitySubsystems
[Subsystems] Discovering subsystems at path D:/Projects/Tattoo-Game/Tattoo Game/Assets
GfxDevice: creating device client; threaded=0; jobified=0
Direct3D:
    Version:  Direct3D 11.0 [level 11.1]
    Renderer: NVIDIA GeForce RTX 3060 Laptop GPU (ID=0x2520)
    Vendor:   NVIDIA
    VRAM:     5994 MB
    Driver:   32.0.15.9597
Initialize mono
Mono path[0] = 'C:/Program Files/Unity/Hub/Editor/2022.3.50f1/Editor/Data/Managed'
Mono path[1] = 'C:/Program Files/Unity/Hub/Editor/2022.3.50f1/Editor/Data/MonoBleedingEdge/lib/mono/unityjit-win32'
Mono config path = 'C:/Program Files/Unity/Hub/Editor/2022.3.50f1/Editor/Data/MonoBleedingEdge/etc'
Using monoOptions --debugger-agent=transport=dt_socket,embedding=1,server=y,suspend=n,address=127.0.0.1:56176
Begin MonoManager ReloadAssembly
Registering precompiled unity dll's ...
Register platform support module: C:/Program Files/Unity/Hub/Editor/2022.3.50f1/Editor/Data/PlaybackEngines/AndroidPlayer/UnityEditor.Android.Extensions.dll
Register platform support module: C:/Program Files/Unity/Hub/Editor/2022.3.50f1/Editor/Data/PlaybackEngines/iOSSupport/UnityEditor.iOS.Extensions.dll
Register platform support module: C:/Program Files/Unity/Hub/Editor/2022.3.50f1/Editor/Data/PlaybackEngines/WindowsStandaloneSupport/UnityEditor.WindowsStandalone.Extensions.dll
Registered in 0.021060 seconds.
- Loaded All Assemblies, in  0.540 seconds
Native extension for WindowsStandalone target not found
[usbmuxd] Start listen thread
[usbmuxd] Listen thread started
Native extension for iOS target not found
Native extension for Android target not found
Android Extension - Scanning For ADB Devices 324 ms
Mono: successfully reloaded assembly
- Finished resetting the current domain, in  0.811 seconds
Domain Reload Profiling: 1348ms
	BeginReloadAssembly (170ms)
		ExecutionOrderSort (0ms)
		DisableScriptedObjects (0ms)
		BackupInstance (0ms)
		ReleaseScriptingObjects (0ms)
		CreateAndSetChildDomain (1ms)
	RebuildCommonClasses (60ms)
	RebuildNativeTypeToScriptingClass (19ms)
	initialDomainReloadingComplete (89ms)
	LoadAllAssembliesAndSetupDomain (200ms)
		LoadAssemblies (166ms)
		RebuildTransferFunctionScriptingTraits (0ms)
		AnalyzeDomain (196ms)
			TypeCache.Refresh (194ms)
				TypeCache.ScanAssembly (175ms)
			ScanForSourceGeneratedMonoScriptInfo (0ms)
			ResolveRequiredComponents (1ms)
	FinalizeReload (812ms)
		ReleaseScriptCaches (0ms)
		RebuildScriptCaches (0ms)
		SetupLoadedEditorAssemblies (748ms)
			LogAssemblyErrors (0ms)
			InitializePlatformSupportModulesInManaged (492ms)
			SetLoadedEditorAssemblies (5ms)
			RefreshPlugins (0ms)
			BeforeProcessingInitializeOnLoad (3ms)
			ProcessInitializeOnLoadAttributes (193ms)
			ProcessInitializeOnLoadMethodAttributes (55ms)
			AfterProcessingInitializeOnLoad (0ms)
			EditorAssembliesLoaded (0ms)
		ExecutionOrderSort2 (0ms)
		AwakeInstancesAfterBackupRestoration (0ms)
========================================================================
Worker process is ready to serve import requests
Caller must complete domain reload
Begin MonoManager ReloadAssembly
- Loaded All Assemblies, in  0.842 seconds
Native extension for WindowsStandalone target not found
Native extension for iOS target not found
Native extension for Android target not found
Mono: successfully reloaded assembly
Package Manager log level set to [2]
[Package Manager] Server::EnsureServerProcessIsRunning -- launch failed, reason: Unity was launched with the -noUpm command-line argument
[Package Manager] UpmClient::Send -- Unable to send message (not connected to UPM process).
[Package Manager] Cannot connect to Unity Package Manager local server
[Package Manager] Server::EnsureServerProcessIsRunning -- launch failed, reason: Unity was launched with the -noUpm command-line argument
[Package Manager] UpmClient::Send -- Unable to send message (not connected to UPM process).
[Package Manager] Cannot connect to Unity Package Manager local server
- Finished resetting the current domain, in  0.781 seconds
Domain Reload Profiling: 1619ms
	BeginReloadAssembly (155ms)
		ExecutionOrderSort (0ms)
		DisableScriptedObjects (6ms)
		BackupInstance (0ms)
		ReleaseScriptingObjects (0ms)
		CreateAndSetChildDomain (22ms)
	RebuildCommonClasses (36ms)
	RebuildNativeTypeToScriptingClass (11ms)
	initialDomainReloadingComplete (46ms)
	LoadAllAssembliesAndSetupDomain (589ms)
		LoadAssemblies (382ms)
		RebuildTransferFunctionScriptingTraits (0ms)
		AnalyzeDomain (296ms)
			TypeCache.Refresh (256ms)
				TypeCache.ScanAssembly (236ms)
			ScanForSourceGeneratedMonoScriptInfo (28ms)
			ResolveRequiredComponents (9ms)
	FinalizeReload (781ms)
		ReleaseScriptCaches (0ms)
		RebuildScriptCaches (0ms)
		SetupLoadedEditorAssemblies (548ms)
			LogAssemblyErrors (0ms)
			InitializePlatformSupportModulesInManaged (32ms)
			SetLoadedEditorAssemblies (4ms)
			RefreshPlugins (0ms)
			BeforeProcessingInitializeOnLoad (78ms)
			ProcessInitializeOnLoadAttributes (351ms)
			ProcessInitializeOnLoadMethodAttributes (72ms)
			AfterProcessingInitializeOnLoad (11ms)
			EditorAssembliesLoaded (0ms)
		ExecutionOrderSort2 (0ms)
		AwakeInstancesAfterBackupRestoration (8ms)
Launched and connected shader compiler UnityShaderCompiler.exe after 0.04 seconds
Refreshing native plugins compatible for Editor in 6.64 ms, found 4 plugins.
Preloading 0 native plugins for Editor in 0.00 ms.
Unloading 5349 Unused Serialized files (Serialized files now loaded: 0)
Unloading 37 unused Assets / (502.7 KB). Loaded Objects now: 5815.
Memory consumption went from 183.8 MB to 183.3 MB.
Total: 3.952400 ms (FindLiveObjects: 0.502100 ms CreateObjectMapping: 0.564900 ms MarkObjects: 2.696600 ms  DeleteObjects: 0.187600 ms)

AssetImportParameters requested are different than current active one (requested -> active):
  custom:container-demuxer-ogg: 62fdf1f143b41e24485cea50d1cbac27 -> 
  custom:video-codec-MediaFoundation-h265: 746d11721c4dcdbdad8f713fa42b33f4 -> 
  custom:video-decoder-ogg-theora: a1e56fd34408186e4bbccfd4996cb3dc -> 
  custom:framework-win-MediaFoundation: 216162199b28c13a410421893ffa2e32 -> 
  custom:CustomObjectIndexerAttribute: 9a22284fe3817be447336de3de66b15e -> 
  custom:container-demuxer-webm: 4f35f7cbe854078d1ac9338744f61a02 -> 
  custom:container-muxer-webm: aa71ff27fc2769a1b78a27578f13a17b -> 
  custom:video-decoder-webm-vp8: 9c59270c3fd7afecdb556c50c9e8de78 -> 
  custom:SearchIndexIgnoredProperties: e643bd26f0fe6173181afceb89e7c659 -> 
  custom:AudioImporter_EditorPlatform: d09bf68614088b80899f8185d706f6e7 -> 
  custom:video-encoder-webm-vp8: eb34c28f22e8b96e1ab97ce403110664 -> 
  custom:audio-decoder-ogg-vorbis: bf7c407c2cedff20999df2af8eb42d56 -> 
  custom:audio-encoder-webm-vorbis: bf7c407c2cedff20999df2af8eb42d56 -> 
========================================================================
Received Import Request.
  Time since last request: 1610.407957 seconds.
  path: Assets/Synty/PolygonGeneric/Textures/Generic_Carpet.png
  artifactKey: Guid(6aed47bab38a0024c8d66c70794d02f5) Importer(815301076,1909f56bfc062723c751e8b465ee728b)
Start importing Assets/Synty/PolygonGeneric/Textures/Generic_Carpet.png using Guid(6aed47bab38a0024c8d66c70794d02f5) Importer(815301076,1909f56bfc062723c751e8b465ee728b) [PhysX] Initialized MultithreadedTaskDispatcher with 12 workers.
[PhysX] Initialized MultithreadedTaskDispatcher with 12 workers.
 -> (artifact id: '7f98fa7bc8d1efface6a234875e6260d') in 0.165501 seconds
Number of updated asset objects reloaded before import = 0
Number of asset objects unloaded after import = 2
========================================================================
Received Import Request.
  Time since last request: 1.194766 seconds.
  path: Assets/Synty/PolygonGeneric/Materials/Alts
  artifactKey: Guid(0c9ee9f5c83e6b1428a641e5ee5c2250) Importer(815301076,1909f56bfc062723c751e8b465ee728b)
Start importing Assets/Synty/PolygonGeneric/Materials/Alts using Guid(0c9ee9f5c83e6b1428a641e5ee5c2250) Importer(815301076,1909f56bfc062723c751e8b465ee728b) [PhysX] Initialized MultithreadedTaskDispatcher with 12 workers.
 -> (artifact id: '234321dc0c47c414d191975ee5d53048') in 0.000540 seconds
Number of updated asset objects reloaded before import = 0
Number of asset objects unloaded after import = 0
========================================================================
Received Import Request.
  Time since last request: 0.092221 seconds.
  path: Assets/Synty/PolygonGeneric/Materials/Alts/Generic_01_A.mat
  artifactKey: Guid(2a95f9ff80948c643a57b9e94a98eb3f) Importer(815301076,1909f56bfc062723c751e8b465ee728b)
Start importing Assets/Synty/PolygonGeneric/Materials/Alts/Generic_01_A.mat using Guid(2a95f9ff80948c643a57b9e94a98eb3f) Importer(815301076,1909f56bfc062723c751e8b465ee728b) [PhysX] Initialized MultithreadedTaskDispatcher with 12 workers.
[PhysX] Initialized MultithreadedTaskDispatcher with 12 workers.
 -> (artifact id: '625ec8785a21c575bcc6764903f1a515') in 0.600679 seconds
Number of updated asset objects reloaded before import = 0
Number of asset objects unloaded after import = 4
========================================================================
Received Import Request.
  Time since last request: 0.000036 seconds.
  path: Assets/Synty/PolygonGeneric/Materials/Alts/Generic_02_B.mat
  artifactKey: Guid(a2f60fe228f9e874580a13729fe7349f) Importer(815301076,1909f56bfc062723c751e8b465ee728b)
Start importing Assets/Synty/PolygonGeneric/Materials/Alts/Generic_02_B.mat using Guid(a2f60fe228f9e874580a13729fe7349f) Importer(815301076,1909f56bfc062723c751e8b465ee728b) [PhysX] Initialized MultithreadedTaskDispatcher with 12 workers.
[PhysX] Initialized MultithreadedTaskDispatcher with 12 workers.
 -> (artifact id: 'ce3a5241a82ae3ed1fe31f59ae9bb8b7') in 1.187060 seconds
Number of updated asset objects reloaded before import = 0
Number of asset objects unloaded after import = 5
========================================================================
Received Import Request.
  Time since last request: 0.014126 seconds.
  path: Assets/Synty/PolygonGeneric/Materials/Alts/Generic_04_A.mat
  artifactKey: Guid(dc2400e7bec500841b343cfd7aa0e45e) Importer(815301076,1909f56bfc062723c751e8b465ee728b)
Start importing Assets/Synty/PolygonGeneric/Materials/Alts/Generic_04_A.mat using Guid(dc2400e7bec500841b343cfd7aa0e45e) Importer(815301076,1909f56bfc062723c751e8b465ee728b) [PhysX] Initialized MultithreadedTaskDispatcher with 12 workers.
[PhysX] Initialized MultithreadedTaskDispatcher with 12 workers.
 -> (artifact id: '51b52966a4b2fdf34a055a8f6eeb32c7') in 0.428705 seconds
Number of updated asset objects reloaded before import = 0
Number of asset objects unloaded after import = 5
========================================================================
Received Import Request.
  Time since last request: 0.000051 seconds.
  path: Assets/Synty/PolygonGeneric/Materials/Alts/Generic_04_C.mat
  artifactKey: Guid(e9fc825d478598f4b9aa8700d6a296a7) Importer(815301076,1909f56bfc062723c751e8b465ee728b)
Start importing Assets/Synty/PolygonGeneric/Materials/Alts/Generic_04_C.mat using Guid(e9fc825d478598f4b9aa8700d6a296a7) Importer(815301076,1909f56bfc062723c751e8b465ee728b) [PhysX] Initialized MultithreadedTaskDispatcher with 12 workers.
[PhysX] Initialized MultithreadedTaskDispatcher with 12 workers.
 -> (artifact id: 'fb66a20f1aab67c9f110c929072d32ea') in 0.409902 seconds
Number of updated asset objects reloaded before import = 0
Number of asset objects unloaded after import = 5
========================================================================
Received Import Request.
  Time since last request: 0.000038 seconds.
  path: Assets/Synty/PolygonGeneric/Materials/Alts/Generic_03_B.mat
  artifactKey: Guid(2c8da63484b4e9142a4b822e5c3daf57) Importer(815301076,1909f56bfc062723c751e8b465ee728b)
Start importing Assets/Synty/PolygonGeneric/Materials/Alts/Generic_03_B.mat using Guid(2c8da63484b4e9142a4b822e5c3daf57) Importer(815301076,1909f56bfc062723c751e8b465ee728b) [PhysX] Initialized MultithreadedTaskDispatcher with 12 workers.
[PhysX] Initialized MultithreadedTaskDispatcher with 12 workers.
 -> (artifact id: '26683c57f446da46b11df7e0e650e9bd') in 0.373437 seconds
Number of updated asset objects reloaded before import = 0
Number of asset objects unloaded after import = 5
========================================================================
Received Import Request.
  Time since last request: 32.358583 seconds.
  path: Assets/Synty/PolygonGeneric/Models/SM_Gen_Prop_Chain_02.fbx
  artifactKey: Guid(b43e871308836f841829d8d0be97ccb5) Importer(815301076,1909f56bfc062723c751e8b465ee728b)
Start importing Assets/Synty/PolygonGeneric/Models/SM_Gen_Prop_Chain_02.fbx using Guid(b43e871308836f841829d8d0be97ccb5) Importer(815301076,1909f56bfc062723c751e8b465ee728b) [PhysX] Initialized MultithreadedTaskDispatcher with 12 workers.
[PhysX] Initialized MultithreadedTaskDispatcher with 12 workers.
[PhysX] Initialized MultithreadedTaskDispatcher with 12 workers.
 -> (artifact id: '8efd6b2acd29dcdfd0f8949ca529648c') in 0.059582 seconds
Number of updated asset objects reloaded before import = 0
Number of asset objects unloaded after import = 7
========================================================================
Received Import Request.
  Time since last request: 0.000024 seconds.
  path: Assets/Synty/PolygonGeneric/Models/SM_Gen_Prop_Chair_01.fbx
  artifactKey: Guid(239b8ec71ef4aa742852b91a34db02ea) Importer(815301076,1909f56bfc062723c751e8b465ee728b)
Start importing Assets/Synty/PolygonGeneric/Models/SM_Gen_Prop_Chair_01.fbx using Guid(239b8ec71ef4aa742852b91a34db02ea) Importer(815301076,1909f56bfc062723c751e8b465ee728b) [PhysX] Initialized MultithreadedTaskDispatcher with 12 workers.
[PhysX] Initialized MultithreadedTaskDispatcher with 12 workers.
[PhysX] Initialized MultithreadedTaskDispatcher with 12 workers.
 -> (artifact id: '425e709912841395499b34b9ca457b87') in 0.031920 seconds
Number of updated asset objects reloaded before import = 0
Number of asset objects unloaded after import = 7
========================================================================
Received Import Request.
  Time since last request: 0.011022 seconds.
  path: Assets/Synty/PolygonGeneric/Models/SM_Gen_Prop_Coin_Pile_01.fbx
  artifactKey: Guid(e80a40f6ec034b34eb4c93426f268bec) Importer(815301076,1909f56bfc062723c751e8b465ee728b)
Start importing Assets/Synty/PolygonGeneric/Models/SM_Gen_Prop_Coin_Pile_01.fbx using Guid(e80a40f6ec034b34eb4c93426f268bec) Importer(815301076,1909f56bfc062723c751e8b465ee728b) [PhysX] Initialized MultithreadedTaskDispatcher with 12 workers.
[PhysX] Initialized MultithreadedTaskDispatcher with 12 workers.
[PhysX] Initialized MultithreadedTaskDispatcher with 12 workers.
 -> (artifact id: '843bbbd846e0659fc02b5476ca0828c4') in 0.026167 seconds
Number of updated asset objects reloaded before import = 0
Number of asset objects unloaded after import = 7
========================================================================
Received Import Request.
  Time since last request: 0.000025 seconds.
  path: Assets/Synty/PolygonGeneric/Models/SM_Gen_Prop_Crate_03.fbx
  artifactKey: Guid(7f6cdf756ba621d4c91d98f0b8d01836) Importer(815301076,1909f56bfc062723c751e8b465ee728b)
Start importing Assets/Synty/PolygonGeneric/Models/SM_Gen_Prop_Crate_03.fbx using Guid(7f6cdf756ba621d4c91d98f0b8d01836) Importer(815301076,1909f56bfc062723c751e8b465ee728b) [PhysX] Initialized MultithreadedTaskDispatcher with 12 workers.
[PhysX] Initialized MultithreadedTaskDispatcher with 12 workers.
[PhysX] Initialized MultithreadedTaskDispatcher with 12 workers.
 -> (artifact id: '4fa81ebf72fa8fec6712b24728982b99') in 0.024801 seconds
Number of updated asset objects reloaded before import = 0
Number of asset objects unloaded after import = 7
========================================================================
Received Import Request.
  Time since last request: 0.000034 seconds.
  path: Assets/Synty/PolygonGeneric/Models/SM_Gen_Prop_Crate_02.fbx
  artifactKey: Guid(0ff7646f0f3e7674d8ca92ca8c29bfa4) Importer(815301076,1909f56bfc062723c751e8b465ee728b)
Start importing Assets/Synty/PolygonGeneric/Models/SM_Gen_Prop_Crate_02.fbx using Guid(0ff7646f0f3e7674d8ca92ca8c29bfa4) Importer(815301076,1909f56bfc062723c751e8b465ee728b) [PhysX] Initialized MultithreadedTaskDispatcher with 12 workers.
[PhysX] Initialized MultithreadedTaskDispatcher with 12 workers.
[PhysX] Initialized MultithreadedTaskDispatcher with 12 workers.
 -> (artifact id: 'cd964550ce26963f2fd901a7f29f4446') in 0.021719 seconds
Number of updated asset objects reloaded before import = 0
Number of asset objects unloaded after import = 7
========================================================================
Received Import Request.
  Time since last request: 0.622358 seconds.
  path: Assets/Synty/PolygonGeneric/Models/SM_Gen_Prop_Food_Bread_01.fbx
  artifactKey: Guid(327e962d37705fd418a24cc097a1cc70) Importer(815301076,1909f56bfc062723c751e8b465ee728b)
Start importing Assets/Synty/PolygonGeneric/Models/SM_Gen_Prop_Food_Bread_01.fbx using Guid(327e962d37705fd418a24cc097a1cc70) Importer(815301076,1909f56bfc062723c751e8b465ee728b) [PhysX] Initialized MultithreadedTaskDispatcher with 12 workers.
[PhysX] Initialized MultithreadedTaskDispatcher with 12 workers.
[PhysX] Initialized MultithreadedTaskDispatcher with 12 workers.
 -> (artifact id: '7e6cb89312d6826a820a63928a3caf1a') in 0.019720 seconds
Number of updated asset objects reloaded before import = 0
Number of asset objects unloaded after import = 7
========================================================================
Received Import Request.
  Time since last request: 0.000026 seconds.
  path: Assets/Synty/PolygonGeneric/Models/SM_Gen_Prop_Food_Meat_02.fbx
  artifactKey: Guid(9e97e1ec9a636274897191cf50e9555c) Importer(815301076,1909f56bfc062723c751e8b465ee728b)
Start importing Assets/Synty/PolygonGeneric/Models/SM_Gen_Prop_Food_Meat_02.fbx using Guid(9e97e1ec9a636274897191cf50e9555c) Importer(815301076,1909f56bfc062723c751e8b465ee728b) [PhysX] Initialized MultithreadedTaskDispatcher with 12 workers.
[PhysX] Initialized MultithreadedTaskDispatcher with 12 workers.
[PhysX] Initialized MultithreadedTaskDispatcher with 12 workers.
 -> (artifact id: '18076988f24e98bf8cd353ccc92dd2b6') in 0.020497 seconds
Number of updated asset objects reloaded before import = 0
Number of asset objects unloaded after import = 7
========================================================================
Received Import Request.
  Time since last request: 0.000020 seconds.
  path: Assets/Synty/PolygonGeneric/Models/SM_Gen_Prop_Food_Meat_05.fbx
  artifactKey: Guid(28737437285fafa4191da96d361ceee7) Importer(815301076,1909f56bfc062723c751e8b465ee728b)
Start importing Assets/Synty/PolygonGeneric/Models/SM_Gen_Prop_Food_Meat_05.fbx using Guid(28737437285fafa4191da96d361ceee7) Importer(815301076,1909f56bfc062723c751e8b465ee728b) [PhysX] Initialized MultithreadedTaskDispatcher with 12 workers.
[PhysX] Initialized MultithreadedTaskDispatcher with 12 workers.
[PhysX] Initialized MultithreadedTaskDispatcher with 12 workers.
 -> (artifact id: '43b6d79bb75c91aff53f12785a6105b2') in 0.017210 seconds
Number of updated asset objects reloaded before import = 0
Number of asset objects unloaded after import = 7
========================================================================
Received Import Request.
  Time since last request: 0.128567 seconds.
  path: Assets/Synty/PolygonGeneric/Models/SM_Gen_Prop_Food_Vegetable_01.fbx
  artifactKey: Guid(ed0b1b7a72a992045aa98b3e6b605ef2) Importer(815301076,1909f56bfc062723c751e8b465ee728b)
Start importing Assets/Synty/PolygonGeneric/Models/SM_Gen_Prop_Food_Vegetable_01.fbx using Guid(ed0b1b7a72a992045aa98b3e6b605ef2) Importer(815301076,1909f56bfc062723c751e8b465ee728b) [PhysX] Initialized MultithreadedTaskDispatcher with 12 workers.
[PhysX] Initialized MultithreadedTaskDispatcher with 12 workers.
[PhysX] Initialized MultithreadedTaskDispatcher with 12 workers.
 -> (artifact id: '36673f7570a7c0135b634a5909e1a690') in 0.017053 seconds
Number of updated asset objects reloaded before import = 0
Number of asset objects unloaded after import = 7
========================================================================
Received Import Request.
  Time since last request: 0.000019 seconds.
  path: Assets/Synty/PolygonGeneric/Models/SM_Gen_Prop_Food_Vegetable_06.fbx
  artifactKey: Guid(4d6dfdff559e73f46ad57bca39b1bac5) Importer(815301076,1909f56bfc062723c751e8b465ee728b)
Start importing Assets/Synty/PolygonGeneric/Models/SM_Gen_Prop_Food_Vegetable_06.fbx using Guid(4d6dfdff559e73f46ad57bca39b1bac5) Importer(815301076,1909f56bfc062723c751e8b465ee728b) [PhysX] Initialized MultithreadedTaskDispatcher with 12 workers.
[PhysX] Initialized MultithreadedTaskDispatcher with 12 workers.
[PhysX] Initialized MultithreadedTaskDispatcher with 12 workers.
 -> (artifact id: '3bb0625b34ab7065ffba013f1b644c61') in 0.016926 seconds
Number of updated asset objects reloaded before import = 0
Number of asset objects unloaded after import = 7
========================================================================
Received Import Request.
  Time since last request: 0.000016 seconds.
  path: Assets/Synty/PolygonGeneric/Models/SM_Gen_Prop_Key_01.fbx
  artifactKey: Guid(04933c45a0a5dfe44bb714276bc692e0) Importer(815301076,1909f56bfc062723c751e8b465ee728b)
Start importing Assets/Synty/PolygonGeneric/Models/SM_Gen_Prop_Key_01.fbx using Guid(04933c45a0a5dfe44bb714276bc692e0) Importer(815301076,1909f56bfc062723c751e8b465ee728b) [PhysX] Initialized MultithreadedTaskDispatcher with 12 workers.
[PhysX] Initialized MultithreadedTaskDispatcher with 12 workers.
[PhysX] Initialized MultithreadedTaskDispatcher with 12 workers.
 -> (artifact id: 'a0f8a662a1926305b967bcc3575defd8') in 0.020039 seconds
Number of updated asset objects reloaded before import = 0
Number of asset objects unloaded after import = 7
========================================================================
Received Import Request.
  Time since last request: 0.478401 seconds.
  path: Assets/Synty/PolygonGeneric/Models/SM_Gen_Prop_Keypad_01.fbx
  artifactKey: Guid(59180dc247f95684f802378c90aa502e) Importer(815301076,1909f56bfc062723c751e8b465ee728b)
Start importing Assets/Synty/PolygonGeneric/Models/SM_Gen_Prop_Keypad_01.fbx using Guid(59180dc247f95684f802378c90aa502e) Importer(815301076,1909f56bfc062723c751e8b465ee728b) [PhysX] Initialized MultithreadedTaskDispatcher with 12 workers.
[PhysX] Initialized MultithreadedTaskDispatcher with 12 workers.
[PhysX] Initialized MultithreadedTaskDispatcher with 12 workers.
[PhysX] Initialized MultithreadedTaskDispatcher with 12 workers.
[PhysX] Initialized MultithreadedTaskDispatcher with 12 workers.
[PhysX] Initialized MultithreadedTaskDispatcher with 12 workers.
[PhysX] Initialized MultithreadedTaskDispatcher with 12 workers.
[PhysX] Initialized MultithreadedTaskDispatcher with 12 workers.
[PhysX] Initialized MultithreadedTaskDispatcher with 12 workers.
[PhysX] Initialized MultithreadedTaskDispatcher with 12 workers.
[PhysX] Initialized MultithreadedTaskDispatcher with 12 workers.
[PhysX] Initialized MultithreadedTaskDispatcher with 12 workers.
[PhysX] Initialized MultithreadedTaskDispatcher with 12 workers.
[PhysX] Initialized MultithreadedTaskDispatcher with 12 workers.
[PhysX] Initialized MultithreadedTaskDispatcher with 12 workers.
[PhysX] Initialized MultithreadedTaskDispatcher with 12 workers.
[PhysX] Initialized MultithreadedTaskDispatcher with 12 workers.
[PhysX] Initialized MultithreadedTaskDispatcher with 12 workers.
[PhysX] Initialized MultithreadedTaskDispatcher with 12 workers.
[PhysX] Initialized MultithreadedTaskDispatcher with 12 workers.
[PhysX] Initialized MultithreadedTaskDispatcher with 12 workers.
[PhysX] Initialized MultithreadedTaskDispatcher with 12 workers.
[PhysX] Initialized MultithreadedTaskDispatcher with 12 workers.
 -> (artifact id: '4f098dcda6741e589b42c99559f2a4d2') in 0.093265 seconds
Number of updated asset objects reloaded before import = 0
Number of asset objects unloaded after import = 57
========================================================================
Received Import Request.
  Time since last request: 0.621422 seconds.
  path: Assets/Synty/PolygonGeneric/Models/SM_Gen_Prop_Medkit_01.fbx
  artifactKey: Guid(eaa5566e94ad22d47b3eb4a3c6d12ed9) Importer(815301076,1909f56bfc062723c751e8b465ee728b)
Start importing Assets/Synty/PolygonGeneric/Models/SM_Gen_Prop_Medkit_01.fbx using Guid(eaa5566e94ad22d47b3eb4a3c6d12ed9) Importer(815301076,1909f56bfc062723c751e8b465ee728b) [PhysX] Initialized MultithreadedTaskDispatcher with 12 workers.
[PhysX] Initialized MultithreadedTaskDispatcher with 12 workers.
[PhysX] Initialized MultithreadedTaskDispatcher with 12 workers.
[PhysX] Initialized MultithreadedTaskDispatcher with 12 workers.
[PhysX] Initialized MultithreadedTaskDispatcher with 12 workers.
 -> (artifact id: '82f0f1e375f9a85b9c4eb718350ef69e') in 0.026493 seconds
Number of updated asset objects reloaded before import = 0
Number of asset objects unloaded after import = 12
========================================================================
Received Import Request.
  Time since last request: 0.000021 seconds.
  path: Assets/Synty/PolygonGeneric/Models/SM_Gen_Prop_Papers_06.fbx
  artifactKey: Guid(cc352943fa2fad0458590d06b929124c) Importer(815301076,1909f56bfc062723c751e8b465ee728b)
Start importing Assets/Synty/PolygonGeneric/Models/SM_Gen_Prop_Papers_06.fbx using Guid(cc352943fa2fad0458590d06b929124c) Importer(815301076,1909f56bfc062723c751e8b465ee728b) [PhysX] Initialized MultithreadedTaskDispatcher with 12 workers.
[PhysX] Initialized MultithreadedTaskDispatcher with 12 workers.
[PhysX] Initialized MultithreadedTaskDispatcher with 12 workers.
 -> (artifact id: '64dbf36276371a94a35cbc29463a6380') in 0.020663 seconds
Number of updated asset objects reloaded before import = 0
Number of asset objects unloaded after import = 7
========================================================================
Received Import Request.
  Time since last request: 0.078608 seconds.
  path: Assets/Synty/PolygonGeneric/Models/SM_Gen_Prop_Plank_02.fbx
  artifactKey: Guid(06871743394a94848bb81e16e53a72ac) Importer(815301076,1909f56bfc062723c751e8b465ee728b)
Start importing Assets/Synty/PolygonGeneric/Models/SM_Gen_Prop_Plank_02.fbx using Guid(06871743394a94848bb81e16e53a72ac) Importer(815301076,1909f56bfc062723c751e8b465ee728b) [PhysX] Initialized MultithreadedTaskDispatcher with 12 workers.
[PhysX] Initialized MultithreadedTaskDispatcher with 12 workers.
[PhysX] Initialized MultithreadedTaskDispatcher with 12 workers.
 -> (artifact id: '0180fca88fe72a7e86f6934a56d69a3b') in 0.017291 seconds
Number of updated asset objects reloaded before import = 0
Number of asset objects unloaded after import = 7
========================================================================
Received Import Request.
  Time since last request: 0.000020 seconds.
  path: Assets/Synty/PolygonGeneric/Models/SM_Gen_Prop_Pot_03.fbx
  artifactKey: Guid(f877a3e393319a24da2c6d538b70d17c) Importer(815301076,1909f56bfc062723c751e8b465ee728b)
Start importing Assets/Synty/PolygonGeneric/Models/SM_Gen_Prop_Pot_03.fbx using Guid(f877a3e393319a24da2c6d538b70d17c) Importer(815301076,1909f56bfc062723c751e8b465ee728b) [PhysX] Initialized MultithreadedTaskDispatcher with 12 workers.
[PhysX] Initialized MultithreadedTaskDispatcher with 12 workers.
[PhysX] Initialized MultithreadedTaskDispatcher with 12 workers.
 -> (artifact id: 'aaa2c7d815e41ec710ee442c4a074f2a') in 0.019346 seconds
Number of updated asset objects reloaded before import = 0
Number of asset objects unloaded after import = 7
========================================================================
Received Import Request.
  Time since last request: 0.000019 seconds.
  path: Assets/Synty/PolygonGeneric/Models/SM_Gen_Prop_Pot_01.fbx
  artifactKey: Guid(f3c0c68dd06573546aef608a411cf5b9) Importer(815301076,1909f56bfc062723c751e8b465ee728b)
Start importing Assets/Synty/PolygonGeneric/Models/SM_Gen_Prop_Pot_01.fbx using Guid(f3c0c68dd06573546aef608a411cf5b9) Importer(815301076,1909f56bfc062723c751e8b465ee728b) [PhysX] Initialized MultithreadedTaskDispatcher with 12 workers.
[PhysX] Initialized MultithreadedTaskDispatcher with 12 workers.
[PhysX] Initialized MultithreadedTaskDispatcher with 12 workers.
 -> (artifact id: '0e307b150c63425b15b562b727122837') in 0.018051 seconds
Number of updated asset objects reloaded before import = 0
Number of asset objects unloaded after import = 7
========================================================================
Received Import Request.
  Time since last request: 1.673183 seconds.
  path: Assets/Synty/PolygonGeneric/Models/SM_Gen_Prop_Potion_01.fbx
  artifactKey: Guid(eb338bd4c09f3ce4bb4c63e8e4ccc4a8) Importer(815301076,1909f56bfc062723c751e8b465ee728b)
Start importing Assets/Synty/PolygonGeneric/Models/SM_Gen_Prop_Potion_01.fbx using Guid(eb338bd4c09f3ce4bb4c63e8e4ccc4a8) Importer(815301076,1909f56bfc062723c751e8b465ee728b) [PhysX] Initialized MultithreadedTaskDispatcher with 12 workers.
[PhysX] Initialized MultithreadedTaskDispatcher with 12 workers.
[PhysX] Initialized MultithreadedTaskDispatcher with 12 workers.
 -> (artifact id: '7ec085f4b2ae43a0fcb1682d3c530c19') in 0.019560 seconds
Number of updated asset objects reloaded before import = 0
Number of asset objects unloaded after import = 7
========================================================================
Received Import Request.
  Time since last request: 0.000023 seconds.
  path: Assets/Synty/PolygonGeneric/Models/SM_Gen_Prop_Sack_01.fbx
  artifactKey: Guid(c8dfd738819d15f4da88a11855fa34ab) Importer(815301076,1909f56bfc062723c751e8b465ee728b)
Start importing Assets/Synty/PolygonGeneric/Models/SM_Gen_Prop_Sack_01.fbx using Guid(c8dfd738819d15f4da88a11855fa34ab) Importer(815301076,1909f56bfc062723c751e8b465ee728b) [PhysX] Initialized MultithreadedTaskDispatcher with 12 workers.
[PhysX] Initialized MultithreadedTaskDispatcher with 12 workers.
[PhysX] Initialized MultithreadedTaskDispatcher with 12 workers.
 -> (artifact id: '48fad450c2b36e6d45bf471dd2051a16') in 0.018591 seconds
Number of updated asset objects reloaded before import = 0
Number of asset objects unloaded after import = 7
========================================================================
Received Import Request.
  Time since last request: 0.000017 seconds.
  path: Assets/Synty/PolygonGeneric/Models/SM_Gen_Prop_Sack_03.fbx
  artifactKey: Guid(d39e1aeea6621d2448bdbabf1eeb9438) Importer(815301076,1909f56bfc062723c751e8b465ee728b)
Start importing Assets/Synty/PolygonGeneric/Models/SM_Gen_Prop_Sack_03.fbx using Guid(d39e1aeea6621d2448bdbabf1eeb9438) Importer(815301076,1909f56bfc062723c751e8b465ee728b) [PhysX] Initialized MultithreadedTaskDispatcher with 12 workers.
[PhysX] Initialized MultithreadedTaskDispatcher with 12 workers.
[PhysX] Initialized MultithreadedTaskDispatcher with 12 workers.
 -> (artifact id: '80ecc0a51322e58abe2f0965f6b4ed75') in 0.027425 seconds
Number of updated asset objects reloaded before import = 0
Number of asset objects unloaded after import = 7
========================================================================
Received Import Request.
  Time since last request: 0.710367 seconds.
  path: Assets/Synty/PolygonGeneric/Models/SM_Gen_Prop_Sack_04.fbx
  artifactKey: Guid(3163db736625bc84dae4c38a804df6eb) Importer(815301076,1909f56bfc062723c751e8b465ee728b)
Start importing Assets/Synty/PolygonGeneric/Models/SM_Gen_Prop_Sack_04.fbx using Guid(3163db736625bc84dae4c38a804df6eb) Importer(815301076,1909f56bfc062723c751e8b465ee728b) [PhysX] Initialized MultithreadedTaskDispatcher with 12 workers.
[PhysX] Initialized MultithreadedTaskDispatcher with 12 workers.
[PhysX] Initialized MultithreadedTaskDispatcher with 12 workers.
 -> (artifact id: '4e3c2481f653d69a5e37b4154b1e399a') in 0.024549 seconds
Number of updated asset objects reloaded before import = 0
Number of asset objects unloaded after import = 7
========================================================================
Received Import Request.
  Time since last request: 0.000026 seconds.
  path: Assets/Synty/PolygonGeneric/Models/SM_Gen_Prop_Shelf_02.fbx
  artifactKey: Guid(4738f19dd27cba949bf1627ab0a7baa1) Importer(815301076,1909f56bfc062723c751e8b465ee728b)
Start importing Assets/Synty/PolygonGeneric/Models/SM_Gen_Prop_Shelf_02.fbx using Guid(4738f19dd27cba949bf1627ab0a7baa1) Importer(815301076,1909f56bfc062723c751e8b465ee728b) [PhysX] Initialized MultithreadedTaskDispatcher with 12 workers.
[PhysX] Initialized MultithreadedTaskDispatcher with 12 workers.
[PhysX] Initialized MultithreadedTaskDispatcher with 12 workers.
 -> (artifact id: '1766de10e6154e41e627de93d90ae937') in 0.023818 seconds
Number of updated asset objects reloaded before import = 0
Number of asset objects unloaded after import = 7
========================================================================
Received Import Request.
  Time since last request: 0.000036 seconds.
  path: Assets/Synty/PolygonGeneric/Models/SM_Gen_Prop_Shelf_03.fbx
  artifactKey: Guid(a612466d86f40c84b9c347225c24bcf1) Importer(815301076,1909f56bfc062723c751e8b465ee728b)
Start importing Assets/Synty/PolygonGeneric/Models/SM_Gen_Prop_Shelf_03.fbx using Guid(a612466d86f40c84b9c347225c24bcf1) Importer(815301076,1909f56bfc062723c751e8b465ee728b) [PhysX] Initialized MultithreadedTaskDispatcher with 12 workers.
[PhysX] Initialized MultithreadedTaskDispatcher with 12 workers.
[PhysX] Initialized MultithreadedTaskDispatcher with 12 workers.
 -> (artifact id: '18acf4c77d63b72e96572173e8cc4ec5') in 0.025130 seconds
Number of updated asset objects reloaded before import = 0
Number of asset objects unloaded after import = 7
========================================================================
Received Import Request.
  Time since last request: 0.191070 seconds.
  path: Assets/Synty/PolygonGeneric/Models/SM_Gen_Prop_Skull_01.fbx
  artifactKey: Guid(af5b93fccbd0a0243a0d6deaa5a43e0a) Importer(815301076,1909f56bfc062723c751e8b465ee728b)
Start importing Assets/Synty/PolygonGeneric/Models/SM_Gen_Prop_Skull_01.fbx using Guid(af5b93fccbd0a0243a0d6deaa5a43e0a) Importer(815301076,1909f56bfc062723c751e8b465ee728b) [PhysX] Initialized MultithreadedTaskDispatcher with 12 workers.
[PhysX] Initialized MultithreadedTaskDispatcher with 12 workers.
[PhysX] Initialized MultithreadedTaskDispatcher with 12 workers.
 -> (artifact id: 'ef4c42b874f39157c5342c82fec5948c') in 0.021130 seconds
Number of updated asset objects reloaded before import = 0
Number of asset objects unloaded after import = 7
========================================================================
Received Import Request.
  Time since last request: 0.000023 seconds.
  path: Assets/Synty/PolygonGeneric/Models/SM_Gen_Prop_Switch_01.fbx
  artifactKey: Guid(50c5615b72013494b92bbf67802dbfa3) Importer(815301076,1909f56bfc062723c751e8b465ee728b)
Start importing Assets/Synty/PolygonGeneric/Models/SM_Gen_Prop_Switch_01.fbx using Guid(50c5615b72013494b92bbf67802dbfa3) Importer(815301076,1909f56bfc062723c751e8b465ee728b) [PhysX] Initialized MultithreadedTaskDispatcher with 12 workers.
[PhysX] Initialized MultithreadedTaskDispatcher with 12 workers.
[PhysX] Initialized MultithreadedTaskDispatcher with 12 workers.
[PhysX] Initialized MultithreadedTaskDispatcher with 12 workers.
[PhysX] Initialized MultithreadedTaskDispatcher with 12 workers.
 -> (artifact id: 'a11484201a931577888060e68a94f9bc') in 0.030431 seconds
Number of updated asset objects reloaded before import = 0
Number of asset objects unloaded after import = 12
========================================================================
Received Import Request.
  Time since last request: 0.645961 seconds.
  path: Assets/Synty/PolygonGeneric/Models/SM_Gen_Wep_Axe_01.fbx
  artifactKey: Guid(e5bb741599bcc324b80d0fa4450e6d38) Importer(815301076,1909f56bfc062723c751e8b465ee728b)
Start importing Assets/Synty/PolygonGeneric/Models/SM_Gen_Wep_Axe_01.fbx using Guid(e5bb741599bcc324b80d0fa4450e6d38) Importer(815301076,1909f56bfc062723c751e8b465ee728b) [PhysX] Initialized MultithreadedTaskDispatcher with 12 workers.
[PhysX] Initialized MultithreadedTaskDispatcher with 12 workers.
[PhysX] Initialized MultithreadedTaskDispatcher with 12 workers.
 -> (artifact id: '300824a2a5ee1a992ed0c4ab44dea8ef') in 0.017999 seconds
Number of updated asset objects reloaded before import = 0
Number of asset objects unloaded after import = 7
========================================================================
Received Import Request.
  Time since last request: 23.423370 seconds.
  path: Assets/Synty/PolygonGeneric/Models/Base/SM_Bld_Base_Pillar_Half_03.fbx
  artifactKey: Guid(fa3f3266a6fb24240a8d1220c0a1ec03) Importer(815301076,1909f56bfc062723c751e8b465ee728b)
Start importing Assets/Synty/PolygonGeneric/Models/Base/SM_Bld_Base_Pillar_Half_03.fbx using Guid(fa3f3266a6fb24240a8d1220c0a1ec03) Importer(815301076,1909f56bfc062723c751e8b465ee728b) [PhysX] Initialized MultithreadedTaskDispatcher with 12 workers.
[PhysX] Initialized MultithreadedTaskDispatcher with 12 workers.
[PhysX] Initialized MultithreadedTaskDispatcher with 12 workers.
 -> (artifact id: '92b360694ddec1dc31aef73f16de04a1') in 0.019169 seconds
Number of updated asset objects reloaded before import = 0
Number of asset objects unloaded after import = 7
========================================================================
Received Import Request.
  Time since last request: 0.000026 seconds.
  path: Assets/Synty/PolygonGeneric/Models/Base/SM_Bld_Base_Roof_Cap_Angle_Half_01.fbx
  artifactKey: Guid(d620d714fccc71c4ab26aff8d69d1676) Importer(815301076,1909f56bfc062723c751e8b465ee728b)
Start importing Assets/Synty/PolygonGeneric/Models/Base/SM_Bld_Base_Roof_Cap_Angle_Half_01.fbx using Guid(d620d714fccc71c4ab26aff8d69d1676) Importer(815301076,1909f56bfc062723c751e8b465ee728b) [PhysX] Initialized MultithreadedTaskDispatcher with 12 workers.
[PhysX] Initialized MultithreadedTaskDispatcher with 12 workers.
[PhysX] Initialized MultithreadedTaskDispatcher with 12 workers.
 -> (artifact id: 'a1a8e5b3c4de897bd4002194008055ac') in 0.026557 seconds
Number of updated asset objects reloaded before import = 0
Number of asset objects unloaded after import = 7
========================================================================
Received Import Request.
  Time since last request: 0.000039 seconds.
  path: Assets/Synty/PolygonGeneric/Models/Base/SM_Bld_Base_Roof_Cap_01.fbx
  artifactKey: Guid(90a2dab5bbd5f11409419a62d7436f86) Importer(815301076,1909f56bfc062723c751e8b465ee728b)
Start importing Assets/Synty/PolygonGeneric/Models/Base/SM_Bld_Base_Roof_Cap_01.fbx using Guid(90a2dab5bbd5f11409419a62d7436f86) Importer(815301076,1909f56bfc062723c751e8b465ee728b) [PhysX] Initialized MultithreadedTaskDispatcher with 12 workers.
[PhysX] Initialized MultithreadedTaskDispatcher with 12 workers.
[PhysX] Initialized MultithreadedTaskDispatcher with 12 workers.
 -> (artifact id: 'a11adb3a6fe0cd2d91de3893a189af94') in 0.027044 seconds
Number of updated asset objects reloaded before import = 0
Number of asset objects unloaded after import = 7
========================================================================
Received Import Request.
  Time since last request: 1.217351 seconds.
  path: Assets/Synty/PolygonGeneric/Models/Base/Collision
  artifactKey: Guid(5bcd7fb7d2b6cfc4a866fb9faab7a424) Importer(815301076,1909f56bfc062723c751e8b465ee728b)
Start importing Assets/Synty/PolygonGeneric/Models/Base/Collision using Guid(5bcd7fb7d2b6cfc4a866fb9faab7a424) Importer(815301076,1909f56bfc062723c751e8b465ee728b) [PhysX] Initialized MultithreadedTaskDispatcher with 12 workers.
 -> (artifact id: '3a09708681efe47ec86d445b8cc66102') in 0.000593 seconds
Number of updated asset objects reloaded before import = 0
Number of asset objects unloaded after import = 0
========================================================================
Received Import Request.
  Time since last request: 0.054782 seconds.
  path: Assets/Synty/PolygonGeneric/Models/Base/Collision/SM_Bld_Base_Stairs_01_Collision.fbx
  artifactKey: Guid(b1fd70ecbc0db2d45bfabc88357f8e1c) Importer(815301076,1909f56bfc062723c751e8b465ee728b)
Start importing Assets/Synty/PolygonGeneric/Models/Base/Collision/SM_Bld_Base_Stairs_01_Collision.fbx using Guid(b1fd70ecbc0db2d45bfabc88357f8e1c) Importer(815301076,1909f56bfc062723c751e8b465ee728b) [PhysX] Initialized MultithreadedTaskDispatcher with 12 workers.
[PhysX] Initialized MultithreadedTaskDispatcher with 12 workers.
[PhysX] Initialized MultithreadedTaskDispatcher with 12 workers.
 -> (artifact id: 'a2cd9fc2207f2ec30b1cf72831905783') in 0.026389 seconds
Number of updated asset objects reloaded before import = 0
Number of asset objects unloaded after import = 7
========================================================================
Received Import Request.
  Time since last request: 0.000015 seconds.
  path: Assets/Synty/PolygonGeneric/Models/Base/Collision/SM_Bld_Base_Wall_Door_Double_01_Collision.fbx
  artifactKey: Guid(0f3998642b5e15f48abe1833b7c24ac0) Importer(815301076,1909f56bfc062723c751e8b465ee728b)
Start importing Assets/Synty/PolygonGeneric/Models/Base/Collision/SM_Bld_Base_Wall_Door_Double_01_Collision.fbx using Guid(0f3998642b5e15f48abe1833b7c24ac0) Importer(815301076,1909f56bfc062723c751e8b465ee728b) [PhysX] Initialized MultithreadedTaskDispatcher with 12 workers.
[PhysX] Initialized MultithreadedTaskDispatcher with 12 workers.
[PhysX] Initialized MultithreadedTaskDispatcher with 12 workers.
 -> (artifact id: '7678805532c8929395d7abffd233329a') in 0.027926 seconds
Number of updated asset objects reloaded before import = 0
Number of asset objects unloaded after import = 7
========================================================================
Received Import Request.
  Time since last request: 4.268347 seconds.
  path: Assets/Synty/PolygonGeneric/Models/Collision
  artifactKey: Guid(1be1c7786e101954ea20185450680aba) Importer(815301076,1909f56bfc062723c751e8b465ee728b)
Start importing Assets/Synty/PolygonGeneric/Models/Collision using Guid(1be1c7786e101954ea20185450680aba) Importer(815301076,1909f56bfc062723c751e8b465ee728b) [PhysX] Initialized MultithreadedTaskDispatcher with 12 workers.
 -> (artifact id: '91ecf0f31882cd4b3a11e57634eb1147') in 0.000485 seconds
Number of updated asset objects reloaded before import = 0
Number of asset objects unloaded after import = 0
========================================================================
Received Import Request.
  Time since last request: 0.087444 seconds.
  path: Assets/Synty/PolygonGeneric/Models/Collision/SM_Gen_Beam_01_Convex.fbx
  artifactKey: Guid(e2136d048afeef44396a14590803e28a) Importer(815301076,1909f56bfc062723c751e8b465ee728b)
Start importing Assets/Synty/PolygonGeneric/Models/Collision/SM_Gen_Beam_01_Convex.fbx using Guid(e2136d048afeef44396a14590803e28a) Importer(815301076,1909f56bfc062723c751e8b465ee728b) [PhysX] Initialized MultithreadedTaskDispatcher with 12 workers.
[PhysX] Initialized MultithreadedTaskDispatcher with 12 workers.
[PhysX] Initialized MultithreadedTaskDispatcher with 12 workers.
[PhysX] Initialized MultithreadedTaskDispatcher with 12 workers.
 -> (artifact id: 'eea3e39dd954c4b54b037f3940174706') in 0.214146 seconds
Number of updated asset objects reloaded before import = 0
Number of asset objects unloaded after import = 8
========================================================================
Received Import Request.
  Time since last request: 0.000027 seconds.
  path: Assets/Synty/PolygonGeneric/Models/Collision/SM_Gen_Prop_Bottle_04_Convex.asset
  artifactKey: Guid(49478fd37ad74a14599adbc764c324b3) Importer(815301076,1909f56bfc062723c751e8b465ee728b)
Start importing Assets/Synty/PolygonGeneric/Models/Collision/SM_Gen_Prop_Bottle_04_Convex.asset using Guid(49478fd37ad74a14599adbc764c324b3) Importer(815301076,1909f56bfc062723c751e8b465ee728b) [PhysX] Initialized MultithreadedTaskDispatcher with 12 workers.
[PhysX] Initialized MultithreadedTaskDispatcher with 12 workers.
 -> (artifact id: '0881e6052ed3f664d991e1df9076649b') in 0.013976 seconds
Number of updated asset objects reloaded before import = 0
Number of asset objects unloaded after import = 2
========================================================================
Received Import Request.
  Time since last request: 0.000025 seconds.
  path: Assets/Synty/PolygonGeneric/Models/Collision/SM_Gen_Prop_Food_Vegetable_03_Convex.asset
  artifactKey: Guid(30a5a3849c712224ca33dd93efc91c5d) Importer(815301076,1909f56bfc062723c751e8b465ee728b)
Start importing Assets/Synty/PolygonGeneric/Models/Collision/SM_Gen_Prop_Food_Vegetable_03_Convex.asset using Guid(30a5a3849c712224ca33dd93efc91c5d) Importer(815301076,1909f56bfc062723c751e8b465ee728b) [PhysX] Initialized MultithreadedTaskDispatcher with 12 workers.
[PhysX] Initialized MultithreadedTaskDispatcher with 12 workers.
 -> (artifact id: 'c58d09cbbc98503f7a9a6685a9ee7698') in 0.012518 seconds
Number of updated asset objects reloaded before import = 0
Number of asset objects unloaded after import = 2
========================================================================
Received Import Request.
  Time since last request: 0.000024 seconds.
  path: Assets/Synty/PolygonGeneric/Models/Collision/SM_Gen_Prop_Chain_01_Convex.asset
  artifactKey: Guid(580675ee56ec4ed40abb5319188c9912) Importer(815301076,1909f56bfc062723c751e8b465ee728b)
Start importing Assets/Synty/PolygonGeneric/Models/Collision/SM_Gen_Prop_Chain_01_Convex.asset using Guid(580675ee56ec4ed40abb5319188c9912) Importer(815301076,1909f56bfc062723c751e8b465ee728b) [PhysX] Initialized MultithreadedTaskDispatcher with 12 workers.
[PhysX] Initialized MultithreadedTaskDispatcher with 12 workers.
 -> (artifact id: '11836f8ea64bf8759bdeb5ccb2df1325') in 0.014208 seconds
Number of updated asset objects reloaded before import = 0
Number of asset objects unloaded after import = 2
========================================================================
Received Import Request.
  Time since last request: 0.000015 seconds.
  path: Assets/Synty/PolygonGeneric/Models/Collision/SM_Gen_Prop_Food_Vegetable_02_Convex.asset
  artifactKey: Guid(5196bea5812fe6a49adfa4fe3a8cbfae) Importer(815301076,1909f56bfc062723c751e8b465ee728b)
Start importing Assets/Synty/PolygonGeneric/Models/Collision/SM_Gen_Prop_Food_Vegetable_02_Convex.asset using Guid(5196bea5812fe6a49adfa4fe3a8cbfae) Importer(815301076,1909f56bfc062723c751e8b465ee728b) [PhysX] Initialized MultithreadedTaskDispatcher with 12 workers.
[PhysX] Initialized MultithreadedTaskDispatcher with 12 workers.
 -> (artifact id: '6dacb9ac3013ca94a9184f0843e32732') in 0.012212 seconds
Number of updated asset objects reloaded before import = 0
Number of asset objects unloaded after import = 2
========================================================================
Received Import Request.
  Time since last request: 0.000016 seconds.
  path: Assets/Synty/PolygonGeneric/Models/Collision/SM_Gen_Prop_Coin_Pile_02_Convex.asset
  artifactKey: Guid(13e34af7a23528d43baaf396d5d1defc) Importer(815301076,1909f56bfc062723c751e8b465ee728b)
Start importing Assets/Synty/PolygonGeneric/Models/Collision/SM_Gen_Prop_Coin_Pile_02_Convex.asset using Guid(13e34af7a23528d43baaf396d5d1defc) Importer(815301076,1909f56bfc062723c751e8b465ee728b) [PhysX] Initialized MultithreadedTaskDispatcher with 12 workers.
[PhysX] Initialized MultithreadedTaskDispatcher with 12 workers.
 -> (artifact id: 'db9381cbc57f9741782c8e84ac9a3d59') in 0.012167 seconds
Number of updated asset objects reloaded before import = 0
Number of asset objects unloaded after import = 2
========================================================================
Received Import Request.
  Time since last request: 0.000024 seconds.
  path: Assets/Synty/PolygonGeneric/Models/Collision/SM_Gen_Prop_Food_Vegetable_05_Convex.asset
  artifactKey: Guid(af78b2acbc7be9a4487e74755fb1f3d2) Importer(815301076,1909f56bfc062723c751e8b465ee728b)
Start importing Assets/Synty/PolygonGeneric/Models/Collision/SM_Gen_Prop_Food_Vegetable_05_Convex.asset using Guid(af78b2acbc7be9a4487e74755fb1f3d2) Importer(815301076,1909f56bfc062723c751e8b465ee728b) [PhysX] Initialized MultithreadedTaskDispatcher with 12 workers.
[PhysX] Initialized MultithreadedTaskDispatcher with 12 workers.
 -> (artifact id: 'd049858ca9b7dcad9806c401bf22ede2') in 0.013517 seconds
Number of updated asset objects reloaded before import = 0
Number of asset objects unloaded after import = 2
========================================================================
Received Import Request.
  Time since last request: 0.000022 seconds.
  path: Assets/Synty/PolygonGeneric/Models/Collision/SM_Gen_Prop_Food_Meat_03_Convex.asset
  artifactKey: Guid(0415cf3fe420e0b4c90990762cb02cd3) Importer(815301076,1909f56bfc062723c751e8b465ee728b)
Start importing Assets/Synty/PolygonGeneric/Models/Collision/SM_Gen_Prop_Food_Meat_03_Convex.asset using Guid(0415cf3fe420e0b4c90990762cb02cd3) Importer(815301076,1909f56bfc062723c751e8b465ee728b) [PhysX] Initialized MultithreadedTaskDispatcher with 12 workers.
[PhysX] Initialized MultithreadedTaskDispatcher with 12 workers.
 -> (artifact id: 'd357f6b68aa4a2125c1cdbf6f5c1a946') in 0.013864 seconds
Number of updated asset objects reloaded before import = 0
Number of asset objects unloaded after import = 2
========================================================================
Received Import Request.
  Time since last request: 0.000019 seconds.
  path: Assets/Synty/PolygonGeneric/Models/Collision/SM_Gen_Prop_Clock_01_Convex.asset
  artifactKey: Guid(ce26652b91c48ea4db24f51a7ea660e9) Importer(815301076,1909f56bfc062723c751e8b465ee728b)
Start importing Assets/Synty/PolygonGeneric/Models/Collision/SM_Gen_Prop_Clock_01_Convex.asset using Guid(ce26652b91c48ea4db24f51a7ea660e9) Importer(815301076,1909f56bfc062723c751e8b465ee728b) [PhysX] Initialized MultithreadedTaskDispatcher with 12 workers.
[PhysX] Initialized MultithreadedTaskDispatcher with 12 workers.
 -> (artifact id: '9e4b41c3255bf71a02e68f455aa8e6e6') in 0.011973 seconds
Number of updated asset objects reloaded before import = 0
Number of asset objects unloaded after import = 2
========================================================================
Received Import Request.
  Time since last request: 0.741255 seconds.
  path: Assets/Synty/PolygonGeneric/Models/Collision/SM_Gen_Prop_Food_Vegetable_06_Convex.asset
  artifactKey: Guid(bfbb3e6dfb11d5149bcd8cd719efd7ea) Importer(815301076,1909f56bfc062723c751e8b465ee728b)
Start importing Assets/Synty/PolygonGeneric/Models/Collision/SM_Gen_Prop_Food_Vegetable_06_Convex.asset using Guid(bfbb3e6dfb11d5149bcd8cd719efd7ea) Importer(815301076,1909f56bfc062723c751e8b465ee728b) [PhysX] Initialized MultithreadedTaskDispatcher with 12 workers.
[PhysX] Initialized MultithreadedTaskDispatcher with 12 workers.
 -> (artifact id: '908f93e3c53f686cf1d0da3c737450ac') in 0.015639 seconds
Number of updated asset objects reloaded before import = 0
Number of asset objects unloaded after import = 2
========================================================================
Received Import Request.
  Time since last request: 0.000013 seconds.
  path: Assets/Synty/PolygonGeneric/Models/Collision/SM_Gen_Prop_Plinth_01_Convex.asset
  artifactKey: Guid(e486252dff0887045a23392d9eb71576) Importer(815301076,1909f56bfc062723c751e8b465ee728b)
Start importing Assets/Synty/PolygonGeneric/Models/Collision/SM_Gen_Prop_Plinth_01_Convex.asset using Guid(e486252dff0887045a23392d9eb71576) Importer(815301076,1909f56bfc062723c751e8b465ee728b) [PhysX] Initialized MultithreadedTaskDispatcher with 12 workers.
[PhysX] Initialized MultithreadedTaskDispatcher with 12 workers.
 -> (artifact id: '2faa6fc4f39faad169bc3b46d7128e51') in 0.013865 seconds
Number of updated asset objects reloaded before import = 0
Number of asset objects unloaded after import = 2
========================================================================
Received Import Request.
  Time since last request: 0.000021 seconds.
  path: Assets/Synty/PolygonGeneric/Models/Collision/SM_Gen_Prop_Light_Roof_03_Convex.asset
  artifactKey: Guid(5bd7021c1aae1dc47bb8cd2c6f04cf21) Importer(815301076,1909f56bfc062723c751e8b465ee728b)
Start importing Assets/Synty/PolygonGeneric/Models/Collision/SM_Gen_Prop_Light_Roof_03_Convex.asset using Guid(5bd7021c1aae1dc47bb8cd2c6f04cf21) Importer(815301076,1909f56bfc062723c751e8b465ee728b) [PhysX] Initialized MultithreadedTaskDispatcher with 12 workers.
[PhysX] Initialized MultithreadedTaskDispatcher with 12 workers.
 -> (artifact id: '7d9eaebb0911682f9dc094211cfe8614') in 0.016384 seconds
Number of updated asset objects reloaded before import = 0
Number of asset objects unloaded after import = 2
========================================================================
Received Import Request.
  Time since last request: 0.014187 seconds.
  path: Assets/Synty/PolygonGeneric/Models/Collision/SM_Gen_Prop_Pot_01_Convex.asset
  artifactKey: Guid(48480c479d0f29a49aaf588995d244ed) Importer(815301076,1909f56bfc062723c751e8b465ee728b)
Start importing Assets/Synty/PolygonGeneric/Models/Collision/SM_Gen_Prop_Pot_01_Convex.asset using Guid(48480c479d0f29a49aaf588995d244ed) Importer(815301076,1909f56bfc062723c751e8b465ee728b) [PhysX] Initialized MultithreadedTaskDispatcher with 12 workers.
[PhysX] Initialized MultithreadedTaskDispatcher with 12 workers.
 -> (artifact id: '4c8492a2a90c235235d2b4fc1320781e') in 0.012633 seconds
Number of updated asset objects reloaded before import = 0
Number of asset objects unloaded after import = 2
========================================================================
Received Import Request.
  Time since last request: 0.000017 seconds.
  path: Assets/Synty/PolygonGeneric/Models/Collision/SM_Gen_Prop_Statue_02_Convex.asset
  artifactKey: Guid(7bbcf1f9447afa64b84d6c783657ea3d) Importer(815301076,1909f56bfc062723c751e8b465ee728b)
Start importing Assets/Synty/PolygonGeneric/Models/Collision/SM_Gen_Prop_Statue_02_Convex.asset using Guid(7bbcf1f9447afa64b84d6c783657ea3d) Importer(815301076,1909f56bfc062723c751e8b465ee728b) [PhysX] Initialized MultithreadedTaskDispatcher with 12 workers.
[PhysX] Initialized MultithreadedTaskDispatcher with 12 workers.
[PhysX] Initialized MultithreadedTaskDispatcher with 12 workers.
 -> (artifact id: 'c1f50325754b6b64e4bb2df3fd8b0cec') in 0.018555 seconds
Number of updated asset objects reloaded before import = 0
Number of asset objects unloaded after import = 3
========================================================================
Received Import Request.
  Time since last request: 0.000022 seconds.
  path: Assets/Synty/PolygonGeneric/Models/Collision/SM_Gen_Prop_Statue_05_Convex.asset
  artifactKey: Guid(e0da1b732671a3a42afde847bb2ef6cc) Importer(815301076,1909f56bfc062723c751e8b465ee728b)
Start importing Assets/Synty/PolygonGeneric/Models/Collision/SM_Gen_Prop_Statue_05_Convex.asset using Guid(e0da1b732671a3a42afde847bb2ef6cc) Importer(815301076,1909f56bfc062723c751e8b465ee728b) [PhysX] Initialized MultithreadedTaskDispatcher with 12 workers.
[PhysX] Initialized MultithreadedTaskDispatcher with 12 workers.
[PhysX] Initialized MultithreadedTaskDispatcher with 12 workers.
[PhysX] Initialized MultithreadedTaskDispatcher with 12 workers.
[PhysX] Initialized MultithreadedTaskDispatcher with 12 workers.
 -> (artifact id: '61033c1d88edb5d1f2dbb7c396da4be2') in 0.025298 seconds
Number of updated asset objects reloaded before import = 0
Number of asset objects unloaded after import = 5
========================================================================
Received Import Request.
  Time since last request: 2.975500 seconds.
  path: Assets/Synty/PolygonGeneric/Models/FX
  artifactKey: Guid(05ea5815a09a7be448ea7950e771be9f) Importer(815301076,1909f56bfc062723c751e8b465ee728b)
Start importing Assets/Synty/PolygonGeneric/Models/FX using Guid(05ea5815a09a7be448ea7950e771be9f) Importer(815301076,1909f56bfc062723c751e8b465ee728b) [PhysX] Initialized MultithreadedTaskDispatcher with 12 workers.
 -> (artifact id: '047ecab30329e8266d6a5de902c664f7') in 0.000541 seconds
Number of updated asset objects reloaded before import = 0
Number of asset objects unloaded after import = 0
========================================================================
Received Import Request.
  Time since last request: 0.102361 seconds.
  path: Assets/Synty/PolygonGeneric/Models/FX/FX_LightRay_Cube_01.fbx
  artifactKey: Guid(627627bb69734d3785bc8635e41e1447) Importer(815301076,1909f56bfc062723c751e8b465ee728b)
Start importing Assets/Synty/PolygonGeneric/Models/FX/FX_LightRay_Cube_01.fbx using Guid(627627bb69734d3785bc8635e41e1447) Importer(815301076,1909f56bfc062723c751e8b465ee728b) [PhysX] Initialized MultithreadedTaskDispatcher with 12 workers.
[PhysX] Initialized MultithreadedTaskDispatcher with 12 workers.
[PhysX] Initialized MultithreadedTaskDispatcher with 12 workers.
[PhysX] Initialized MultithreadedTaskDispatcher with 12 workers.
[PhysX] Initialized MultithreadedTaskDispatcher with 12 workers.
 -> (artifact id: 'd704d860cc897fa72070b90b990c0fca') in 0.081360 seconds
Number of updated asset objects reloaded before import = 0
Number of asset objects unloaded after import = 13
========================================================================
Received Import Request.
  Time since last request: 12.979879 seconds.
  path: Assets/Synty/PolygonGeneric/Scenes
  artifactKey: Guid(420d558d7dcd6f14f93b8994dbe404b4) Importer(815301076,1909f56bfc062723c751e8b465ee728b)
Start importing Assets/Synty/PolygonGeneric/Scenes using Guid(420d558d7dcd6f14f93b8994dbe404b4) Importer(815301076,1909f56bfc062723c751e8b465ee728b) [PhysX] Initialized MultithreadedTaskDispatcher with 12 workers.
 -> (artifact id: '9e853fe0cd72984312aa7160f1495471') in 0.000579 seconds
Number of updated asset objects reloaded before import = 0
Number of asset objects unloaded after import = 0
========================================================================
Received Import Request.
  Time since last request: 1.681115 seconds.
  path: Assets/Synty/PolygonGeneric/Scenes/Overview.unity
  artifactKey: Guid(566998dabce062e40ad6e22c99fa1a5b) Importer(815301076,1909f56bfc062723c751e8b465ee728b)
Start importing Assets/Synty/PolygonGeneric/Scenes/Overview.unity using Guid(566998dabce062e40ad6e22c99fa1a5b) Importer(815301076,1909f56bfc062723c751e8b465ee728b) [PhysX] Initialized MultithreadedTaskDispatcher with 12 workers.
 -> (artifact id: '97f7432ebaa12fed06eb6828d9ecae36') in 0.000440 seconds
Number of updated asset objects reloaded before import = 0
Number of asset objects unloaded after import = 0
========================================================================
Received Import Request.
  Time since last request: 28.057020 seconds.
  path: Assets/Synty/PolygonSciFiCity
  artifactKey: Guid(ba10ae76bede75a48819a8ec4e53635b) Importer(815301076,1909f56bfc062723c751e8b465ee728b)
Start importing Assets/Synty/PolygonSciFiCity using Guid(ba10ae76bede75a48819a8ec4e53635b) Importer(815301076,1909f56bfc062723c751e8b465ee728b) [PhysX] Initialized MultithreadedTaskDispatcher with 12 workers.
 -> (artifact id: '07f353d981518fe67c6670849750b98e') in 0.000471 seconds
Number of updated asset objects reloaded before import = 0
Number of asset objects unloaded after import = 0
========================================================================
Received Import Request.
  Time since last request: 11.677494 seconds.
  path: Assets/Scenes/MainMenu.unity
  artifactKey: Guid(ebe38b87998d6724a8598d23ad571bba) Importer(815301076,1909f56bfc062723c751e8b465ee728b)
Start importing Assets/Scenes/MainMenu.unity using Guid(ebe38b87998d6724a8598d23ad571bba) Importer(815301076,1909f56bfc062723c751e8b465ee728b) [PhysX] Initialized MultithreadedTaskDispatcher with 12 workers.
 -> (artifact id: '916bb2b613d5e9e875ec60ec88ce7856') in 0.000598 seconds
Number of updated asset objects reloaded before import = 0
Number of asset objects unloaded after import = 0
========================================================================
Received Import Request.
  Time since last request: 1.823517 seconds.
  path: Assets/Scenes/MainScene.unity
  artifactKey: Guid(c850ee8c3b14cc8459e7e186857cf567) Importer(815301076,1909f56bfc062723c751e8b465ee728b)
Start importing Assets/Scenes/MainScene.unity using Guid(c850ee8c3b14cc8459e7e186857cf567) Importer(815301076,1909f56bfc062723c751e8b465ee728b) [PhysX] Initialized MultithreadedTaskDispatcher with 12 workers.
 -> (artifact id: '4fc223340c4eee97f8a40e34ed46f3df') in 0.000454 seconds
Number of updated asset objects reloaded before import = 0
Number of asset objects unloaded after import = 0
========================================================================
Received Import Request.
  Time since last request: 18.252121 seconds.
  path: Assets/Synty/PolygonSciFiCity/Prefabs/Buildings
  artifactKey: Guid(e5ca5f9aeaf8cd54cbc9079888da0a59) Importer(815301076,1909f56bfc062723c751e8b465ee728b)
Start importing Assets/Synty/PolygonSciFiCity/Prefabs/Buildings using Guid(e5ca5f9aeaf8cd54cbc9079888da0a59) Importer(815301076,1909f56bfc062723c751e8b465ee728b) [PhysX] Initialized MultithreadedTaskDispatcher with 12 workers.
 -> (artifact id: '74a92fa916329e669265e078c8ae52b7') in 0.000461 seconds
Number of updated asset objects reloaded before import = 0
Number of asset objects unloaded after import = 0
========================================================================
Received Import Request.
  Time since last request: 0.128480 seconds.
  path: Assets/Synty/PolygonSciFiCity/Prefabs/Buildings/SM_Bld_Advanced_01.prefab
  artifactKey: Guid(4539a9f265debe14db54385bf22e5389) Importer(815301076,1909f56bfc062723c751e8b465ee728b)
Start importing Assets/Synty/PolygonSciFiCity/Prefabs/Buildings/SM_Bld_Advanced_01.prefab using Guid(4539a9f265debe14db54385bf22e5389) Importer(815301076,1909f56bfc062723c751e8b465ee728b) [PhysX] Initialized MultithreadedTaskDispatcher with 12 workers.
[PhysX] Initialized MultithreadedTaskDispatcher with 12 workers.
 -> (artifact id: '743b518228969dbf1fc4b5e3504b9b61') in 0.236454 seconds
Number of updated asset objects reloaded before import = 0
Number of asset objects unloaded after import = 13
========================================================================
Received Import Request.
  Time since last request: 0.000024 seconds.
  path: Assets/Synty/PolygonSciFiCity/Prefabs/Buildings/SM_Bld_Industrial_01.prefab
  artifactKey: Guid(ec40f18bb650f6640a5de7a5ed9e7f7c) Importer(815301076,1909f56bfc062723c751e8b465ee728b)
Start importing Assets/Synty/PolygonSciFiCity/Prefabs/Buildings/SM_Bld_Industrial_01.prefab using Guid(ec40f18bb650f6640a5de7a5ed9e7f7c) Importer(815301076,1909f56bfc062723c751e8b465ee728b) [PhysX] Initialized MultithreadedTaskDispatcher with 12 workers.
[PhysX] Initialized MultithreadedTaskDispatcher with 12 workers.
 -> (artifact id: '4626619abade724fa47e2032f177151f') in 0.126226 seconds
Number of updated asset objects reloaded before import = 0
Number of asset objects unloaded after import = 16
========================================================================
Received Import Request.
  Time since last request: 0.000036 seconds.
  path: Assets/Synty/PolygonSciFiCity/Prefabs/Buildings/SM_Bld_Background_Med_03.prefab
  artifactKey: Guid(c2fad3760a0f8674482ad6a980264ee4) Importer(815301076,1909f56bfc062723c751e8b465ee728b)
Start importing Assets/Synty/PolygonSciFiCity/Prefabs/Buildings/SM_Bld_Background_Med_03.prefab using Guid(c2fad3760a0f8674482ad6a980264ee4) Importer(815301076,1909f56bfc062723c751e8b465ee728b) [PhysX] Initialized MultithreadedTaskDispatcher with 12 workers.
[PhysX] Initialized MultithreadedTaskDispatcher with 12 workers.
 -> (artifact id: '7b82da9499506c5aea15e819ae6391bd') in 0.017776 seconds
Number of updated asset objects reloaded before import = 0
Number of asset objects unloaded after import = 9
========================================================================
Received Import Request.
  Time since last request: 0.000023 seconds.
  path: Assets/Synty/PolygonSciFiCity/Prefabs/Buildings/SM_Bld_Large_03.prefab
  artifactKey: Guid(ff256aac7fa51c54db71970879315bcc) Importer(815301076,1909f56bfc062723c751e8b465ee728b)
Start importing Assets/Synty/PolygonSciFiCity/Prefabs/Buildings/SM_Bld_Large_03.prefab using Guid(ff256aac7fa51c54db71970879315bcc) Importer(815301076,1909f56bfc062723c751e8b465ee728b) [PhysX] Initialized MultithreadedTaskDispatcher with 12 workers.
[PhysX] Initialized MultithreadedTaskDispatcher with 12 workers.
 -> (artifact id: 'b1a7dc0128662f4a4574d0229d2d18e1') in 0.077935 seconds
Number of updated asset objects reloaded before import = 0
Number of asset objects unloaded after import = 16
========================================================================
Received Import Request.
  Time since last request: 0.000019 seconds.
  path: Assets/Synty/PolygonSciFiCity/Prefabs/Buildings/SM_Bld_Large_05.prefab
  artifactKey: Guid(05cce10c53c896f4495809af7a45bbe1) Importer(815301076,1909f56bfc062723c751e8b465ee728b)
Start importing Assets/Synty/PolygonSciFiCity/Prefabs/Buildings/SM_Bld_Large_05.prefab using Guid(05cce10c53c896f4495809af7a45bbe1) Importer(815301076,1909f56bfc062723c751e8b465ee728b) [PhysX] Initialized MultithreadedTaskDispatcher with 12 workers.
[PhysX] Initialized MultithreadedTaskDispatcher with 12 workers.
 -> (artifact id: 'c3e1a83be0f2424615062e2206a868d2') in 0.077098 seconds
Number of updated asset objects reloaded before import = 0
Number of asset objects unloaded after import = 13
========================================================================
Received Import Request.
  Time since last request: 0.000028 seconds.
  path: Assets/Synty/PolygonSciFiCity/Prefabs/Buildings/SM_Bld_Background_Small_02.prefab
  artifactKey: Guid(346d59f0a37939843934a260b13f9d2e) Importer(815301076,1909f56bfc062723c751e8b465ee728b)
Start importing Assets/Synty/PolygonSciFiCity/Prefabs/Buildings/SM_Bld_Background_Small_02.prefab using Guid(346d59f0a37939843934a260b13f9d2e) Importer(815301076,1909f56bfc062723c751e8b465ee728b) [PhysX] Initialized MultithreadedTaskDispatcher with 12 workers.
[PhysX] Initialized MultithreadedTaskDispatcher with 12 workers.
 -> (artifact id: 'ec8e9fd5986e67ac701f86c1abddee8b') in 0.016504 seconds
Number of updated asset objects reloaded before import = 0
Number of asset objects unloaded after import = 9
========================================================================
Received Import Request.
  Time since last request: 0.000023 seconds.
  path: Assets/Synty/PolygonSciFiCity/Prefabs/Buildings/SM_Bld_Background_Med_02.prefab
  artifactKey: Guid(1cfc671741fa1cc47824540b62db0c87) Importer(815301076,1909f56bfc062723c751e8b465ee728b)
Start importing Assets/Synty/PolygonSciFiCity/Prefabs/Buildings/SM_Bld_Background_Med_02.prefab using Guid(1cfc671741fa1cc47824540b62db0c87) Importer(815301076,1909f56bfc062723c751e8b465ee728b) [PhysX] Initialized MultithreadedTaskDispatcher with 12 workers.
[PhysX] Initialized MultithreadedTaskDispatcher with 12 workers.
 -> (artifact id: 'ddd16938241c50c57eaf460b93b8298c') in 0.018228 seconds
Number of updated asset objects reloaded before import = 0
Number of asset objects unloaded after import = 9
========================================================================
Received Import Request.
  Time since last request: 0.000031 seconds.
  path: Assets/Synty/PolygonSciFiCity/Prefabs/Buildings/SM_Bld_Background_Lrg_03.prefab
  artifactKey: Guid(8ad4c6a0a99ada5458178e9156b85b0e) Importer(815301076,1909f56bfc062723c751e8b465ee728b)
Start importing Assets/Synty/PolygonSciFiCity/Prefabs/Buildings/SM_Bld_Background_Lrg_03.prefab using Guid(8ad4c6a0a99ada5458178e9156b85b0e) Importer(815301076,1909f56bfc062723c751e8b465ee728b) [PhysX] Initialized MultithreadedTaskDispatcher with 12 workers.
[PhysX] Initialized MultithreadedTaskDispatcher with 12 workers.
 -> (artifact id: 'ae77a7312fe1c32934db64ba519febdc') in 0.019777 seconds
Number of updated asset objects reloaded before import = 0
Number of asset objects unloaded after import = 9
========================================================================
Received Import Request.
  Time since last request: 0.000021 seconds.
  path: Assets/Synty/PolygonSciFiCity/Prefabs/Buildings/SM_Bld_Chopshop_Interior_01.prefab
  artifactKey: Guid(ea7874a759654f14a913adac2d315006) Importer(815301076,1909f56bfc062723c751e8b465ee728b)
Start importing Assets/Synty/PolygonSciFiCity/Prefabs/Buildings/SM_Bld_Chopshop_Interior_01.prefab using Guid(ea7874a759654f14a913adac2d315006) Importer(815301076,1909f56bfc062723c751e8b465ee728b) [PhysX] Initialized MultithreadedTaskDispatcher with 12 workers.
[PhysX] Initialized MultithreadedTaskDispatcher with 12 workers.
 -> (artifact id: '0132495858167e2f9d909679022b8c2b') in 0.068630 seconds
Number of updated asset objects reloaded before import = 0
Number of asset objects unloaded after import = 13
========================================================================
Received Import Request.
  Time since last request: 0.000036 seconds.
  path: Assets/Synty/PolygonSciFiCity/Prefabs/Buildings/SM_Bld_Background_Small_01.prefab
  artifactKey: Guid(1337ff3f0ba67b743a229bd87105578f) Importer(815301076,1909f56bfc062723c751e8b465ee728b)
Start importing Assets/Synty/PolygonSciFiCity/Prefabs/Buildings/SM_Bld_Background_Small_01.prefab using Guid(1337ff3f0ba67b743a229bd87105578f) Importer(815301076,1909f56bfc062723c751e8b465ee728b) [PhysX] Initialized MultithreadedTaskDispatcher with 12 workers.
[PhysX] Initialized MultithreadedTaskDispatcher with 12 workers.
 -> (artifact id: '18591a8f363b395078f202a5999552c7') in 0.025020 seconds
Number of updated asset objects reloaded before import = 0
Number of asset objects unloaded after import = 9
========================================================================
Received Import Request.
  Time since last request: 0.000028 seconds.
  path: Assets/Synty/PolygonSciFiCity/Prefabs/Buildings/SM_Bld_Background_Med_01.prefab
  artifactKey: Guid(3c37ed3fc4c8659488e2a193810bb213) Importer(815301076,1909f56bfc062723c751e8b465ee728b)
Start importing Assets/Synty/PolygonSciFiCity/Prefabs/Buildings/SM_Bld_Background_Med_01.prefab using Guid(3c37ed3fc4c8659488e2a193810bb213) Importer(815301076,1909f56bfc062723c751e8b465ee728b) [PhysX] Initialized MultithreadedTaskDispatcher with 12 workers.
[PhysX] Initialized MultithreadedTaskDispatcher with 12 workers.
 -> (artifact id: '4672d5982875c9d880ffb317e1179797') in 0.018196 seconds
Number of updated asset objects reloaded before import = 0
Number of asset objects unloaded after import = 9
========================================================================
Received Import Request.
  Time since last request: 0.000021 seconds.
  path: Assets/Synty/PolygonSciFiCity/Prefabs/Buildings/SM_Bld_Background_Lrg_01.prefab
  artifactKey: Guid(65f76c5f923964045833f09a3f767a16) Importer(815301076,1909f56bfc062723c751e8b465ee728b)
Start importing Assets/Synty/PolygonSciFiCity/Prefabs/Buildings/SM_Bld_Background_Lrg_01.prefab using Guid(65f76c5f923964045833f09a3f767a16) Importer(815301076,1909f56bfc062723c751e8b465ee728b) [PhysX] Initialized MultithreadedTaskDispatcher with 12 workers.
[PhysX] Initialized MultithreadedTaskDispatcher with 12 workers.
 -> (artifact id: 'e07fbc1fc2c49f294c13d7a2b7336bce') in 0.018963 seconds
Number of updated asset objects reloaded before import = 0
Number of asset objects unloaded after import = 9
========================================================================
Received Import Request.
  Time since last request: 0.000020 seconds.
  path: Assets/Synty/PolygonSciFiCity/Prefabs/Buildings/SM_Bld_Background_Med_09.prefab
  artifactKey: Guid(049ba413acf1dae40a25c7020b124049) Importer(815301076,1909f56bfc062723c751e8b465ee728b)
Start importing Assets/Synty/PolygonSciFiCity/Prefabs/Buildings/SM_Bld_Background_Med_09.prefab using Guid(049ba413acf1dae40a25c7020b124049) Importer(815301076,1909f56bfc062723c751e8b465ee728b) [PhysX] Initialized MultithreadedTaskDispatcher with 12 workers.
[PhysX] Initialized MultithreadedTaskDispatcher with 12 workers.
 -> (artifact id: 'aa4d3f28dd711a1be4c8f33f51ca1f39') in 0.028244 seconds
Number of updated asset objects reloaded before import = 0
Number of asset objects unloaded after import = 9
========================================================================
Received Import Request.
  Time since last request: 0.001826 seconds.
  path: Assets/Synty/PolygonSciFiCity/Prefabs/Buildings/SM_Bld_Industrial_02.prefab
  artifactKey: Guid(e1494d10d49c1b3448e684cac6f7ec0d) Importer(815301076,1909f56bfc062723c751e8b465ee728b)
Start importing Assets/Synty/PolygonSciFiCity/Prefabs/Buildings/SM_Bld_Industrial_02.prefab using Guid(e1494d10d49c1b3448e684cac6f7ec0d) Importer(815301076,1909f56bfc062723c751e8b465ee728b) [PhysX] Initialized MultithreadedTaskDispatcher with 12 workers.
[PhysX] Initialized MultithreadedTaskDispatcher with 12 workers.
 -> (artifact id: '85ea996976a6aacf50faf147314cf38d') in 0.072291 seconds
Number of updated asset objects reloaded before import = 0
Number of asset objects unloaded after import = 16
========================================================================
Received Import Request.
  Time since last request: 0.000030 seconds.
  path: Assets/Synty/PolygonSciFiCity/Prefabs/Buildings/SM_Bld_City_Wall_Tower_01.prefab
  artifactKey: Guid(04c79e9d6b44d414c9decaeab2c70bd7) Importer(815301076,1909f56bfc062723c751e8b465ee728b)
Start importing Assets/Synty/PolygonSciFiCity/Prefabs/Buildings/SM_Bld_City_Wall_Tower_01.prefab using Guid(04c79e9d6b44d414c9decaeab2c70bd7) Importer(815301076,1909f56bfc062723c751e8b465ee728b) [PhysX] Initialized MultithreadedTaskDispatcher with 12 workers.
[PhysX] Initialized MultithreadedTaskDispatcher with 12 workers.
 -> (artifact id: '5a8f827e430b5c6e480647601729fd62') in 0.076563 seconds
Number of updated asset objects reloaded before import = 0
Number of asset objects unloaded after import = 13
========================================================================
Received Import Request.
  Time since last request: 0.000027 seconds.
  path: Assets/Synty/PolygonSciFiCity/Prefabs/Buildings/SM_Bld_FoodHole_01.prefab
  artifactKey: Guid(44f7531c4a7c3d64cbe98cf88d70bd68) Importer(815301076,1909f56bfc062723c751e8b465ee728b)
Start importing Assets/Synty/PolygonSciFiCity/Prefabs/Buildings/SM_Bld_FoodHole_01.prefab using Guid(44f7531c4a7c3d64cbe98cf88d70bd68) Importer(815301076,1909f56bfc062723c751e8b465ee728b) [PhysX] Initialized MultithreadedTaskDispatcher with 12 workers.
[PhysX] Initialized MultithreadedTaskDispatcher with 12 workers.
 -> (artifact id: 'ab2e5890ede2be425875bd68667c444c') in 0.071906 seconds
Number of updated asset objects reloaded before import = 0
Number of asset objects unloaded after import = 13
========================================================================
Received Import Request.
  Time since last request: 0.000996 seconds.
  path: Assets/Synty/PolygonSciFiCity/Prefabs/Buildings/SM_Bld_Background_Med_08.prefab
  artifactKey: Guid(94634f97a9c7b83498a8e59c7c8f115b) Importer(815301076,1909f56bfc062723c751e8b465ee728b)
Start importing Assets/Synty/PolygonSciFiCity/Prefabs/Buildings/SM_Bld_Background_Med_08.prefab using Guid(94634f97a9c7b83498a8e59c7c8f115b) Importer(815301076,1909f56bfc062723c751e8b465ee728b) [PhysX] Initialized MultithreadedTaskDispatcher with 12 workers.
[PhysX] Initialized MultithreadedTaskDispatcher with 12 workers.
 -> (artifact id: '5fa94745c4d94fe954c13486659f066e') in 0.024702 seconds
Number of updated asset objects reloaded before import = 0
Number of asset objects unloaded after import = 9
========================================================================
Received Import Request.
  Time since last request: 0.000022 seconds.
  path: Assets/Synty/PolygonSciFiCity/Prefabs/Buildings/SM_Bld_Background_Med_07.prefab
  artifactKey: Guid(0df771ff55339404a8368cc1be02d861) Importer(815301076,1909f56bfc062723c751e8b465ee728b)
Start importing Assets/Synty/PolygonSciFiCity/Prefabs/Buildings/SM_Bld_Background_Med_07.prefab using Guid(0df771ff55339404a8368cc1be02d861) Importer(815301076,1909f56bfc062723c751e8b465ee728b) [PhysX] Initialized MultithreadedTaskDispatcher with 12 workers.
[PhysX] Initialized MultithreadedTaskDispatcher with 12 workers.
 -> (artifact id: 'cdce398b0c1b54a31c883d8645617b55') in 0.015493 seconds
Number of updated asset objects reloaded before import = 0
Number of asset objects unloaded after import = 9
========================================================================
Received Import Request.
  Time since last request: 0.000021 seconds.
  path: Assets/Synty/PolygonSciFiCity/Prefabs/Buildings/SM_Bld_Background_Lrg_02.prefab
  artifactKey: Guid(31dade7a3305059458fd6662c8492e46) Importer(815301076,1909f56bfc062723c751e8b465ee728b)
Start importing Assets/Synty/PolygonSciFiCity/Prefabs/Buildings/SM_Bld_Background_Lrg_02.prefab using Guid(31dade7a3305059458fd6662c8492e46) Importer(815301076,1909f56bfc062723c751e8b465ee728b) [PhysX] Initialized MultithreadedTaskDispatcher with 12 workers.
[PhysX] Initialized MultithreadedTaskDispatcher with 12 workers.
 -> (artifact id: 'c57bdb48bde24d583c9cb26a4e2cf259') in 0.018079 seconds
Number of updated asset objects reloaded before import = 0
Number of asset objects unloaded after import = 9
========================================================================
Received Import Request.
  Time since last request: 0.812268 seconds.
  path: Assets/Synty/PolygonSciFiCity/Prefabs/Buildings/SM_Bld_Large_06.prefab
  artifactKey: Guid(8a21e998caeaac347b4127cda7988cf3) Importer(815301076,1909f56bfc062723c751e8b465ee728b)
Start importing Assets/Synty/PolygonSciFiCity/Prefabs/Buildings/SM_Bld_Large_06.prefab using Guid(8a21e998caeaac347b4127cda7988cf3) Importer(815301076,1909f56bfc062723c751e8b465ee728b) [PhysX] Initialized MultithreadedTaskDispatcher with 12 workers.
[PhysX] Initialized MultithreadedTaskDispatcher with 12 workers.
 -> (artifact id: 'c1859ad3d5c69b7b3c3db37f4233347f') in 0.073703 seconds
Number of updated asset objects reloaded before import = 0
Number of asset objects unloaded after import = 15
========================================================================
Received Import Request.
  Time since last request: 0.000030 seconds.
  path: Assets/Synty/PolygonSciFiCity/Prefabs/Buildings/SM_Bld_Power_01.prefab
  artifactKey: Guid(686c3e339f3c07f438170547ac7aff50) Importer(815301076,1909f56bfc062723c751e8b465ee728b)
Start importing Assets/Synty/PolygonSciFiCity/Prefabs/Buildings/SM_Bld_Power_01.prefab using Guid(686c3e339f3c07f438170547ac7aff50) Importer(815301076,1909f56bfc062723c751e8b465ee728b) [PhysX] Initialized MultithreadedTaskDispatcher with 12 workers.
[PhysX] Initialized MultithreadedTaskDispatcher with 12 workers.
 -> (artifact id: '982d74308789486e670320c6f04700b6') in 0.078472 seconds
Number of updated asset objects reloaded before import = 0
Number of asset objects unloaded after import = 16
========================================================================
Received Import Request.
  Time since last request: 0.000032 seconds.
  path: Assets/Synty/PolygonSciFiCity/Prefabs/Buildings/SM_Bld_Section_Corner_03.prefab
  artifactKey: Guid(9c18cb03dd4ec8847b92dbe4f33c2ff9) Importer(815301076,1909f56bfc062723c751e8b465ee728b)
Start importing Assets/Synty/PolygonSciFiCity/Prefabs/Buildings/SM_Bld_Section_Corner_03.prefab using Guid(9c18cb03dd4ec8847b92dbe4f33c2ff9) Importer(815301076,1909f56bfc062723c751e8b465ee728b) [PhysX] Initialized MultithreadedTaskDispatcher with 12 workers.
[PhysX] Initialized MultithreadedTaskDispatcher with 12 workers.
 -> (artifact id: '1275eefd02b6b661d4cca1eed968ae05') in 0.071899 seconds
Number of updated asset objects reloaded before import = 0
Number of asset objects unloaded after import = 13
========================================================================
Received Import Request.
  Time since last request: 0.000018 seconds.
  path: Assets/Synty/PolygonSciFiCity/Prefabs/Buildings/SM_Bld_Large_Part_03.prefab
  artifactKey: Guid(9bb1305f3dbe91e458d1319699143c30) Importer(815301076,1909f56bfc062723c751e8b465ee728b)
Start importing Assets/Synty/PolygonSciFiCity/Prefabs/Buildings/SM_Bld_Large_Part_03.prefab using Guid(9bb1305f3dbe91e458d1319699143c30) Importer(815301076,1909f56bfc062723c751e8b465ee728b) [PhysX] Initialized MultithreadedTaskDispatcher with 12 workers.
[PhysX] Initialized MultithreadedTaskDispatcher with 12 workers.
 -> (artifact id: 'cf1418d063a09031c0f74d974d3ad862') in 0.069358 seconds
Number of updated asset objects reloaded before import = 0
Number of asset objects unloaded after import = 13
========================================================================
Received Import Request.
  Time since last request: 0.000034 seconds.
  path: Assets/Synty/PolygonSciFiCity/Prefabs/Buildings/SM_Bld_Section_Corner_01.prefab
  artifactKey: Guid(c7042f447aa89b54ea46409ec08692f8) Importer(815301076,1909f56bfc062723c751e8b465ee728b)
Start importing Assets/Synty/PolygonSciFiCity/Prefabs/Buildings/SM_Bld_Section_Corner_01.prefab using Guid(c7042f447aa89b54ea46409ec08692f8) Importer(815301076,1909f56bfc062723c751e8b465ee728b) [PhysX] Initialized MultithreadedTaskDispatcher with 12 workers.
[PhysX] Initialized MultithreadedTaskDispatcher with 12 workers.
 -> (artifact id: '3a222f2309ffe7175c32e158216ff86c') in 0.073006 seconds
Number of updated asset objects reloaded before import = 0
Number of asset objects unloaded after import = 21
========================================================================
Received Import Request.
  Time since last request: 0.002132 seconds.
  path: Assets/Synty/PolygonSciFiCity/Prefabs/Buildings/SM_Bld_Large_Part_04.prefab
  artifactKey: Guid(a772ff3690203ee428eb1a2ef2ed8661) Importer(815301076,1909f56bfc062723c751e8b465ee728b)
Start importing Assets/Synty/PolygonSciFiCity/Prefabs/Buildings/SM_Bld_Large_Part_04.prefab using Guid(a772ff3690203ee428eb1a2ef2ed8661) Importer(815301076,1909f56bfc062723c751e8b465ee728b) [PhysX] Initialized MultithreadedTaskDispatcher with 12 workers.
[PhysX] Initialized MultithreadedTaskDispatcher with 12 workers.
 -> (artifact id: '28a98fb5528048404203122d3bde9e1b') in 0.080807 seconds
Number of updated asset objects reloaded before import = 0
Number of asset objects unloaded after import = 13
========================================================================
Received Import Request.
  Time since last request: 0.000021 seconds.
  path: Assets/Synty/PolygonSciFiCity/Prefabs/Buildings/SM_Bld_Section_Door_03.prefab
  artifactKey: Guid(5a3418dd159d8ef46a8c8d04842c5fe4) Importer(815301076,1909f56bfc062723c751e8b465ee728b)
Start importing Assets/Synty/PolygonSciFiCity/Prefabs/Buildings/SM_Bld_Section_Door_03.prefab using Guid(5a3418dd159d8ef46a8c8d04842c5fe4) Importer(815301076,1909f56bfc062723c751e8b465ee728b) [PhysX] Initialized MultithreadedTaskDispatcher with 12 workers.
[PhysX] Initialized MultithreadedTaskDispatcher with 12 workers.
 -> (artifact id: '71d64ba5c22afb05a583083d537504e5') in 0.089915 seconds
Number of updated asset objects reloaded before import = 0
Number of asset objects unloaded after import = 18
========================================================================
Received Import Request.
  Time since last request: 0.000021 seconds.
  path: Assets/Synty/PolygonSciFiCity/Prefabs/Buildings/SM_Bld_Roof_Pagoda_01.prefab
  artifactKey: Guid(36c676f9fda4bd24db00380adc3e77f1) Importer(815301076,1909f56bfc062723c751e8b465ee728b)
Start importing Assets/Synty/PolygonSciFiCity/Prefabs/Buildings/SM_Bld_Roof_Pagoda_01.prefab using Guid(36c676f9fda4bd24db00380adc3e77f1) Importer(815301076,1909f56bfc062723c751e8b465ee728b) [PhysX] Initialized MultithreadedTaskDispatcher with 12 workers.
[PhysX] Initialized MultithreadedTaskDispatcher with 12 workers.
 -> (artifact id: '65c08f8a7801d200be089cb387e84ccc') in 0.083160 seconds
Number of updated asset objects reloaded before import = 0
Number of asset objects unloaded after import = 13
========================================================================
Received Import Request.
  Time since last request: 0.000028 seconds.
  path: Assets/Synty/PolygonSciFiCity/Prefabs/Buildings/SM_Bld_Power_02.prefab
  artifactKey: Guid(a279d9ca726ccb34a923266d9c5f9987) Importer(815301076,1909f56bfc062723c751e8b465ee728b)
Start importing Assets/Synty/PolygonSciFiCity/Prefabs/Buildings/SM_Bld_Power_02.prefab using Guid(a279d9ca726ccb34a923266d9c5f9987) Importer(815301076,1909f56bfc062723c751e8b465ee728b) [PhysX] Initialized MultithreadedTaskDispatcher with 12 workers.
[PhysX] Initialized MultithreadedTaskDispatcher with 12 workers.
 -> (artifact id: 'c77d02982a18d7de6d7f057efa3b068c') in 0.099532 seconds
Number of updated asset objects reloaded before import = 0
Number of asset objects unloaded after import = 13
========================================================================
Received Import Request.
  Time since last request: 0.000035 seconds.
  path: Assets/Synty/PolygonSciFiCity/Prefabs/Buildings/SM_Bld_Section_Industrial_02.prefab
  artifactKey: Guid(1b2b930f55ecf4a449cf0bb6c2820d29) Importer(815301076,1909f56bfc062723c751e8b465ee728b)
Start importing Assets/Synty/PolygonSciFiCity/Prefabs/Buildings/SM_Bld_Section_Industrial_02.prefab using Guid(1b2b930f55ecf4a449cf0bb6c2820d29) Importer(815301076,1909f56bfc062723c751e8b465ee728b) [PhysX] Initialized MultithreadedTaskDispatcher with 12 workers.
[PhysX] Initialized MultithreadedTaskDispatcher with 12 workers.
 -> (artifact id: '46042a2072229007a55f5050f24a7ffd') in 0.076674 seconds
Number of updated asset objects reloaded before import = 0
Number of asset objects unloaded after import = 13
========================================================================
Received Import Request.
  Time since last request: 0.000020 seconds.
  path: Assets/Synty/PolygonSciFiCity/Prefabs/Buildings/SM_Bld_Section_Wall_05.prefab
  artifactKey: Guid(14be2c847c5873f40af6081f07f0bc27) Importer(815301076,1909f56bfc062723c751e8b465ee728b)
Start importing Assets/Synty/PolygonSciFiCity/Prefabs/Buildings/SM_Bld_Section_Wall_05.prefab using Guid(14be2c847c5873f40af6081f07f0bc27) Importer(815301076,1909f56bfc062723c751e8b465ee728b) [PhysX] Initialized MultithreadedTaskDispatcher with 12 workers.
[PhysX] Initialized MultithreadedTaskDispatcher with 12 workers.
 -> (artifact id: '1e83a7076400ca71ad6f36d9b7c53079') in 0.085417 seconds
Number of updated asset objects reloaded before import = 0
Number of asset objects unloaded after import = 13
========================================================================
Received Import Request.
  Time since last request: 0.000027 seconds.
  path: Assets/Synty/PolygonSciFiCity/Prefabs/Buildings/SM_Bld_Section_Window_02.prefab
  artifactKey: Guid(f4c7ff12cc628584b9ad227f43d6129c) Importer(815301076,1909f56bfc062723c751e8b465ee728b)
Start importing Assets/Synty/PolygonSciFiCity/Prefabs/Buildings/SM_Bld_Section_Window_02.prefab using Guid(f4c7ff12cc628584b9ad227f43d6129c) Importer(815301076,1909f56bfc062723c751e8b465ee728b) [PhysX] Initialized MultithreadedTaskDispatcher with 12 workers.
[PhysX] Initialized MultithreadedTaskDispatcher with 12 workers.
 -> (artifact id: '6a18021c66d5a28a23064e5f9f32afdc') in 0.083380 seconds
Number of updated asset objects reloaded before import = 0
Number of asset objects unloaded after import = 13
========================================================================
Received Import Request.
  Time since last request: 0.000029 seconds.
  path: Assets/Synty/PolygonSciFiCity/Prefabs/Buildings/SM_Bld_Section_Window_04.prefab
  artifactKey: Guid(f3ffd5a2a26fdf04e93bfde173e2b50d) Importer(815301076,1909f56bfc062723c751e8b465ee728b)
Start importing Assets/Synty/PolygonSciFiCity/Prefabs/Buildings/SM_Bld_Section_Window_04.prefab using Guid(f3ffd5a2a26fdf04e93bfde173e2b50d) Importer(815301076,1909f56bfc062723c751e8b465ee728b) [PhysX] Initialized MultithreadedTaskDispatcher with 12 workers.
[PhysX] Initialized MultithreadedTaskDispatcher with 12 workers.
 -> (artifact id: 'ac1fd8dee78a2028f4ada464efa07290') in 0.081012 seconds
Number of updated asset objects reloaded before import = 0
Number of asset objects unloaded after import = 13
========================================================================
Received Import Request.
  Time since last request: 0.000036 seconds.
  path: Assets/Synty/PolygonSciFiCity/Prefabs/Buildings/SM_Bld_Large_Part_08.prefab
  artifactKey: Guid(7aaa490d804da864bb2ab5258370fdfe) Importer(815301076,1909f56bfc062723c751e8b465ee728b)
Start importing Assets/Synty/PolygonSciFiCity/Prefabs/Buildings/SM_Bld_Large_Part_08.prefab using Guid(7aaa490d804da864bb2ab5258370fdfe) Importer(815301076,1909f56bfc062723c751e8b465ee728b) [PhysX] Initialized MultithreadedTaskDispatcher with 12 workers.
[PhysX] Initialized MultithreadedTaskDispatcher with 12 workers.
 -> (artifact id: 'd13ab87d4d90bc5fd57b6750b6aac8f9') in 0.076147 seconds
Number of updated asset objects reloaded before import = 0
Number of asset objects unloaded after import = 13
========================================================================
Received Import Request.
  Time since last request: 0.000023 seconds.
  path: Assets/Synty/PolygonSciFiCity/Prefabs/Buildings/SM_Bld_Section_Wall_04.prefab
  artifactKey: Guid(8a8bd17e5172552488590e6cb3dd6d04) Importer(815301076,1909f56bfc062723c751e8b465ee728b)
Start importing Assets/Synty/PolygonSciFiCity/Prefabs/Buildings/SM_Bld_Section_Wall_04.prefab using Guid(8a8bd17e5172552488590e6cb3dd6d04) Importer(815301076,1909f56bfc062723c751e8b465ee728b) [PhysX] Initialized MultithreadedTaskDispatcher with 12 workers.
[PhysX] Initialized MultithreadedTaskDispatcher with 12 workers.
 -> (artifact id: '3501466513a5864cee29083002bb56a1') in 0.080976 seconds
Number of updated asset objects reloaded before import = 0
Number of asset objects unloaded after import = 13
========================================================================
Received Import Request.
  Time since last request: 0.002032 seconds.
  path: Assets/Synty/PolygonSciFiCity/Prefabs/Buildings/SM_Bld_Raised_02.prefab
  artifactKey: Guid(0935701b68167c54a9e2ee7fe6f1d473) Importer(815301076,1909f56bfc062723c751e8b465ee728b)
Start importing Assets/Synty/PolygonSciFiCity/Prefabs/Buildings/SM_Bld_Raised_02.prefab using Guid(0935701b68167c54a9e2ee7fe6f1d473) Importer(815301076,1909f56bfc062723c751e8b465ee728b) [PhysX] Initialized MultithreadedTaskDispatcher with 12 workers.
[PhysX] Initialized MultithreadedTaskDispatcher with 12 workers.
 -> (artifact id: '710bfaeb9aca8fadc4f22f7a62307841') in 0.068241 seconds
Number of updated asset objects reloaded before import = 0
Number of asset objects unloaded after import = 21
========================================================================
Received Import Request.
  Time since last request: 0.000025 seconds.
  path: Assets/Synty/PolygonSciFiCity/Prefabs/Buildings/SM_Bld_Section_Industrial_01.prefab
  artifactKey: Guid(2e01469249653a2469d8db1673fd4505) Importer(815301076,1909f56bfc062723c751e8b465ee728b)
Start importing Assets/Synty/PolygonSciFiCity/Prefabs/Buildings/SM_Bld_Section_Industrial_01.prefab using Guid(2e01469249653a2469d8db1673fd4505) Importer(815301076,1909f56bfc062723c751e8b465ee728b) [PhysX] Initialized MultithreadedTaskDispatcher with 12 workers.
[PhysX] Initialized MultithreadedTaskDispatcher with 12 workers.
 -> (artifact id: '49322af1a96d0409daf0267408aabc65') in 0.088421 seconds
Number of updated asset objects reloaded before import = 0
Number of asset objects unloaded after import = 13
========================================================================
Received Import Request.
  Time since last request: 0.000026 seconds.
  path: Assets/Synty/PolygonSciFiCity/Prefabs/Buildings/SM_Bld_Section_Corner_02.prefab
  artifactKey: Guid(311f820a67aa9054d9bd6f2917e4a591) Importer(815301076,1909f56bfc062723c751e8b465ee728b)
Start importing Assets/Synty/PolygonSciFiCity/Prefabs/Buildings/SM_Bld_Section_Corner_02.prefab using Guid(311f820a67aa9054d9bd6f2917e4a591) Importer(815301076,1909f56bfc062723c751e8b465ee728b) [PhysX] Initialized MultithreadedTaskDispatcher with 12 workers.
[PhysX] Initialized MultithreadedTaskDispatcher with 12 workers.
 -> (artifact id: '79d95b9b501aef845a8bdd0c36c8f127') in 0.078820 seconds
Number of updated asset objects reloaded before import = 0
Number of asset objects unloaded after import = 21
========================================================================
Received Import Request.
  Time since last request: 0.000020 seconds.
  path: Assets/Synty/PolygonSciFiCity/Prefabs/Buildings/SM_Bld_Section_Door_07.prefab
  artifactKey: Guid(e490d3326fa7830428d227a7818f0e7e) Importer(815301076,1909f56bfc062723c751e8b465ee728b)
Start importing Assets/Synty/PolygonSciFiCity/Prefabs/Buildings/SM_Bld_Section_Door_07.prefab using Guid(e490d3326fa7830428d227a7818f0e7e) Importer(815301076,1909f56bfc062723c751e8b465ee728b) [PhysX] Initialized MultithreadedTaskDispatcher with 12 workers.
[PhysX] Initialized MultithreadedTaskDispatcher with 12 workers.
 -> (artifact id: '7ac5f789573d2dbfe15d1afd74268819') in 0.089321 seconds
Number of updated asset objects reloaded before import = 0
Number of asset objects unloaded after import = 26
========================================================================
Received Import Request.
  Time since last request: 0.000019 seconds.
  path: Assets/Synty/PolygonSciFiCity/Prefabs/Buildings/SM_Bld_Power_04.prefab
  artifactKey: Guid(3144fdf31c6d99242985622dcb79b6c6) Importer(815301076,1909f56bfc062723c751e8b465ee728b)
Start importing Assets/Synty/PolygonSciFiCity/Prefabs/Buildings/SM_Bld_Power_04.prefab using Guid(3144fdf31c6d99242985622dcb79b6c6) Importer(815301076,1909f56bfc062723c751e8b465ee728b) [PhysX] Initialized MultithreadedTaskDispatcher with 12 workers.
[PhysX] Initialized MultithreadedTaskDispatcher with 12 workers.
 -> (artifact id: '22de6c009a3084af571097596ce64254') in 0.083401 seconds
Number of updated asset objects reloaded before import = 0
Number of asset objects unloaded after import = 13
========================================================================
Received Import Request.
  Time since last request: 0.000037 seconds.
  path: Assets/Synty/PolygonSciFiCity/Prefabs/Buildings/SM_Bld_Section_Window_01.prefab
  artifactKey: Guid(f685963809caafb42bf2ef0c3d5fec4e) Importer(815301076,1909f56bfc062723c751e8b465ee728b)
Start importing Assets/Synty/PolygonSciFiCity/Prefabs/Buildings/SM_Bld_Section_Window_01.prefab using Guid(f685963809caafb42bf2ef0c3d5fec4e) Importer(815301076,1909f56bfc062723c751e8b465ee728b) [PhysX] Initialized MultithreadedTaskDispatcher with 12 workers.
[PhysX] Initialized MultithreadedTaskDispatcher with 12 workers.
 -> (artifact id: '3f30e3946304779192c3b9710930a189') in 0.085108 seconds
Number of updated asset objects reloaded before import = 0
Number of asset objects unloaded after import = 13
========================================================================
Received Import Request.
  Time since last request: 11.771412 seconds.
  path: Assets/Synty/PolygonSciFiCity/Models/SM_Bld_Large_Part_01.fbx
  artifactKey: Guid(f2c9f0b912a01084aa17b2a2b6e8a334) Importer(815301076,1909f56bfc062723c751e8b465ee728b)
Start importing Assets/Synty/PolygonSciFiCity/Models/SM_Bld_Large_Part_01.fbx using Guid(f2c9f0b912a01084aa17b2a2b6e8a334) Importer(815301076,1909f56bfc062723c751e8b465ee728b) [PhysX] Initialized MultithreadedTaskDispatcher with 12 workers.
[PhysX] Initialized MultithreadedTaskDispatcher with 12 workers.
[PhysX] Initialized MultithreadedTaskDispatcher with 12 workers.
 -> (artifact id: 'e11fb492ec5e2d3743fdfce5831c113d') in 0.020086 seconds
Number of updated asset objects reloaded before import = 0
Number of asset objects unloaded after import = 7
========================================================================
Received Import Request.
  Time since last request: 0.000019 seconds.
  path: Assets/Synty/PolygonSciFiCity/Models/SM_Bld_Raised_02.fbx
  artifactKey: Guid(4a61bb63a59b2654a8b66ac47d3d8558) Importer(815301076,1909f56bfc062723c751e8b465ee728b)
Start importing Assets/Synty/PolygonSciFiCity/Models/SM_Bld_Raised_02.fbx using Guid(4a61bb63a59b2654a8b66ac47d3d8558) Importer(815301076,1909f56bfc062723c751e8b465ee728b) [PhysX] Initialized MultithreadedTaskDispatcher with 12 workers.
[PhysX] Initialized MultithreadedTaskDispatcher with 12 workers.
[PhysX] Initialized MultithreadedTaskDispatcher with 12 workers.
 -> (artifact id: '04a9245b5d30861c6cf24d9b6859cb9c') in 0.018761 seconds
Number of updated asset objects reloaded before import = 0
Number of asset objects unloaded after import = 7
========================================================================
Received Import Request.
  Time since last request: 0.000030 seconds.
  path: Assets/Synty/PolygonSciFiCity/Models/SM_Bld_Section_Wall_01.fbx
  artifactKey: Guid(749bc6dd643fb764b8c461f2399ae9fa) Importer(815301076,1909f56bfc062723c751e8b465ee728b)
Start importing Assets/Synty/PolygonSciFiCity/Models/SM_Bld_Section_Wall_01.fbx using Guid(749bc6dd643fb764b8c461f2399ae9fa) Importer(815301076,1909f56bfc062723c751e8b465ee728b) [PhysX] Initialized MultithreadedTaskDispatcher with 12 workers.
[PhysX] Initialized MultithreadedTaskDispatcher with 12 workers.
[PhysX] Initialized MultithreadedTaskDispatcher with 12 workers.
 -> (artifact id: '6613ba054caa2f625d5f06c77bcc821e') in 0.024269 seconds
Number of updated asset objects reloaded before import = 0
Number of asset objects unloaded after import = 7
========================================================================
Received Import Request.
  Time since last request: 0.000022 seconds.
  path: Assets/Synty/PolygonSciFiCity/Models/SM_Bld_Section_Door_03.fbx
  artifactKey: Guid(43952b211c752ff40828ff20dd2b757b) Importer(815301076,1909f56bfc062723c751e8b465ee728b)
Start importing Assets/Synty/PolygonSciFiCity/Models/SM_Bld_Section_Door_03.fbx using Guid(43952b211c752ff40828ff20dd2b757b) Importer(815301076,1909f56bfc062723c751e8b465ee728b) [PhysX] Initialized MultithreadedTaskDispatcher with 12 workers.
[PhysX] Initialized MultithreadedTaskDispatcher with 12 workers.
[PhysX] Initialized MultithreadedTaskDispatcher with 12 workers.
 -> (artifact id: 'c9f7c546d351ade772d59b63cec9ce2f') in 0.022713 seconds
Number of updated asset objects reloaded before import = 0
Number of asset objects unloaded after import = 7
========================================================================
Received Import Request.
  Time since last request: 0.000810 seconds.
  path: Assets/Synty/PolygonSciFiCity/Models/SM_Bld_Section_Door_01.fbx
  artifactKey: Guid(c33712bf777b1c1468d589ad9e6dd0e8) Importer(815301076,1909f56bfc062723c751e8b465ee728b)
Start importing Assets/Synty/PolygonSciFiCity/Models/SM_Bld_Section_Door_01.fbx using Guid(c33712bf777b1c1468d589ad9e6dd0e8) Importer(815301076,1909f56bfc062723c751e8b465ee728b) [PhysX] Initialized MultithreadedTaskDispatcher with 12 workers.
[PhysX] Initialized MultithreadedTaskDispatcher with 12 workers.
[PhysX] Initialized MultithreadedTaskDispatcher with 12 workers.
 -> (artifact id: 'c508335a8ba027f52d58254a0e49ba82') in 0.022579 seconds
Number of updated asset objects reloaded before import = 0
Number of asset objects unloaded after import = 7
========================================================================
Received Import Request.
  Time since last request: 0.000024 seconds.
  path: Assets/Synty/PolygonSciFiCity/Models/SM_Bld_Power_02.fbx
  artifactKey: Guid(9c3186c17ad0dcb48aaeb5cb28828991) Importer(815301076,1909f56bfc062723c751e8b465ee728b)
Start importing Assets/Synty/PolygonSciFiCity/Models/SM_Bld_Power_02.fbx using Guid(9c3186c17ad0dcb48aaeb5cb28828991) Importer(815301076,1909f56bfc062723c751e8b465ee728b) [PhysX] Initialized MultithreadedTaskDispatcher with 12 workers.
[PhysX] Initialized MultithreadedTaskDispatcher with 12 workers.
[PhysX] Initialized MultithreadedTaskDispatcher with 12 workers.
 -> (artifact id: '5472d46f9a8221a92587c6925beb0893') in 0.021310 seconds
Number of updated asset objects reloaded before import = 0
Number of asset objects unloaded after import = 7
========================================================================
Received Import Request.
  Time since last request: 0.000021 seconds.
  path: Assets/Synty/PolygonSciFiCity/Models/SM_Bld_Power_04.fbx
  artifactKey: Guid(4ea13d3a09587b848acfaebd8ae82e59) Importer(815301076,1909f56bfc062723c751e8b465ee728b)
Start importing Assets/Synty/PolygonSciFiCity/Models/SM_Bld_Power_04.fbx using Guid(4ea13d3a09587b848acfaebd8ae82e59) Importer(815301076,1909f56bfc062723c751e8b465ee728b) [PhysX] Initialized MultithreadedTaskDispatcher with 12 workers.
[PhysX] Initialized MultithreadedTaskDispatcher with 12 workers.
[PhysX] Initialized MultithreadedTaskDispatcher with 12 workers.
 -> (artifact id: '32883de1a58453a511c84cfab4ee0cf0') in 0.023729 seconds
Number of updated asset objects reloaded before import = 0
Number of asset objects unloaded after import = 7
========================================================================
Received Import Request.
  Time since last request: 0.000024 seconds.
  path: Assets/Synty/PolygonSciFiCity/Models/SM_Bld_Section_Corner_02.fbx
  artifactKey: Guid(be50b73c53ac9074887df5529a295999) Importer(815301076,1909f56bfc062723c751e8b465ee728b)
Start importing Assets/Synty/PolygonSciFiCity/Models/SM_Bld_Section_Corner_02.fbx using Guid(be50b73c53ac9074887df5529a295999) Importer(815301076,1909f56bfc062723c751e8b465ee728b) [PhysX] Initialized MultithreadedTaskDispatcher with 12 workers.
[PhysX] Initialized MultithreadedTaskDispatcher with 12 workers.
[PhysX] Initialized MultithreadedTaskDispatcher with 12 workers.
 -> (artifact id: 'c7e28656645ebff896faa3bf0576a089') in 0.020543 seconds
Number of updated asset objects reloaded before import = 0
Number of asset objects unloaded after import = 7
========================================================================
Received Import Request.
  Time since last request: 0.000017 seconds.
  path: Assets/Synty/PolygonSciFiCity/Models/SM_Bld_Large_Part_05.fbx
  artifactKey: Guid(b28ffe9afd2c9b647b5ff5b8d1fb0562) Importer(815301076,1909f56bfc062723c751e8b465ee728b)
Start importing Assets/Synty/PolygonSciFiCity/Models/SM_Bld_Large_Part_05.fbx using Guid(b28ffe9afd2c9b647b5ff5b8d1fb0562) Importer(815301076,1909f56bfc062723c751e8b465ee728b) [PhysX] Initialized MultithreadedTaskDispatcher with 12 workers.
[PhysX] Initialized MultithreadedTaskDispatcher with 12 workers.
[PhysX] Initialized MultithreadedTaskDispatcher with 12 workers.
 -> (artifact id: 'aba06e5a931d1e3f7377cea753d8d634') in 0.019540 seconds
Number of updated asset objects reloaded before import = 0
Number of asset objects unloaded after import = 7
========================================================================
Received Import Request.
  Time since last request: 0.000023 seconds.
  path: Assets/Synty/PolygonSciFiCity/Models/SM_Bld_Section_Corner_03.fbx
  artifactKey: Guid(e206ee4f297612245a529d05d662e144) Importer(815301076,1909f56bfc062723c751e8b465ee728b)
Start importing Assets/Synty/PolygonSciFiCity/Models/SM_Bld_Section_Corner_03.fbx using Guid(e206ee4f297612245a529d05d662e144) Importer(815301076,1909f56bfc062723c751e8b465ee728b) [PhysX] Initialized MultithreadedTaskDispatcher with 12 workers.
[PhysX] Initialized MultithreadedTaskDispatcher with 12 workers.
[PhysX] Initialized MultithreadedTaskDispatcher with 12 workers.
 -> (artifact id: 'e3783a0c579eb166f143f46791aa22bf') in 0.020754 seconds
Number of updated asset objects reloaded before import = 0
Number of asset objects unloaded after import = 7
========================================================================
Received Import Request.
  Time since last request: 0.000020 seconds.
  path: Assets/Synty/PolygonSciFiCity/Models/SM_Bld_Large_Part_04.fbx
  artifactKey: Guid(4a9f21313a446374192a3b15cf30a7ba) Importer(815301076,1909f56bfc062723c751e8b465ee728b)
Start importing Assets/Synty/PolygonSciFiCity/Models/SM_Bld_Large_Part_04.fbx using Guid(4a9f21313a446374192a3b15cf30a7ba) Importer(815301076,1909f56bfc062723c751e8b465ee728b) [PhysX] Initialized MultithreadedTaskDispatcher with 12 workers.
[PhysX] Initialized MultithreadedTaskDispatcher with 12 workers.
[PhysX] Initialized MultithreadedTaskDispatcher with 12 workers.
 -> (artifact id: 'f3d2ac4aac1053fd04f5921040335680') in 0.017551 seconds
Number of updated asset objects reloaded before import = 0
Number of asset objects unloaded after import = 7
========================================================================
Received Import Request.
  Time since last request: 0.000022 seconds.
  path: Assets/Synty/PolygonSciFiCity/Models/SM_Bld_Large_Part_06.fbx
  artifactKey: Guid(15fff0ae08b698144912f1a46a79a546) Importer(815301076,1909f56bfc062723c751e8b465ee728b)
Start importing Assets/Synty/PolygonSciFiCity/Models/SM_Bld_Large_Part_06.fbx using Guid(15fff0ae08b698144912f1a46a79a546) Importer(815301076,1909f56bfc062723c751e8b465ee728b) [PhysX] Initialized MultithreadedTaskDispatcher with 12 workers.
[PhysX] Initialized MultithreadedTaskDispatcher with 12 workers.
[PhysX] Initialized MultithreadedTaskDispatcher with 12 workers.
 -> (artifact id: 'de5fa2fb8f4e847f39dca93c200cc9e8') in 0.017800 seconds
Number of updated asset objects reloaded before import = 0
Number of asset objects unloaded after import = 7
========================================================================
Received Import Request.
  Time since last request: 0.000025 seconds.
  path: Assets/Synty/PolygonSciFiCity/Models/SM_Bld_Power_03.fbx
  artifactKey: Guid(a0d6cd3195e31904895f63fba613ef18) Importer(815301076,1909f56bfc062723c751e8b465ee728b)
Start importing Assets/Synty/PolygonSciFiCity/Models/SM_Bld_Power_03.fbx using Guid(a0d6cd3195e31904895f63fba613ef18) Importer(815301076,1909f56bfc062723c751e8b465ee728b) [PhysX] Initialized MultithreadedTaskDispatcher with 12 workers.
[PhysX] Initialized MultithreadedTaskDispatcher with 12 workers.
[PhysX] Initialized MultithreadedTaskDispatcher with 12 workers.
 -> (artifact id: 'f5239c1dcc2c0609f65912cb1b6dfb49') in 0.027764 seconds
Number of updated asset objects reloaded before import = 0
Number of asset objects unloaded after import = 7
========================================================================
Received Import Request.
  Time since last request: 0.000023 seconds.
  path: Assets/Synty/PolygonSciFiCity/Models/SM_Bld_Section_Door_02.fbx
  artifactKey: Guid(efa1a01aed9f84c4499c4e602773b24f) Importer(815301076,1909f56bfc062723c751e8b465ee728b)
Start importing Assets/Synty/PolygonSciFiCity/Models/SM_Bld_Section_Door_02.fbx using Guid(efa1a01aed9f84c4499c4e602773b24f) Importer(815301076,1909f56bfc062723c751e8b465ee728b) [PhysX] Initialized MultithreadedTaskDispatcher with 12 workers.
[PhysX] Initialized MultithreadedTaskDispatcher with 12 workers.
[PhysX] Initialized MultithreadedTaskDispatcher with 12 workers.
 -> (artifact id: 'f3026a889f538f273a96460a7e07e05a') in 0.018504 seconds
Number of updated asset objects reloaded before import = 0
Number of asset objects unloaded after import = 7
========================================================================
Received Import Request.
  Time since last request: 0.806972 seconds.
  path: Assets/Synty/PolygonSciFiCity/Models/SM_Bld_Industrial_02.fbx
  artifactKey: Guid(f497c5c69623e84468341fe3328adaa7) Importer(815301076,1909f56bfc062723c751e8b465ee728b)
Start importing Assets/Synty/PolygonSciFiCity/Models/SM_Bld_Industrial_02.fbx using Guid(f497c5c69623e84468341fe3328adaa7) Importer(815301076,1909f56bfc062723c751e8b465ee728b) [PhysX] Initialized MultithreadedTaskDispatcher with 12 workers.
[PhysX] Initialized MultithreadedTaskDispatcher with 12 workers.
[PhysX] Initialized MultithreadedTaskDispatcher with 12 workers.
 -> (artifact id: '7806a3cf51bd00d6d8a03526b927b6ee') in 0.020455 seconds
Number of updated asset objects reloaded before import = 0
Number of asset objects unloaded after import = 7
========================================================================
Received Import Request.
  Time since last request: 0.000024 seconds.
  path: Assets/Synty/PolygonSciFiCity/Models/SM_Bld_Large_02.fbx
  artifactKey: Guid(39c6ce44c89129e40a5cd37321c7e437) Importer(815301076,1909f56bfc062723c751e8b465ee728b)
Start importing Assets/Synty/PolygonSciFiCity/Models/SM_Bld_Large_02.fbx using Guid(39c6ce44c89129e40a5cd37321c7e437) Importer(815301076,1909f56bfc062723c751e8b465ee728b) [PhysX] Initialized MultithreadedTaskDispatcher with 12 workers.
[PhysX] Initialized MultithreadedTaskDispatcher with 12 workers.
[PhysX] Initialized MultithreadedTaskDispatcher with 12 workers.
 -> (artifact id: '1f902209d44489d84f9a0e5885d40fa7') in 0.019300 seconds
Number of updated asset objects reloaded before import = 0
Number of asset objects unloaded after import = 7
========================================================================
Received Import Request.
  Time since last request: 0.000020 seconds.
  path: Assets/Synty/PolygonSciFiCity/Models/SM_Bld_Large_05.fbx
  artifactKey: Guid(c50d909029f9c2f4fa04d8cd74ecc53f) Importer(815301076,1909f56bfc062723c751e8b465ee728b)
Start importing Assets/Synty/PolygonSciFiCity/Models/SM_Bld_Large_05.fbx using Guid(c50d909029f9c2f4fa04d8cd74ecc53f) Importer(815301076,1909f56bfc062723c751e8b465ee728b) [PhysX] Initialized MultithreadedTaskDispatcher with 12 workers.
[PhysX] Initialized MultithreadedTaskDispatcher with 12 workers.
[PhysX] Initialized MultithreadedTaskDispatcher with 12 workers.
 -> (artifact id: 'b9277118a704a3d074a76ee7223404fe') in 0.017131 seconds
Number of updated asset objects reloaded before import = 0
Number of asset objects unloaded after import = 7
========================================================================
Received Import Request.
  Time since last request: 0.166841 seconds.
  path: Assets/Synty/PolygonSciFiCity/Models/SM_Bld_Background_Small_04.fbx
  artifactKey: Guid(26cc25c9b31e3a54aa2d061cf6dad016) Importer(815301076,1909f56bfc062723c751e8b465ee728b)
Start importing Assets/Synty/PolygonSciFiCity/Models/SM_Bld_Background_Small_04.fbx using Guid(26cc25c9b31e3a54aa2d061cf6dad016) Importer(815301076,1909f56bfc062723c751e8b465ee728b) [PhysX] Initialized MultithreadedTaskDispatcher with 12 workers.
[PhysX] Initialized MultithreadedTaskDispatcher with 12 workers.
[PhysX] Initialized MultithreadedTaskDispatcher with 12 workers.
 -> (artifact id: 'f72402d08abe67186e14ab5528780706') in 0.016327 seconds
Number of updated asset objects reloaded before import = 0
Number of asset objects unloaded after import = 7
========================================================================
Received Import Request.
  Time since last request: 0.000018 seconds.
  path: Assets/Synty/PolygonSciFiCity/Models/SM_Bld_City_Wall_01.fbx
  artifactKey: Guid(b8258342a3df5b14cac241f34dfe4c2b) Importer(815301076,1909f56bfc062723c751e8b465ee728b)
Start importing Assets/Synty/PolygonSciFiCity/Models/SM_Bld_City_Wall_01.fbx using Guid(b8258342a3df5b14cac241f34dfe4c2b) Importer(815301076,1909f56bfc062723c751e8b465ee728b) [PhysX] Initialized MultithreadedTaskDispatcher with 12 workers.
[PhysX] Initialized MultithreadedTaskDispatcher with 12 workers.
[PhysX] Initialized MultithreadedTaskDispatcher with 12 workers.
 -> (artifact id: '6bfbf4034a98adb34be6468c6a7b3ec7') in 0.018741 seconds
Number of updated asset objects reloaded before import = 0
Number of asset objects unloaded after import = 7
========================================================================
Received Import Request.
  Time since last request: 0.000021 seconds.
  path: Assets/Synty/PolygonSciFiCity/Models/SM_Bld_City_Wall_Tower_01.fbx
  artifactKey: Guid(de04fe5f5ea058c4196ccbcbac489ac3) Importer(815301076,1909f56bfc062723c751e8b465ee728b)
Start importing Assets/Synty/PolygonSciFiCity/Models/SM_Bld_City_Wall_Tower_01.fbx using Guid(de04fe5f5ea058c4196ccbcbac489ac3) Importer(815301076,1909f56bfc062723c751e8b465ee728b) [PhysX] Initialized MultithreadedTaskDispatcher with 12 workers.
[PhysX] Initialized MultithreadedTaskDispatcher with 12 workers.
[PhysX] Initialized MultithreadedTaskDispatcher with 12 workers.
 -> (artifact id: '18d6e538f5abbdda04126c147ef6c542') in 0.017877 seconds
Number of updated asset objects reloaded before import = 0
Number of asset objects unloaded after import = 7
========================================================================
Received Import Request.
  Time since last request: 0.018019 seconds.
  path: Assets/Synty/PolygonSciFiCity/Models/SM_Bld_Background_Med_05.fbx
  artifactKey: Guid(9bda923bb20d8064f90b21e2208d8656) Importer(815301076,1909f56bfc062723c751e8b465ee728b)
Start importing Assets/Synty/PolygonSciFiCity/Models/SM_Bld_Background_Med_05.fbx using Guid(9bda923bb20d8064f90b21e2208d8656) Importer(815301076,1909f56bfc062723c751e8b465ee728b) [PhysX] Initialized MultithreadedTaskDispatcher with 12 workers.
[PhysX] Initialized MultithreadedTaskDispatcher with 12 workers.
[PhysX] Initialized MultithreadedTaskDispatcher with 12 workers.
 -> (artifact id: '5b77fe792ecf16738d9b1ac2b728a8a0') in 0.016005 seconds
Number of updated asset objects reloaded before import = 0
Number of asset objects unloaded after import = 7
========================================================================
Received Import Request.
  Time since last request: 0.000021 seconds.
  path: Assets/Synty/PolygonSciFiCity/Models/SM_Bld_Background_Small_03.fbx
  artifactKey: Guid(af3fa87f8ec788c479f2a1dc537e1df6) Importer(815301076,1909f56bfc062723c751e8b465ee728b)
Start importing Assets/Synty/PolygonSciFiCity/Models/SM_Bld_Background_Small_03.fbx using Guid(af3fa87f8ec788c479f2a1dc537e1df6) Importer(815301076,1909f56bfc062723c751e8b465ee728b) [PhysX] Initialized MultithreadedTaskDispatcher with 12 workers.
[PhysX] Initialized MultithreadedTaskDispatcher with 12 workers.
[PhysX] Initialized MultithreadedTaskDispatcher with 12 workers.
 -> (artifact id: '143a7cb043c5350a92fc4e8a72f6b80c') in 0.017334 seconds
Number of updated asset objects reloaded before import = 0
Number of asset objects unloaded after import = 7
========================================================================
Received Import Request.
  Time since last request: 0.000024 seconds.
  path: Assets/Synty/PolygonSciFiCity/Models/SM_Bld_Background_Med_09.fbx
  artifactKey: Guid(6612c6825b7267347baa088e566e44a3) Importer(815301076,1909f56bfc062723c751e8b465ee728b)
Start importing Assets/Synty/PolygonSciFiCity/Models/SM_Bld_Background_Med_09.fbx using Guid(6612c6825b7267347baa088e566e44a3) Importer(815301076,1909f56bfc062723c751e8b465ee728b) [PhysX] Initialized MultithreadedTaskDispatcher with 12 workers.
[PhysX] Initialized MultithreadedTaskDispatcher with 12 workers.
[PhysX] Initialized MultithreadedTaskDispatcher with 12 workers.
 -> (artifact id: '5123a918058a9133d1055b85b71aac19') in 0.016915 seconds
Number of updated asset objects reloaded before import = 0
Number of asset objects unloaded after import = 7
========================================================================
Received Import Request.
  Time since last request: 0.442008 seconds.
  path: Assets/Synty/PolygonSciFiCity/Models/SM_Bld_Advanced_Doorway_01.fbx
  artifactKey: Guid(f61f5f32d37f7914cbfa94de0536557f) Importer(815301076,1909f56bfc062723c751e8b465ee728b)
Start importing Assets/Synty/PolygonSciFiCity/Models/SM_Bld_Advanced_Doorway_01.fbx using Guid(f61f5f32d37f7914cbfa94de0536557f) Importer(815301076,1909f56bfc062723c751e8b465ee728b) [PhysX] Initialized MultithreadedTaskDispatcher with 12 workers.
[PhysX] Initialized MultithreadedTaskDispatcher with 12 workers.
[PhysX] Initialized MultithreadedTaskDispatcher with 12 workers.
 -> (artifact id: '717956db1d5bdab4c72b3dfe1304cee7') in 0.020352 seconds
Number of updated asset objects reloaded before import = 0
Number of asset objects unloaded after import = 7
========================================================================
Received Import Request.
  Time since last request: 0.000022 seconds.
  path: Assets/Synty/PolygonSciFiCity/Models/SM_Bld_Background_Med_02.fbx
  artifactKey: Guid(1ff456e6e2a4ea64eaaf7f4e3ff8bef8) Importer(815301076,1909f56bfc062723c751e8b465ee728b)
Start importing Assets/Synty/PolygonSciFiCity/Models/SM_Bld_Background_Med_02.fbx using Guid(1ff456e6e2a4ea64eaaf7f4e3ff8bef8) Importer(815301076,1909f56bfc062723c751e8b465ee728b) [PhysX] Initialized MultithreadedTaskDispatcher with 12 workers.
[PhysX] Initialized MultithreadedTaskDispatcher with 12 workers.
[PhysX] Initialized MultithreadedTaskDispatcher with 12 workers.
 -> (artifact id: '89564812710b538897d3b9c2b7d24245') in 0.017699 seconds
Number of updated asset objects reloaded before import = 0
Number of asset objects unloaded after import = 7
========================================================================
Received Import Request.
  Time since last request: 0.000025 seconds.
  path: Assets/Synty/PolygonSciFiCity/Models/SM_Bld_Background_Med_01.fbx
  artifactKey: Guid(8d5d199aa0236934aa5e57624389046e) Importer(815301076,1909f56bfc062723c751e8b465ee728b)
Start importing Assets/Synty/PolygonSciFiCity/Models/SM_Bld_Background_Med_01.fbx using Guid(8d5d199aa0236934aa5e57624389046e) Importer(815301076,1909f56bfc062723c751e8b465ee728b) [PhysX] Initialized MultithreadedTaskDispatcher with 12 workers.
[PhysX] Initialized MultithreadedTaskDispatcher with 12 workers.
[PhysX] Initialized MultithreadedTaskDispatcher with 12 workers.
 -> (artifact id: 'a481f80e961754bd402c66419b1fb32f') in 0.010113 seconds
Number of updated asset objects reloaded before import = 0
Number of asset objects unloaded after import = 7
========================================================================
Received Import Request.
  Time since last request: 0.074753 seconds.
  path: Assets/Synty/PolygonSciFiCity/Models/Characters.fbx
  artifactKey: Guid(4cf8e35218228c74e87ae151b5dc4516) Importer(815301076,1909f56bfc062723c751e8b465ee728b)
Start importing Assets/Synty/PolygonSciFiCity/Models/Characters.fbx using Guid(4cf8e35218228c74e87ae151b5dc4516) Importer(815301076,1909f56bfc062723c751e8b465ee728b) [PhysX] Initialized MultithreadedTaskDispatcher with 12 workers.
[PhysX] Initialized MultithreadedTaskDispatcher with 12 workers.
[PhysX] Initialized MultithreadedTaskDispatcher with 12 workers.
[PhysX] Initialized MultithreadedTaskDispatcher with 12 workers.
[PhysX] Initialized MultithreadedTaskDispatcher with 12 workers.
[PhysX] Initialized MultithreadedTaskDispatcher with 12 workers.
[PhysX] Initialized MultithreadedTaskDispatcher with 12 workers.
[PhysX] Initialized MultithreadedTaskDispatcher with 12 workers.
[PhysX] Initialized MultithreadedTaskDispatcher with 12 workers.
[PhysX] Initialized MultithreadedTaskDispatcher with 12 workers.
[PhysX] Initialized MultithreadedTaskDispatcher with 12 workers.
[PhysX] Initialized MultithreadedTaskDispatcher with 12 workers.
[PhysX] Initialized MultithreadedTaskDispatcher with 12 workers.
[PhysX] Initialized MultithreadedTaskDispatcher with 12 workers.
[PhysX] Initialized MultithreadedTaskDispatcher with 12 workers.
[PhysX] Initialized MultithreadedTaskDispatcher with 12 workers.
[PhysX] Initialized MultithreadedTaskDispatcher with 12 workers.
[PhysX] Initialized MultithreadedTaskDispatcher with 12 workers.
[PhysX] Initialized MultithreadedTaskDispatcher with 12 workers.
[PhysX] Initialized MultithreadedTaskDispatcher with 12 workers.
[PhysX] Initialized MultithreadedTaskDispatcher with 12 workers.
[PhysX] Initialized MultithreadedTaskDispatcher with 12 workers.
[PhysX] Initialized MultithreadedTaskDispatcher with 12 workers.
[PhysX] Initialized MultithreadedTaskDispatcher with 12 workers.
[PhysX] Initialized MultithreadedTaskDispatcher with 12 workers.
[PhysX] Initialized MultithreadedTaskDispatcher with 12 workers.
[PhysX] Initialized MultithreadedTaskDispatcher with 12 workers.
[PhysX] Initialized MultithreadedTaskDispatcher with 12 workers.
[PhysX] Initialized MultithreadedTaskDispatcher with 12 workers.
[PhysX] Initialized MultithreadedTaskDispatcher with 12 workers.
[PhysX] Initialized MultithreadedTaskDispatcher with 12 workers.
[PhysX] Initialized MultithreadedTaskDispatcher with 12 workers.
[PhysX] Initialized MultithreadedTaskDispatcher with 12 workers.
[PhysX] Initialized MultithreadedTaskDispatcher with 12 workers.
[PhysX] Initialized MultithreadedTaskDispatcher with 12 workers.
[PhysX] Initialized MultithreadedTaskDispatcher with 12 workers.
[PhysX] Initialized MultithreadedTaskDispatcher with 12 workers.
[PhysX] Initialized MultithreadedTaskDispatcher with 12 workers.
[PhysX] Initialized MultithreadedTaskDispatcher with 12 workers.
[PhysX] Initialized MultithreadedTaskDispatcher with 12 workers.
[PhysX] Initialized MultithreadedTaskDispatcher with 12 workers.
[PhysX] Initialized MultithreadedTaskDispatcher with 12 workers.
 -> (artifact id: '1f846e7c9a97e5f8ec5046579a1cdf86') in 0.200272 seconds
Number of updated asset objects reloaded before import = 0
Number of asset objects unloaded after import = 184
========================================================================
Received Import Request.
  Time since last request: 4.718125 seconds.
  path: Assets/Synty/PolygonSciFiCity/Models/SM_Bld_Section_Wall_04.fbx
  artifactKey: Guid(9e0684fc2c07e824a9184e07a7fc4f02) Importer(815301076,1909f56bfc062723c751e8b465ee728b)
Start importing Assets/Synty/PolygonSciFiCity/Models/SM_Bld_Section_Wall_04.fbx using Guid(9e0684fc2c07e824a9184e07a7fc4f02) Importer(815301076,1909f56bfc062723c751e8b465ee728b) [PhysX] Initialized MultithreadedTaskDispatcher with 12 workers.
[PhysX] Initialized MultithreadedTaskDispatcher with 12 workers.
[PhysX] Initialized MultithreadedTaskDispatcher with 12 workers.
 -> (artifact id: '15b40600454d50479220b2cab3b2f37b') in 0.026142 seconds
Number of updated asset objects reloaded before import = 0
Number of asset objects unloaded after import = 7
========================================================================
Received Import Request.
  Time since last request: 0.000022 seconds.
  path: Assets/Synty/PolygonSciFiCity/Models/SM_Bld_Shop_Open_01.fbx
  artifactKey: Guid(f5fca201868ada7429916f6120a4009d) Importer(815301076,1909f56bfc062723c751e8b465ee728b)
Start importing Assets/Synty/PolygonSciFiCity/Models/SM_Bld_Shop_Open_01.fbx using Guid(f5fca201868ada7429916f6120a4009d) Importer(815301076,1909f56bfc062723c751e8b465ee728b) [PhysX] Initialized MultithreadedTaskDispatcher with 12 workers.
[PhysX] Initialized MultithreadedTaskDispatcher with 12 workers.
[PhysX] Initialized MultithreadedTaskDispatcher with 12 workers.
 -> (artifact id: '4d43058a4a3cb5142016363e03c96fc5') in 0.029342 seconds
Number of updated asset objects reloaded before import = 0
Number of asset objects unloaded after import = 7
========================================================================
Received Import Request.
  Time since last request: 0.000024 seconds.
  path: Assets/Synty/PolygonSciFiCity/Models/SM_Bld_Section_Window_02.fbx
  artifactKey: Guid(3dcbe45bb15b9b449b51a742a8024437) Importer(815301076,1909f56bfc062723c751e8b465ee728b)
Start importing Assets/Synty/PolygonSciFiCity/Models/SM_Bld_Section_Window_02.fbx using Guid(3dcbe45bb15b9b449b51a742a8024437) Importer(815301076,1909f56bfc062723c751e8b465ee728b) [PhysX] Initialized MultithreadedTaskDispatcher with 12 workers.
[PhysX] Initialized MultithreadedTaskDispatcher with 12 workers.
[PhysX] Initialized MultithreadedTaskDispatcher with 12 workers.
 -> (artifact id: 'acef2c2393110e418c46f722cbb39378') in 0.024849 seconds
Number of updated asset objects reloaded before import = 0
Number of asset objects unloaded after import = 7
========================================================================
Received Import Request.
  Time since last request: 0.573686 seconds.
  path: Assets/Synty/PolygonSciFiCity/Models/SM_Bld_StripClub_01.fbx
  artifactKey: Guid(bd938716d67d11a4cb8efe36f918a173) Importer(815301076,1909f56bfc062723c751e8b465ee728b)
Start importing Assets/Synty/PolygonSciFiCity/Models/SM_Bld_StripClub_01.fbx using Guid(bd938716d67d11a4cb8efe36f918a173) Importer(815301076,1909f56bfc062723c751e8b465ee728b) [PhysX] Initialized MultithreadedTaskDispatcher with 12 workers.
[PhysX] Initialized MultithreadedTaskDispatcher with 12 workers.
[PhysX] Initialized MultithreadedTaskDispatcher with 12 workers.
 -> (artifact id: '926ad10ccab45d3db2a7e231c219a3c5') in 0.018870 seconds
Number of updated asset objects reloaded before import = 0
Number of asset objects unloaded after import = 7
========================================================================
Received Import Request.
  Time since last request: 0.000023 seconds.
  path: Assets/Synty/PolygonSciFiCity/Models/SM_Bld_StripClub_Interior_03.fbx
  artifactKey: Guid(f1d7b7c4f53755e4d9f5d1a0a090fd7b) Importer(815301076,1909f56bfc062723c751e8b465ee728b)
Start importing Assets/Synty/PolygonSciFiCity/Models/SM_Bld_StripClub_Interior_03.fbx using Guid(f1d7b7c4f53755e4d9f5d1a0a090fd7b) Importer(815301076,1909f56bfc062723c751e8b465ee728b) [PhysX] Initialized MultithreadedTaskDispatcher with 12 workers.
[PhysX] Initialized MultithreadedTaskDispatcher with 12 workers.
[PhysX] Initialized MultithreadedTaskDispatcher with 12 workers.
 -> (artifact id: 'dac136178e7712b0c477deb9ae06344a') in 0.016833 seconds
Number of updated asset objects reloaded before import = 0
Number of asset objects unloaded after import = 7
========================================================================
Received Import Request.
  Time since last request: 0.000026 seconds.
  path: Assets/Synty/PolygonSciFiCity/Models/SM_Bld_Warehouse_01.fbx
  artifactKey: Guid(8b4bb575fa7c7514e8ce244267cefe40) Importer(815301076,1909f56bfc062723c751e8b465ee728b)
Start importing Assets/Synty/PolygonSciFiCity/Models/SM_Bld_Warehouse_01.fbx using Guid(8b4bb575fa7c7514e8ce244267cefe40) Importer(815301076,1909f56bfc062723c751e8b465ee728b) [PhysX] Initialized MultithreadedTaskDispatcher with 12 workers.
[PhysX] Initialized MultithreadedTaskDispatcher with 12 workers.
[PhysX] Initialized MultithreadedTaskDispatcher with 12 workers.
[PhysX] Initialized MultithreadedTaskDispatcher with 12 workers.
[PhysX] Initialized MultithreadedTaskDispatcher with 12 workers.
[PhysX] Initialized MultithreadedTaskDispatcher with 12 workers.
[PhysX] Initialized MultithreadedTaskDispatcher with 12 workers.
[PhysX] Initialized MultithreadedTaskDispatcher with 12 workers.
[PhysX] Initialized MultithreadedTaskDispatcher with 12 workers.
[PhysX] Initialized MultithreadedTaskDispatcher with 12 workers.
 -> (artifact id: 'ffc01ae00f00bcbfe09decbe8d16bb71') in 0.048698 seconds
Number of updated asset objects reloaded before import = 0
Number of asset objects unloaded after import = 27
========================================================================
Received Import Request.
  Time since last request: 0.390928 seconds.
  path: Assets/Synty/PolygonSciFiCity/Models/SM_Env_Ceiling_01.fbx
  artifactKey: Guid(71b0a770f384d8542beb2740ddee2441) Importer(815301076,1909f56bfc062723c751e8b465ee728b)
Start importing Assets/Synty/PolygonSciFiCity/Models/SM_Env_Ceiling_01.fbx using Guid(71b0a770f384d8542beb2740ddee2441) Importer(815301076,1909f56bfc062723c751e8b465ee728b) [PhysX] Initialized MultithreadedTaskDispatcher with 12 workers.
[PhysX] Initialized MultithreadedTaskDispatcher with 12 workers.
[PhysX] Initialized MultithreadedTaskDispatcher with 12 workers.
 -> (artifact id: 'c78f784f64147dc9793d1b5356757193') in 0.019286 seconds
Number of updated asset objects reloaded before import = 0
Number of asset objects unloaded after import = 7
========================================================================
Received Import Request.
  Time since last request: 0.000018 seconds.
  path: Assets/Synty/PolygonSciFiCity/Models/SM_Env_Cloud_05.fbx
  artifactKey: Guid(7f0728144a31b6746ae5a1708906f32b) Importer(815301076,1909f56bfc062723c751e8b465ee728b)
Start importing Assets/Synty/PolygonSciFiCity/Models/SM_Env_Cloud_05.fbx using Guid(7f0728144a31b6746ae5a1708906f32b) Importer(815301076,1909f56bfc062723c751e8b465ee728b) [PhysX] Initialized MultithreadedTaskDispatcher with 12 workers.
[PhysX] Initialized MultithreadedTaskDispatcher with 12 workers.
[PhysX] Initialized MultithreadedTaskDispatcher with 12 workers.
 -> (artifact id: '28a890ac6178f69b6de1886ecb1c4f5b') in 0.018146 seconds
Number of updated asset objects reloaded before import = 0
Number of asset objects unloaded after import = 7
========================================================================
Received Import Request.
  Time since last request: 0.000022 seconds.
  path: Assets/Synty/PolygonSciFiCity/Models/SM_Env_Cloud_03.fbx
  artifactKey: Guid(f96dca25ac0af6544ad12c198e7c61ed) Importer(815301076,1909f56bfc062723c751e8b465ee728b)
Start importing Assets/Synty/PolygonSciFiCity/Models/SM_Env_Cloud_03.fbx using Guid(f96dca25ac0af6544ad12c198e7c61ed) Importer(815301076,1909f56bfc062723c751e8b465ee728b) [PhysX] Initialized MultithreadedTaskDispatcher with 12 workers.
[PhysX] Initialized MultithreadedTaskDispatcher with 12 workers.
[PhysX] Initialized MultithreadedTaskDispatcher with 12 workers.
 -> (artifact id: 'c405f5486593f27c802184ad6d7a0f42') in 0.016554 seconds
Number of updated asset objects reloaded before import = 0
Number of asset objects unloaded after import = 7
========================================================================
Received Import Request.
  Time since last request: 0.016728 seconds.
  path: Assets/Synty/PolygonSciFiCity/Models/SM_Env_Floor_01.fbx
  artifactKey: Guid(5bda565d19489dc43b63ad4c4e3679e7) Importer(815301076,1909f56bfc062723c751e8b465ee728b)
Start importing Assets/Synty/PolygonSciFiCity/Models/SM_Env_Floor_01.fbx using Guid(5bda565d19489dc43b63ad4c4e3679e7) Importer(815301076,1909f56bfc062723c751e8b465ee728b) [PhysX] Initialized MultithreadedTaskDispatcher with 12 workers.
[PhysX] Initialized MultithreadedTaskDispatcher with 12 workers.
[PhysX] Initialized MultithreadedTaskDispatcher with 12 workers.
 -> (artifact id: '363f5d30a91535e731425e94592bf767') in 0.010775 seconds
Number of updated asset objects reloaded before import = 0
Number of asset objects unloaded after import = 7
========================================================================
Received Import Request.
  Time since last request: 0.000017 seconds.
  path: Assets/Synty/PolygonSciFiCity/Models/SM_Env_Graffiti_Ground_03.fbx
  artifactKey: Guid(8ee77b411ca04854292f48c69659d6a8) Importer(815301076,1909f56bfc062723c751e8b465ee728b)
Start importing Assets/Synty/PolygonSciFiCity/Models/SM_Env_Graffiti_Ground_03.fbx using Guid(8ee77b411ca04854292f48c69659d6a8) Importer(815301076,1909f56bfc062723c751e8b465ee728b) [PhysX] Initialized MultithreadedTaskDispatcher with 12 workers.
[PhysX] Initialized MultithreadedTaskDispatcher with 12 workers.
[PhysX] Initialized MultithreadedTaskDispatcher with 12 workers.
 -> (artifact id: 'a21faa2e2044102a4bb3b3120a5229ff') in 0.018183 seconds
Number of updated asset objects reloaded before import = 0
Number of asset objects unloaded after import = 7
========================================================================
Received Import Request.
  Time since last request: 0.000024 seconds.
  path: Assets/Synty/PolygonSciFiCity/Models/SM_Env_Graffiti_Ground_05.fbx
  artifactKey: Guid(decc45b35a862a044a632b05e6d386e1) Importer(815301076,1909f56bfc062723c751e8b465ee728b)
Start importing Assets/Synty/PolygonSciFiCity/Models/SM_Env_Graffiti_Ground_05.fbx using Guid(decc45b35a862a044a632b05e6d386e1) Importer(815301076,1909f56bfc062723c751e8b465ee728b) [PhysX] Initialized MultithreadedTaskDispatcher with 12 workers.
[PhysX] Initialized MultithreadedTaskDispatcher with 12 workers.
[PhysX] Initialized MultithreadedTaskDispatcher with 12 workers.
 -> (artifact id: '917ec5c66d3a696a41cb776b8c9b1d0e') in 0.018176 seconds
Number of updated asset objects reloaded before import = 0
Number of asset objects unloaded after import = 7
========================================================================
Received Import Request.
  Time since last request: 0.001845 seconds.
  path: Assets/Synty/PolygonSciFiCity/Models/SM_Env_Graffiti_Wall_03.fbx
  artifactKey: Guid(d20f5a543433ed245b02a49e39c49950) Importer(815301076,1909f56bfc062723c751e8b465ee728b)
Start importing Assets/Synty/PolygonSciFiCity/Models/SM_Env_Graffiti_Wall_03.fbx using Guid(d20f5a543433ed245b02a49e39c49950) Importer(815301076,1909f56bfc062723c751e8b465ee728b) [PhysX] Initialized MultithreadedTaskDispatcher with 12 workers.
[PhysX] Initialized MultithreadedTaskDispatcher with 12 workers.
[PhysX] Initialized MultithreadedTaskDispatcher with 12 workers.
 -> (artifact id: '7835a36daa6e1209d36cc67867622c53') in 0.011192 seconds
Number of updated asset objects reloaded before import = 0
Number of asset objects unloaded after import = 7
========================================================================
Received Import Request.
  Time since last request: 0.000017 seconds.
  path: Assets/Synty/PolygonSciFiCity/Models/SM_Env_Greeble_Cube_01.fbx
  artifactKey: Guid(00245974a9869ee43ba3ac426e3461c0) Importer(815301076,1909f56bfc062723c751e8b465ee728b)
Start importing Assets/Synty/PolygonSciFiCity/Models/SM_Env_Greeble_Cube_01.fbx using Guid(00245974a9869ee43ba3ac426e3461c0) Importer(815301076,1909f56bfc062723c751e8b465ee728b) [PhysX] Initialized MultithreadedTaskDispatcher with 12 workers.
[PhysX] Initialized MultithreadedTaskDispatcher with 12 workers.
[PhysX] Initialized MultithreadedTaskDispatcher with 12 workers.
 -> (artifact id: '9839fb8f29bd956ffb23b0ec560b3709') in 0.017606 seconds
Number of updated asset objects reloaded before import = 0
Number of asset objects unloaded after import = 7
========================================================================
Received Import Request.
  Time since last request: 0.000023 seconds.
  path: Assets/Synty/PolygonSciFiCity/Models/SM_Env_Greeble_Cube_02.fbx
  artifactKey: Guid(da3587d12d6795540bdf7ffcd32b6ee7) Importer(815301076,1909f56bfc062723c751e8b465ee728b)
Start importing Assets/Synty/PolygonSciFiCity/Models/SM_Env_Greeble_Cube_02.fbx using Guid(da3587d12d6795540bdf7ffcd32b6ee7) Importer(815301076,1909f56bfc062723c751e8b465ee728b) [PhysX] Initialized MultithreadedTaskDispatcher with 12 workers.
[PhysX] Initialized MultithreadedTaskDispatcher with 12 workers.
[PhysX] Initialized MultithreadedTaskDispatcher with 12 workers.
 -> (artifact id: '2b289a7dbdfc693c8df4f39917a9be27') in 0.016955 seconds
Number of updated asset objects reloaded before import = 0
Number of asset objects unloaded after import = 7
========================================================================
Received Import Request.
  Time since last request: 1.185927 seconds.
  path: Assets/Synty/PolygonSciFiCity/Models/SM_Env_Ground_01.fbx
  artifactKey: Guid(df5a68e596b99864fab26dd3c10986ed) Importer(815301076,1909f56bfc062723c751e8b465ee728b)
Start importing Assets/Synty/PolygonSciFiCity/Models/SM_Env_Ground_01.fbx using Guid(df5a68e596b99864fab26dd3c10986ed) Importer(815301076,1909f56bfc062723c751e8b465ee728b) [PhysX] Initialized MultithreadedTaskDispatcher with 12 workers.
[PhysX] Initialized MultithreadedTaskDispatcher with 12 workers.
[PhysX] Initialized MultithreadedTaskDispatcher with 12 workers.
 -> (artifact id: '9a3940b6f41abe80314e2c4a23afd8c0') in 0.019417 seconds
Number of updated asset objects reloaded before import = 0
Number of asset objects unloaded after import = 7
========================================================================
Received Import Request.
  Time since last request: 0.000020 seconds.
  path: Assets/Synty/PolygonSciFiCity/Models/SM_Env_Ground_Tile_04.fbx
  artifactKey: Guid(8fca6f12150c0534896a33979a0428e6) Importer(815301076,1909f56bfc062723c751e8b465ee728b)
Start importing Assets/Synty/PolygonSciFiCity/Models/SM_Env_Ground_Tile_04.fbx using Guid(8fca6f12150c0534896a33979a0428e6) Importer(815301076,1909f56bfc062723c751e8b465ee728b) [PhysX] Initialized MultithreadedTaskDispatcher with 12 workers.
[PhysX] Initialized MultithreadedTaskDispatcher with 12 workers.
[PhysX] Initialized MultithreadedTaskDispatcher with 12 workers.
 -> (artifact id: '40649eec11f002e2f5e6b4e10eb5b66d') in 0.019716 seconds
Number of updated asset objects reloaded before import = 0
Number of asset objects unloaded after import = 7
========================================================================
Received Import Request.
  Time since last request: 0.000026 seconds.
  path: Assets/Synty/PolygonSciFiCity/Models/SM_Env_Ground_Tile_03.fbx
  artifactKey: Guid(d714eea6d1b852c47904f0fe9f3f1b29) Importer(815301076,1909f56bfc062723c751e8b465ee728b)
Start importing Assets/Synty/PolygonSciFiCity/Models/SM_Env_Ground_Tile_03.fbx using Guid(d714eea6d1b852c47904f0fe9f3f1b29) Importer(815301076,1909f56bfc062723c751e8b465ee728b) [PhysX] Initialized MultithreadedTaskDispatcher with 12 workers.
[PhysX] Initialized MultithreadedTaskDispatcher with 12 workers.
[PhysX] Initialized MultithreadedTaskDispatcher with 12 workers.
 -> (artifact id: '0f68b8d8f78279f2d39e065270eade2d') in 0.019601 seconds
Number of updated asset objects reloaded before import = 0
Number of asset objects unloaded after import = 7
========================================================================
Received Import Request.
  Time since last request: 0.494524 seconds.
  path: Assets/Synty/PolygonSciFiCity/Models/SM_Env_Ground_Tile_07.fbx
  artifactKey: Guid(cf8aeac2205d2dc42badd3d84112740c) Importer(815301076,1909f56bfc062723c751e8b465ee728b)
Start importing Assets/Synty/PolygonSciFiCity/Models/SM_Env_Ground_Tile_07.fbx using Guid(cf8aeac2205d2dc42badd3d84112740c) Importer(815301076,1909f56bfc062723c751e8b465ee728b) [PhysX] Initialized MultithreadedTaskDispatcher with 12 workers.
[PhysX] Initialized MultithreadedTaskDispatcher with 12 workers.
[PhysX] Initialized MultithreadedTaskDispatcher with 12 workers.
 -> (artifact id: 'bc543bfc27cfebcac9cb2154d74eeedc') in 0.018752 seconds
Number of updated asset objects reloaded before import = 0
Number of asset objects unloaded after import = 7
========================================================================
Received Import Request.
  Time since last request: 0.000019 seconds.
  path: Assets/Synty/PolygonSciFiCity/Models/SM_Env_Ground_Tile_Base_01.fbx
  artifactKey: Guid(ab5fce38decdd4843bc3b6046ba9facc) Importer(815301076,1909f56bfc062723c751e8b465ee728b)
Start importing Assets/Synty/PolygonSciFiCity/Models/SM_Env_Ground_Tile_Base_01.fbx using Guid(ab5fce38decdd4843bc3b6046ba9facc) Importer(815301076,1909f56bfc062723c751e8b465ee728b) [PhysX] Initialized MultithreadedTaskDispatcher with 12 workers.
[PhysX] Initialized MultithreadedTaskDispatcher with 12 workers.
[PhysX] Initialized MultithreadedTaskDispatcher with 12 workers.
 -> (artifact id: '4694eb4056826ffa2a746edd1f377731') in 0.021129 seconds
Number of updated asset objects reloaded before import = 0
Number of asset objects unloaded after import = 7
========================================================================
Received Import Request.
  Time since last request: 0.000024 seconds.
  path: Assets/Synty/PolygonSciFiCity/Models/SM_Env_Ground_Tile_Base_03.fbx
  artifactKey: Guid(d248594ae41e6214bbfa9cf6ca5fd4b6) Importer(815301076,1909f56bfc062723c751e8b465ee728b)
Start importing Assets/Synty/PolygonSciFiCity/Models/SM_Env_Ground_Tile_Base_03.fbx using Guid(d248594ae41e6214bbfa9cf6ca5fd4b6) Importer(815301076,1909f56bfc062723c751e8b465ee728b) [PhysX] Initialized MultithreadedTaskDispatcher with 12 workers.
[PhysX] Initialized MultithreadedTaskDispatcher with 12 workers.
[PhysX] Initialized MultithreadedTaskDispatcher with 12 workers.
 -> (artifact id: '413c86d45a67ad5587d610160e338bc0') in 0.019371 seconds
Number of updated asset objects reloaded before import = 0
Number of asset objects unloaded after import = 7
========================================================================
Received Import Request.
  Time since last request: 0.000022 seconds.
  path: Assets/Synty/PolygonSciFiCity/Models/SM_Env_Ground_Tile_Half_04.fbx
  artifactKey: Guid(5859fe6f8d3f05444b03672adc0226c1) Importer(815301076,1909f56bfc062723c751e8b465ee728b)
Start importing Assets/Synty/PolygonSciFiCity/Models/SM_Env_Ground_Tile_Half_04.fbx using Guid(5859fe6f8d3f05444b03672adc0226c1) Importer(815301076,1909f56bfc062723c751e8b465ee728b) [PhysX] Initialized MultithreadedTaskDispatcher with 12 workers.
[PhysX] Initialized MultithreadedTaskDispatcher with 12 workers.
[PhysX] Initialized MultithreadedTaskDispatcher with 12 workers.
 -> (artifact id: '748aeefae1b7a88a1edeb95d35c623fc') in 0.017847 seconds
Number of updated asset objects reloaded before import = 0
Number of asset objects unloaded after import = 7
========================================================================
Received Import Request.
  Time since last request: 0.000023 seconds.
  path: Assets/Synty/PolygonSciFiCity/Models/SM_Env_Hedge_03.fbx
  artifactKey: Guid(599512ef8c47e9a41b596f94804f9dfa) Importer(815301076,1909f56bfc062723c751e8b465ee728b)
Start importing Assets/Synty/PolygonSciFiCity/Models/SM_Env_Hedge_03.fbx using Guid(599512ef8c47e9a41b596f94804f9dfa) Importer(815301076,1909f56bfc062723c751e8b465ee728b) [PhysX] Initialized MultithreadedTaskDispatcher with 12 workers.
[PhysX] Initialized MultithreadedTaskDispatcher with 12 workers.
[PhysX] Initialized MultithreadedTaskDispatcher with 12 workers.
 -> (artifact id: '86a50a34f6a5d618c5a896968880f6a9') in 0.019290 seconds
Number of updated asset objects reloaded before import = 0
Number of asset objects unloaded after import = 7
========================================================================
Received Import Request.
  Time since last request: 0.000023 seconds.
  path: Assets/Synty/PolygonSciFiCity/Models/SM_Env_Railing_01.fbx
  artifactKey: Guid(e21c8c57aaf403f41a878a7f549fc84b) Importer(815301076,1909f56bfc062723c751e8b465ee728b)
Start importing Assets/Synty/PolygonSciFiCity/Models/SM_Env_Railing_01.fbx using Guid(e21c8c57aaf403f41a878a7f549fc84b) Importer(815301076,1909f56bfc062723c751e8b465ee728b) [PhysX] Initialized MultithreadedTaskDispatcher with 12 workers.
[PhysX] Initialized MultithreadedTaskDispatcher with 12 workers.
[PhysX] Initialized MultithreadedTaskDispatcher with 12 workers.
 -> (artifact id: 'e19223c85a27829e775aa51c33ab6a16') in 0.018389 seconds
Number of updated asset objects reloaded before import = 0
Number of asset objects unloaded after import = 7
========================================================================
Received Import Request.
  Time since last request: 0.000026 seconds.
  path: Assets/Synty/PolygonSciFiCity/Models/SM_Env_Hedge_01.fbx
  artifactKey: Guid(a9451508b5862f14bbfb523514f9eddc) Importer(815301076,1909f56bfc062723c751e8b465ee728b)
Start importing Assets/Synty/PolygonSciFiCity/Models/SM_Env_Hedge_01.fbx using Guid(a9451508b5862f14bbfb523514f9eddc) Importer(815301076,1909f56bfc062723c751e8b465ee728b) [PhysX] Initialized MultithreadedTaskDispatcher with 12 workers.
[PhysX] Initialized MultithreadedTaskDispatcher with 12 workers.
[PhysX] Initialized MultithreadedTaskDispatcher with 12 workers.
 -> (artifact id: '2f68d8c9f60f087d74a13a8fa6f7d033') in 0.017953 seconds
Number of updated asset objects reloaded before import = 0
Number of asset objects unloaded after import = 7
========================================================================
Received Import Request.
  Time since last request: 0.000031 seconds.
  path: Assets/Synty/PolygonSciFiCity/Models/SM_Env_Road_Crossing_02_SF.fbx
  artifactKey: Guid(3fd438a63e7035d4aa2a22f8a3965625) Importer(815301076,1909f56bfc062723c751e8b465ee728b)
Start importing Assets/Synty/PolygonSciFiCity/Models/SM_Env_Road_Crossing_02_SF.fbx using Guid(3fd438a63e7035d4aa2a22f8a3965625) Importer(815301076,1909f56bfc062723c751e8b465ee728b) [PhysX] Initialized MultithreadedTaskDispatcher with 12 workers.
[PhysX] Initialized MultithreadedTaskDispatcher with 12 workers.
[PhysX] Initialized MultithreadedTaskDispatcher with 12 workers.
 -> (artifact id: '52d21f6dca174810967f45b00b4d1c51') in 0.018673 seconds
Number of updated asset objects reloaded before import = 0
Number of asset objects unloaded after import = 7
========================================================================
Received Import Request.
  Time since last request: 0.000022 seconds.
  path: Assets/Synty/PolygonSciFiCity/Models/SM_Env_Road_Arrow_01_SF.fbx
  artifactKey: Guid(573fd8af40525ce4babbc79157f578cb) Importer(815301076,1909f56bfc062723c751e8b465ee728b)
Start importing Assets/Synty/PolygonSciFiCity/Models/SM_Env_Road_Arrow_01_SF.fbx using Guid(573fd8af40525ce4babbc79157f578cb) Importer(815301076,1909f56bfc062723c751e8b465ee728b) [PhysX] Initialized MultithreadedTaskDispatcher with 12 workers.
[PhysX] Initialized MultithreadedTaskDispatcher with 12 workers.
[PhysX] Initialized MultithreadedTaskDispatcher with 12 workers.
 -> (artifact id: '13f77aa9b6349c382f61a902312a6462') in 0.017716 seconds
Number of updated asset objects reloaded before import = 0
Number of asset objects unloaded after import = 7
========================================================================
Received Import Request.
  Time since last request: 0.000017 seconds.
  path: Assets/Synty/PolygonSciFiCity/Models/SM_Env_Road_Lines_01_SF.fbx
  artifactKey: Guid(ac2b1decf63ea1e4cb0168bb3d3f1627) Importer(815301076,1909f56bfc062723c751e8b465ee728b)
Start importing Assets/Synty/PolygonSciFiCity/Models/SM_Env_Road_Lines_01_SF.fbx using Guid(ac2b1decf63ea1e4cb0168bb3d3f1627) Importer(815301076,1909f56bfc062723c751e8b465ee728b) [PhysX] Initialized MultithreadedTaskDispatcher with 12 workers.
[PhysX] Initialized MultithreadedTaskDispatcher with 12 workers.
[PhysX] Initialized MultithreadedTaskDispatcher with 12 workers.
 -> (artifact id: '03032d54ae031c490d437f0d595cc8f0') in 0.017839 seconds
Number of updated asset objects reloaded before import = 0
Number of asset objects unloaded after import = 7
========================================================================
Received Import Request.
  Time since last request: 0.000017 seconds.
  path: Assets/Synty/PolygonSciFiCity/Models/SM_Env_Road_Median_01_SF.fbx
  artifactKey: Guid(8fbdc58226ca41e45b6c0814dff0d6c2) Importer(815301076,1909f56bfc062723c751e8b465ee728b)
Start importing Assets/Synty/PolygonSciFiCity/Models/SM_Env_Road_Median_01_SF.fbx using Guid(8fbdc58226ca41e45b6c0814dff0d6c2) Importer(815301076,1909f56bfc062723c751e8b465ee728b) [PhysX] Initialized MultithreadedTaskDispatcher with 12 workers.
[PhysX] Initialized MultithreadedTaskDispatcher with 12 workers.
[PhysX] Initialized MultithreadedTaskDispatcher with 12 workers.
 -> (artifact id: '9f63016073a6fa8b2c8f1636cf498cb3') in 0.017416 seconds
Number of updated asset objects reloaded before import = 0
Number of asset objects unloaded after import = 7
========================================================================
Received Import Request.
  Time since last request: 0.000016 seconds.
  path: Assets/Synty/PolygonSciFiCity/Models/SM_Env_Road_Lines_02_Corner_02.fbx
  artifactKey: Guid(8643238d71e0cb745b2c8a9711ede25b) Importer(815301076,1909f56bfc062723c751e8b465ee728b)
Start importing Assets/Synty/PolygonSciFiCity/Models/SM_Env_Road_Lines_02_Corner_02.fbx using Guid(8643238d71e0cb745b2c8a9711ede25b) Importer(815301076,1909f56bfc062723c751e8b465ee728b) [PhysX] Initialized MultithreadedTaskDispatcher with 12 workers.
[PhysX] Initialized MultithreadedTaskDispatcher with 12 workers.
[PhysX] Initialized MultithreadedTaskDispatcher with 12 workers.
 -> (artifact id: '18f4dd16280b916b09d9fa0ef8d7e7e6') in 0.017910 seconds
Number of updated asset objects reloaded before import = 0
Number of asset objects unloaded after import = 7
========================================================================
Received Import Request.
  Time since last request: 0.000017 seconds.
  path: Assets/Synty/PolygonSciFiCity/Models/SM_Env_Hedge_Empty_02.fbx
  artifactKey: Guid(59c91f58a9ab24b41afe7c1fd10c38f7) Importer(815301076,1909f56bfc062723c751e8b465ee728b)
Start importing Assets/Synty/PolygonSciFiCity/Models/SM_Env_Hedge_Empty_02.fbx using Guid(59c91f58a9ab24b41afe7c1fd10c38f7) Importer(815301076,1909f56bfc062723c751e8b465ee728b) [PhysX] Initialized MultithreadedTaskDispatcher with 12 workers.
[PhysX] Initialized MultithreadedTaskDispatcher with 12 workers.
[PhysX] Initialized MultithreadedTaskDispatcher with 12 workers.
 -> (artifact id: 'dd8104c103e8369a24e928649b893fe9') in 0.018686 seconds
Number of updated asset objects reloaded before import = 0
Number of asset objects unloaded after import = 7
========================================================================
Received Import Request.
  Time since last request: 0.000022 seconds.
  path: Assets/Synty/PolygonSciFiCity/Models/SM_Env_Road_Lines_01_Corner_02.fbx
  artifactKey: Guid(409fd60beb62c3549b80c12f5c425f4a) Importer(815301076,1909f56bfc062723c751e8b465ee728b)
Start importing Assets/Synty/PolygonSciFiCity/Models/SM_Env_Road_Lines_01_Corner_02.fbx using Guid(409fd60beb62c3549b80c12f5c425f4a) Importer(815301076,1909f56bfc062723c751e8b465ee728b) [PhysX] Initialized MultithreadedTaskDispatcher with 12 workers.
[PhysX] Initialized MultithreadedTaskDispatcher with 12 workers.
[PhysX] Initialized MultithreadedTaskDispatcher with 12 workers.
 -> (artifact id: '2ac1d2a2c9b56a3152128f79d04e1f4e') in 0.015751 seconds
Number of updated asset objects reloaded before import = 0
Number of asset objects unloaded after import = 7
========================================================================
Received Import Request.
  Time since last request: 0.747646 seconds.
  path: Assets/Synty/PolygonSciFiCity/Models/SM_Env_Road_Median_02_SF.fbx
  artifactKey: Guid(f2c2f941461cb19418e4a4a902d92f9f) Importer(815301076,1909f56bfc062723c751e8b465ee728b)
Start importing Assets/Synty/PolygonSciFiCity/Models/SM_Env_Road_Median_02_SF.fbx using Guid(f2c2f941461cb19418e4a4a902d92f9f) Importer(815301076,1909f56bfc062723c751e8b465ee728b) [PhysX] Initialized MultithreadedTaskDispatcher with 12 workers.
[PhysX] Initialized MultithreadedTaskDispatcher with 12 workers.
[PhysX] Initialized MultithreadedTaskDispatcher with 12 workers.
 -> (artifact id: '7812f2b18d9e966f725ff12f760e6787') in 0.018749 seconds
Number of updated asset objects reloaded before import = 0
Number of asset objects unloaded after import = 7
========================================================================
Received Import Request.
  Time since last request: 0.000016 seconds.
  path: Assets/Synty/PolygonSciFiCity/Models/SM_Env_Road_YellowLines_01_SF.fbx
  artifactKey: Guid(f6775c4f56eb97c45ad37b4b1e7650d1) Importer(815301076,1909f56bfc062723c751e8b465ee728b)
Start importing Assets/Synty/PolygonSciFiCity/Models/SM_Env_Road_YellowLines_01_SF.fbx using Guid(f6775c4f56eb97c45ad37b4b1e7650d1) Importer(815301076,1909f56bfc062723c751e8b465ee728b) [PhysX] Initialized MultithreadedTaskDispatcher with 12 workers.
[PhysX] Initialized MultithreadedTaskDispatcher with 12 workers.
[PhysX] Initialized MultithreadedTaskDispatcher with 12 workers.
 -> (artifact id: '12f1656777e398e4e85498f89d526c67') in 0.021004 seconds
Number of updated asset objects reloaded before import = 0
Number of asset objects unloaded after import = 7
========================================================================
Received Import Request.
  Time since last request: 0.000025 seconds.
  path: Assets/Synty/PolygonSciFiCity/Models/SM_Env_Road_YellowLines_02_SF.fbx
  artifactKey: Guid(07b799e4af367384f97dcb79b538ffd2) Importer(815301076,1909f56bfc062723c751e8b465ee728b)
Start importing Assets/Synty/PolygonSciFiCity/Models/SM_Env_Road_YellowLines_02_SF.fbx using Guid(07b799e4af367384f97dcb79b538ffd2) Importer(815301076,1909f56bfc062723c751e8b465ee728b) [PhysX] Initialized MultithreadedTaskDispatcher with 12 workers.
[PhysX] Initialized MultithreadedTaskDispatcher with 12 workers.
[PhysX] Initialized MultithreadedTaskDispatcher with 12 workers.
 -> (artifact id: '9f9889492b9932276c954aee7107ae2a') in 0.016326 seconds
Number of updated asset objects reloaded before import = 0
Number of asset objects unloaded after import = 7
========================================================================
Received Import Request.
  Time since last request: 0.014962 seconds.
  path: Assets/Synty/PolygonSciFiCity/Models/SM_Env_Sidewalk_Corner_02_SF.fbx
  artifactKey: Guid(c606a6620b3dc1b43b630552c8590f60) Importer(815301076,1909f56bfc062723c751e8b465ee728b)
Start importing Assets/Synty/PolygonSciFiCity/Models/SM_Env_Sidewalk_Corner_02_SF.fbx using Guid(c606a6620b3dc1b43b630552c8590f60) Importer(815301076,1909f56bfc062723c751e8b465ee728b) [PhysX] Initialized MultithreadedTaskDispatcher with 12 workers.
[PhysX] Initialized MultithreadedTaskDispatcher with 12 workers.
[PhysX] Initialized MultithreadedTaskDispatcher with 12 workers.
 -> (artifact id: '0b95cd8d574521f24ab536191e1c9500') in 0.018007 seconds
Number of updated asset objects reloaded before import = 0
Number of asset objects unloaded after import = 7
========================================================================
Received Import Request.
  Time since last request: 0.000017 seconds.
  path: Assets/Synty/PolygonSciFiCity/Models/SM_Env_Sidewalk_Merger_01_SF.fbx
  artifactKey: Guid(02ec18ad42ebf114e9f96bde4d0dc8da) Importer(815301076,1909f56bfc062723c751e8b465ee728b)
Start importing Assets/Synty/PolygonSciFiCity/Models/SM_Env_Sidewalk_Merger_01_SF.fbx using Guid(02ec18ad42ebf114e9f96bde4d0dc8da) Importer(815301076,1909f56bfc062723c751e8b465ee728b) [PhysX] Initialized MultithreadedTaskDispatcher with 12 workers.
[PhysX] Initialized MultithreadedTaskDispatcher with 12 workers.
[PhysX] Initialized MultithreadedTaskDispatcher with 12 workers.
 -> (artifact id: 'f658b8663f6f1768d7d97751de376826') in 0.016876 seconds
Number of updated asset objects reloaded before import = 0
Number of asset objects unloaded after import = 7
========================================================================
Received Import Request.
  Time since last request: 0.000024 seconds.
  path: Assets/Synty/PolygonSciFiCity/Models/SM_Env_Sidewalk_Straight_Half_01_SF.fbx
  artifactKey: Guid(392f8857382c7004b9134d2fcdbb262e) Importer(815301076,1909f56bfc062723c751e8b465ee728b)
Start importing Assets/Synty/PolygonSciFiCity/Models/SM_Env_Sidewalk_Straight_Half_01_SF.fbx using Guid(392f8857382c7004b9134d2fcdbb262e) Importer(815301076,1909f56bfc062723c751e8b465ee728b) [PhysX] Initialized MultithreadedTaskDispatcher with 12 workers.
[PhysX] Initialized MultithreadedTaskDispatcher with 12 workers.
[PhysX] Initialized MultithreadedTaskDispatcher with 12 workers.
 -> (artifact id: '429dc65430648f3c279104b1121d9b90') in 0.017425 seconds
Number of updated asset objects reloaded before import = 0
Number of asset objects unloaded after import = 7
========================================================================
Received Import Request.
  Time since last request: 0.000030 seconds.
  path: Assets/Synty/PolygonSciFiCity/Models/SM_Env_Sidewalk_Straight_02_SF.fbx
  artifactKey: Guid(d50af9cf1b38bcc46848b1833373ca92) Importer(815301076,1909f56bfc062723c751e8b465ee728b)
Start importing Assets/Synty/PolygonSciFiCity/Models/SM_Env_Sidewalk_Straight_02_SF.fbx using Guid(d50af9cf1b38bcc46848b1833373ca92) Importer(815301076,1909f56bfc062723c751e8b465ee728b) [PhysX] Initialized MultithreadedTaskDispatcher with 12 workers.
[PhysX] Initialized MultithreadedTaskDispatcher with 12 workers.
[PhysX] Initialized MultithreadedTaskDispatcher with 12 workers.
 -> (artifact id: '1e58d91a869142cb319ed1f95cd5e9d4') in 0.017186 seconds
Number of updated asset objects reloaded before import = 0
Number of asset objects unloaded after import = 7
========================================================================
Received Import Request.
  Time since last request: 0.000025 seconds.
  path: Assets/Synty/PolygonSciFiCity/Models/SM_Env_Sidewalk_Straight_04_SF.fbx
  artifactKey: Guid(229fd75f5d0e9824d957c514bae804c9) Importer(815301076,1909f56bfc062723c751e8b465ee728b)
Start importing Assets/Synty/PolygonSciFiCity/Models/SM_Env_Sidewalk_Straight_04_SF.fbx using Guid(229fd75f5d0e9824d957c514bae804c9) Importer(815301076,1909f56bfc062723c751e8b465ee728b) [PhysX] Initialized MultithreadedTaskDispatcher with 12 workers.
[PhysX] Initialized MultithreadedTaskDispatcher with 12 workers.
[PhysX] Initialized MultithreadedTaskDispatcher with 12 workers.
 -> (artifact id: 'fa6ea2d98eb5b0b4cce8af55e6d3623e') in 0.018247 seconds
Number of updated asset objects reloaded before import = 0
Number of asset objects unloaded after import = 7
========================================================================
Received Import Request.
  Time since last request: 0.000022 seconds.
  path: Assets/Synty/PolygonSciFiCity/Models/SM_Env_Sidewalk_Raised_01.fbx
  artifactKey: Guid(068f77c7f94d3e74eaed70100992d3be) Importer(815301076,1909f56bfc062723c751e8b465ee728b)
Start importing Assets/Synty/PolygonSciFiCity/Models/SM_Env_Sidewalk_Raised_01.fbx using Guid(068f77c7f94d3e74eaed70100992d3be) Importer(815301076,1909f56bfc062723c751e8b465ee728b) [PhysX] Initialized MultithreadedTaskDispatcher with 12 workers.
[PhysX] Initialized MultithreadedTaskDispatcher with 12 workers.
[PhysX] Initialized MultithreadedTaskDispatcher with 12 workers.
 -> (artifact id: 'c92c93609f614e414712c711f060ae74') in 0.010379 seconds
Number of updated asset objects reloaded before import = 0
Number of asset objects unloaded after import = 7
========================================================================
Received Import Request.
  Time since last request: 0.001229 seconds.
  path: Assets/Synty/PolygonSciFiCity/Models/SM_Env_Small_Rocks_02.fbx
  artifactKey: Guid(f8461025f6a5cc6478ada2a2598ad5aa) Importer(815301076,1909f56bfc062723c751e8b465ee728b)
Start importing Assets/Synty/PolygonSciFiCity/Models/SM_Env_Small_Rocks_02.fbx using Guid(f8461025f6a5cc6478ada2a2598ad5aa) Importer(815301076,1909f56bfc062723c751e8b465ee728b) [PhysX] Initialized MultithreadedTaskDispatcher with 12 workers.
[PhysX] Initialized MultithreadedTaskDispatcher with 12 workers.
[PhysX] Initialized MultithreadedTaskDispatcher with 12 workers.
 -> (artifact id: '3e67369e2444583777d4f1b60951f3e0') in 0.017293 seconds
Number of updated asset objects reloaded before import = 0
Number of asset objects unloaded after import = 9
========================================================================
Received Import Request.
  Time since last request: 0.000023 seconds.
  path: Assets/Synty/PolygonSciFiCity/Models/SM_Icon_Ammo.fbx
  artifactKey: Guid(47b1cec102bed5e4ba910b1db5bfe03b) Importer(815301076,1909f56bfc062723c751e8b465ee728b)
Start importing Assets/Synty/PolygonSciFiCity/Models/SM_Icon_Ammo.fbx using Guid(47b1cec102bed5e4ba910b1db5bfe03b) Importer(815301076,1909f56bfc062723c751e8b465ee728b) [PhysX] Initialized MultithreadedTaskDispatcher with 12 workers.
[PhysX] Initialized MultithreadedTaskDispatcher with 12 workers.
[PhysX] Initialized MultithreadedTaskDispatcher with 12 workers.
 -> (artifact id: '5fdbaa22a116539cc3ac3b95758fe08e') in 0.018301 seconds
Number of updated asset objects reloaded before import = 0
Number of asset objects unloaded after import = 7
========================================================================
Received Import Request.
  Time since last request: 0.000019 seconds.
  path: Assets/Synty/PolygonSciFiCity/Models/SM_Env_Tree_03.fbx
  artifactKey: Guid(8a0ed5bd9b7895c4a9961a257dc59ba4) Importer(815301076,1909f56bfc062723c751e8b465ee728b)
Start importing Assets/Synty/PolygonSciFiCity/Models/SM_Env_Tree_03.fbx using Guid(8a0ed5bd9b7895c4a9961a257dc59ba4) Importer(815301076,1909f56bfc062723c751e8b465ee728b) [PhysX] Initialized MultithreadedTaskDispatcher with 12 workers.
[PhysX] Initialized MultithreadedTaskDispatcher with 12 workers.
[PhysX] Initialized MultithreadedTaskDispatcher with 12 workers.
 -> (artifact id: 'd4a8b8254f4140794753b0d279f98cc9') in 0.016636 seconds
Number of updated asset objects reloaded before import = 0
Number of asset objects unloaded after import = 7
========================================================================
Received Import Request.
  Time since last request: 0.729455 seconds.
  path: Assets/Synty/PolygonSciFiCity/Models/SM_Icon_Gun.fbx
  artifactKey: Guid(f90b45390e466324982942c5c1497142) Importer(815301076,1909f56bfc062723c751e8b465ee728b)
Start importing Assets/Synty/PolygonSciFiCity/Models/SM_Icon_Gun.fbx using Guid(f90b45390e466324982942c5c1497142) Importer(815301076,1909f56bfc062723c751e8b465ee728b) [PhysX] Initialized MultithreadedTaskDispatcher with 12 workers.
[PhysX] Initialized MultithreadedTaskDispatcher with 12 workers.
[PhysX] Initialized MultithreadedTaskDispatcher with 12 workers.
 -> (artifact id: '8769fa162a409ad73af310c6e55e7999') in 0.023064 seconds
Number of updated asset objects reloaded before import = 0
Number of asset objects unloaded after import = 7
========================================================================
Received Import Request.
  Time since last request: 0.000026 seconds.
  path: Assets/Synty/PolygonSciFiCity/Models/SM_Icon_Spanners.fbx
  artifactKey: Guid(ac26fda4cf41d344e921e876f3f36ce1) Importer(815301076,1909f56bfc062723c751e8b465ee728b)
Start importing Assets/Synty/PolygonSciFiCity/Models/SM_Icon_Spanners.fbx using Guid(ac26fda4cf41d344e921e876f3f36ce1) Importer(815301076,1909f56bfc062723c751e8b465ee728b) [PhysX] Initialized MultithreadedTaskDispatcher with 12 workers.
[PhysX] Initialized MultithreadedTaskDispatcher with 12 workers.
[PhysX] Initialized MultithreadedTaskDispatcher with 12 workers.
 -> (artifact id: '1fbb2ea6a0d238ad9220db9472c7ea13') in 0.021393 seconds
Number of updated asset objects reloaded before import = 0
Number of asset objects unloaded after import = 7
========================================================================
Received Import Request.
  Time since last request: 0.000042 seconds.
  path: Assets/Synty/PolygonSciFiCity/Models/SM_LightRayCubeAvatar.asset
  artifactKey: Guid(76c80a82b89b0e44490018978804886a) Importer(815301076,1909f56bfc062723c751e8b465ee728b)
Start importing Assets/Synty/PolygonSciFiCity/Models/SM_LightRayCubeAvatar.asset using Guid(76c80a82b89b0e44490018978804886a) Importer(815301076,1909f56bfc062723c751e8b465ee728b) [PhysX] Initialized MultithreadedTaskDispatcher with 12 workers.
 -> (artifact id: '09c4527daed8f59376a58ae98c75e80b') in 0.001612 seconds
Number of updated asset objects reloaded before import = 0
Number of asset objects unloaded after import = 1
========================================================================
Received Import Request.
  Time since last request: 0.000025 seconds.
  path: Assets/Synty/PolygonSciFiCity/Models/SM_LightRayCube.fbx
  artifactKey: Guid(58cfd4aa4fbee164fb0d8e577d3a1cf0) Importer(815301076,1909f56bfc062723c751e8b465ee728b)
Start importing Assets/Synty/PolygonSciFiCity/Models/SM_LightRayCube.fbx using Guid(58cfd4aa4fbee164fb0d8e577d3a1cf0) Importer(815301076,1909f56bfc062723c751e8b465ee728b) [PhysX] Initialized MultithreadedTaskDispatcher with 12 workers.
[PhysX] Initialized MultithreadedTaskDispatcher with 12 workers.
[PhysX] Initialized MultithreadedTaskDispatcher with 12 workers.
[PhysX] Initialized MultithreadedTaskDispatcher with 12 workers.
 -> (artifact id: '2517af4a74aae24ae73aa1d39873be4a') in 0.028215 seconds
Number of updated asset objects reloaded before import = 0
Number of asset objects unloaded after import = 16
========================================================================
Received Import Request.
  Time since last request: 0.000024 seconds.
  path: Assets/Synty/PolygonSciFiCity/Models/SM_Prop_AirConditioningUnit_02.fbx
  artifactKey: Guid(c85334e4bd5d95544b25a676956a0acb) Importer(815301076,1909f56bfc062723c751e8b465ee728b)
Start importing Assets/Synty/PolygonSciFiCity/Models/SM_Prop_AirConditioningUnit_02.fbx using Guid(c85334e4bd5d95544b25a676956a0acb) Importer(815301076,1909f56bfc062723c751e8b465ee728b) [PhysX] Initialized MultithreadedTaskDispatcher with 12 workers.
[PhysX] Initialized MultithreadedTaskDispatcher with 12 workers.
[PhysX] Initialized MultithreadedTaskDispatcher with 12 workers.
 -> (artifact id: '62bad0cdf085e264579918d7a5506650') in 0.022879 seconds
Number of updated asset objects reloaded before import = 0
Number of asset objects unloaded after import = 7
========================================================================
Received Import Request.
  Time since last request: 0.000022 seconds.
  path: Assets/Synty/PolygonSciFiCity/Models/SM_Prop_Barrier_Plastic_03.fbx
  artifactKey: Guid(cc2387824c4a8f241b64938541803aa4) Importer(815301076,1909f56bfc062723c751e8b465ee728b)
Start importing Assets/Synty/PolygonSciFiCity/Models/SM_Prop_Barrier_Plastic_03.fbx using Guid(cc2387824c4a8f241b64938541803aa4) Importer(815301076,1909f56bfc062723c751e8b465ee728b) [PhysX] Initialized MultithreadedTaskDispatcher with 12 workers.
[PhysX] Initialized MultithreadedTaskDispatcher with 12 workers.
[PhysX] Initialized MultithreadedTaskDispatcher with 12 workers.
 -> (artifact id: 'cf0f33918d2dcdb8ef24d25c9c0e2860') in 0.021164 seconds
Number of updated asset objects reloaded before import = 0
Number of asset objects unloaded after import = 7
========================================================================
Received Import Request.
  Time since last request: 0.000032 seconds.
  path: Assets/Synty/PolygonSciFiCity/Models/SM_Prop_Barrier_line_01.fbx
  artifactKey: Guid(dd8f646a9757f584abb822386af0eaa5) Importer(815301076,1909f56bfc062723c751e8b465ee728b)
Start importing Assets/Synty/PolygonSciFiCity/Models/SM_Prop_Barrier_line_01.fbx using Guid(dd8f646a9757f584abb822386af0eaa5) Importer(815301076,1909f56bfc062723c751e8b465ee728b) [PhysX] Initialized MultithreadedTaskDispatcher with 12 workers.
[PhysX] Initialized MultithreadedTaskDispatcher with 12 workers.
[PhysX] Initialized MultithreadedTaskDispatcher with 12 workers.
 -> (artifact id: '676fa04d619fddeccecac57016bac7f5') in 0.020909 seconds
Number of updated asset objects reloaded before import = 0
Number of asset objects unloaded after import = 7
========================================================================
Received Import Request.
  Time since last request: 0.000023 seconds.
  path: Assets/Synty/PolygonSciFiCity/Models/SM_Prop_Beam_01.fbx
  artifactKey: Guid(a2154bac30e97eb4794ce98e103bf574) Importer(815301076,1909f56bfc062723c751e8b465ee728b)
Start importing Assets/Synty/PolygonSciFiCity/Models/SM_Prop_Beam_01.fbx using Guid(a2154bac30e97eb4794ce98e103bf574) Importer(815301076,1909f56bfc062723c751e8b465ee728b) [PhysX] Initialized MultithreadedTaskDispatcher with 12 workers.
[PhysX] Initialized MultithreadedTaskDispatcher with 12 workers.
[PhysX] Initialized MultithreadedTaskDispatcher with 12 workers.
 -> (artifact id: 'cfb6effd665af6c3fa671da367fccb43') in 0.020502 seconds
Number of updated asset objects reloaded before import = 0
Number of asset objects unloaded after import = 7
========================================================================
Received Import Request.
  Time since last request: 0.000027 seconds.
  path: Assets/Synty/PolygonSciFiCity/Models/SM_Prop_Barrier_Plastic_01.fbx
  artifactKey: Guid(d3d462ecfb19f52479c5246b62ec95ed) Importer(815301076,1909f56bfc062723c751e8b465ee728b)
Start importing Assets/Synty/PolygonSciFiCity/Models/SM_Prop_Barrier_Plastic_01.fbx using Guid(d3d462ecfb19f52479c5246b62ec95ed) Importer(815301076,1909f56bfc062723c751e8b465ee728b) [PhysX] Initialized MultithreadedTaskDispatcher with 12 workers.
[PhysX] Initialized MultithreadedTaskDispatcher with 12 workers.
[PhysX] Initialized MultithreadedTaskDispatcher with 12 workers.
 -> (artifact id: '9489749cae0773a5f05cb76f3cdac704') in 0.019670 seconds
Number of updated asset objects reloaded before import = 0
Number of asset objects unloaded after import = 9
========================================================================
Received Import Request.
  Time since last request: 0.000018 seconds.
  path: Assets/Synty/PolygonSciFiCity/Models/SM_Prop_BarChair_01.fbx
  artifactKey: Guid(900488359e103dc428602398955bdbe8) Importer(815301076,1909f56bfc062723c751e8b465ee728b)
Start importing Assets/Synty/PolygonSciFiCity/Models/SM_Prop_BarChair_01.fbx using Guid(900488359e103dc428602398955bdbe8) Importer(815301076,1909f56bfc062723c751e8b465ee728b) [PhysX] Initialized MultithreadedTaskDispatcher with 12 workers.
[PhysX] Initialized MultithreadedTaskDispatcher with 12 workers.
[PhysX] Initialized MultithreadedTaskDispatcher with 12 workers.
 -> (artifact id: '170bae59da199d45ab8ad673b8f5e1a1') in 0.019804 seconds
Number of updated asset objects reloaded before import = 0
Number of asset objects unloaded after import = 7
========================================================================
Received Import Request.
  Time since last request: 0.000018 seconds.
  path: Assets/Synty/PolygonSciFiCity/Models/SM_Prop_Barrier_03.fbx
  artifactKey: Guid(0dce66e88c199824f9b128f32c9105ac) Importer(815301076,1909f56bfc062723c751e8b465ee728b)
Start importing Assets/Synty/PolygonSciFiCity/Models/SM_Prop_Barrier_03.fbx using Guid(0dce66e88c199824f9b128f32c9105ac) Importer(815301076,1909f56bfc062723c751e8b465ee728b) [PhysX] Initialized MultithreadedTaskDispatcher with 12 workers.
[PhysX] Initialized MultithreadedTaskDispatcher with 12 workers.
[PhysX] Initialized MultithreadedTaskDispatcher with 12 workers.
 -> (artifact id: '01673682d0842c51af9f183b3e50c08c') in 0.020386 seconds
Number of updated asset objects reloaded before import = 0
Number of asset objects unloaded after import = 9
========================================================================
Received Import Request.
  Time since last request: 0.000021 seconds.
  path: Assets/Synty/PolygonSciFiCity/Models/SM_Prop_Bottle_01.fbx
  artifactKey: Guid(5f8cb1df0bae6c243837554d46656fa0) Importer(815301076,1909f56bfc062723c751e8b465ee728b)
Start importing Assets/Synty/PolygonSciFiCity/Models/SM_Prop_Bottle_01.fbx using Guid(5f8cb1df0bae6c243837554d46656fa0) Importer(815301076,1909f56bfc062723c751e8b465ee728b) [PhysX] Initialized MultithreadedTaskDispatcher with 12 workers.
[PhysX] Initialized MultithreadedTaskDispatcher with 12 workers.
[PhysX] Initialized MultithreadedTaskDispatcher with 12 workers.
 -> (artifact id: 'bd34f2bfa68426807aecafd6f1084608') in 0.023931 seconds
Number of updated asset objects reloaded before import = 0
Number of asset objects unloaded after import = 7
========================================================================
Received Import Request.
  Time since last request: 0.000361 seconds.
  path: Assets/Synty/PolygonSciFiCity/Models/SM_Prop_Bottle_02.fbx
  artifactKey: Guid(53325a0e6efcc9643a65fb4aa0876568) Importer(815301076,1909f56bfc062723c751e8b465ee728b)
Start importing Assets/Synty/PolygonSciFiCity/Models/SM_Prop_Bottle_02.fbx using Guid(53325a0e6efcc9643a65fb4aa0876568) Importer(815301076,1909f56bfc062723c751e8b465ee728b) [PhysX] Initialized MultithreadedTaskDispatcher with 12 workers.
[PhysX] Initialized MultithreadedTaskDispatcher with 12 workers.
[PhysX] Initialized MultithreadedTaskDispatcher with 12 workers.
 -> (artifact id: 'd3af820bad1741410e9365d9f0b4f48b') in 0.014242 seconds
Number of updated asset objects reloaded before import = 0
Number of asset objects unloaded after import = 7
========================================================================
Received Import Request.
  Time since last request: 0.000031 seconds.
  path: Assets/Synty/PolygonSciFiCity/Models/SM_Prop_Cable_Crossing_Machine_01.fbx
  artifactKey: Guid(ef84634d31db4b64abd8b8995a78aec7) Importer(815301076,1909f56bfc062723c751e8b465ee728b)
Start importing Assets/Synty/PolygonSciFiCity/Models/SM_Prop_Cable_Crossing_Machine_01.fbx using Guid(ef84634d31db4b64abd8b8995a78aec7) Importer(815301076,1909f56bfc062723c751e8b465ee728b) [PhysX] Initialized MultithreadedTaskDispatcher with 12 workers.
[PhysX] Initialized MultithreadedTaskDispatcher with 12 workers.
[PhysX] Initialized MultithreadedTaskDispatcher with 12 workers.
 -> (artifact id: '397c1c8479afd5cafe1ab2849520ec72') in 0.021880 seconds
Number of updated asset objects reloaded before import = 0
Number of asset objects unloaded after import = 7
========================================================================
Received Import Request.
  Time since last request: 0.000018 seconds.
  path: Assets/Synty/PolygonSciFiCity/Models/SM_Prop_Box_Supplies_01.fbx
  artifactKey: Guid(e359562a6b7b5cd47b8622e6312dbd84) Importer(815301076,1909f56bfc062723c751e8b465ee728b)
Start importing Assets/Synty/PolygonSciFiCity/Models/SM_Prop_Box_Supplies_01.fbx using Guid(e359562a6b7b5cd47b8622e6312dbd84) Importer(815301076,1909f56bfc062723c751e8b465ee728b) [PhysX] Initialized MultithreadedTaskDispatcher with 12 workers.
[PhysX] Initialized MultithreadedTaskDispatcher with 12 workers.
[PhysX] Initialized MultithreadedTaskDispatcher with 12 workers.
 -> (artifact id: '0adde05c9ef24ab9a5acfef7d3cea45f') in 0.021335 seconds
Number of updated asset objects reloaded before import = 0
Number of asset objects unloaded after import = 7
========================================================================
Received Import Request.
  Time since last request: 0.000019 seconds.
  path: Assets/Synty/PolygonSciFiCity/Models/SM_Prop_Atm_01.fbx
  artifactKey: Guid(bb052296404479844a0825a62fd033a4) Importer(815301076,1909f56bfc062723c751e8b465ee728b)
Start importing Assets/Synty/PolygonSciFiCity/Models/SM_Prop_Atm_01.fbx using Guid(bb052296404479844a0825a62fd033a4) Importer(815301076,1909f56bfc062723c751e8b465ee728b) [PhysX] Initialized MultithreadedTaskDispatcher with 12 workers.
[PhysX] Initialized MultithreadedTaskDispatcher with 12 workers.
[PhysX] Initialized MultithreadedTaskDispatcher with 12 workers.
 -> (artifact id: '3c99a7efd825bc0fe6945e149438a745') in 0.021068 seconds
Number of updated asset objects reloaded before import = 0
Number of asset objects unloaded after import = 7
========================================================================
Received Import Request.
  Time since last request: 0.875731 seconds.
  path: Assets/Synty/PolygonSciFiCity/Models/SM_Prop_Cable_Crossing_Rail_01.fbx
  artifactKey: Guid(5dcfd34461824ae48a0cc780189a2866) Importer(815301076,1909f56bfc062723c751e8b465ee728b)
Start importing Assets/Synty/PolygonSciFiCity/Models/SM_Prop_Cable_Crossing_Rail_01.fbx using Guid(5dcfd34461824ae48a0cc780189a2866) Importer(815301076,1909f56bfc062723c751e8b465ee728b) [PhysX] Initialized MultithreadedTaskDispatcher with 12 workers.
[PhysX] Initialized MultithreadedTaskDispatcher with 12 workers.
[PhysX] Initialized MultithreadedTaskDispatcher with 12 workers.
 -> (artifact id: '26559c4596ce98888aecdffb9ac78460') in 0.017709 seconds
Number of updated asset objects reloaded before import = 0
Number of asset objects unloaded after import = 7
========================================================================
Received Import Request.
  Time since last request: 0.000019 seconds.
  path: Assets/Synty/PolygonSciFiCity/Models/SM_Prop_Cables_03.fbx
  artifactKey: Guid(953c910998f11b549b7b2880048d9564) Importer(815301076,1909f56bfc062723c751e8b465ee728b)
Start importing Assets/Synty/PolygonSciFiCity/Models/SM_Prop_Cables_03.fbx using Guid(953c910998f11b549b7b2880048d9564) Importer(815301076,1909f56bfc062723c751e8b465ee728b) [PhysX] Initialized MultithreadedTaskDispatcher with 12 workers.
[PhysX] Initialized MultithreadedTaskDispatcher with 12 workers.
[PhysX] Initialized MultithreadedTaskDispatcher with 12 workers.
 -> (artifact id: 'fe33e2beff1940ecae3e1d6bfef7d461') in 0.018897 seconds
Number of updated asset objects reloaded before import = 0
Number of asset objects unloaded after import = 7
========================================================================
Received Import Request.
  Time since last request: 0.000021 seconds.
  path: Assets/Synty/PolygonSciFiCity/Models/SM_Prop_Cables_Ceiling_01.fbx
  artifactKey: Guid(9046914f9b18b864b9a8ac3f0df72081) Importer(815301076,1909f56bfc062723c751e8b465ee728b)
Start importing Assets/Synty/PolygonSciFiCity/Models/SM_Prop_Cables_Ceiling_01.fbx using Guid(9046914f9b18b864b9a8ac3f0df72081) Importer(815301076,1909f56bfc062723c751e8b465ee728b) [PhysX] Initialized MultithreadedTaskDispatcher with 12 workers.
[PhysX] Initialized MultithreadedTaskDispatcher with 12 workers.
[PhysX] Initialized MultithreadedTaskDispatcher with 12 workers.
 -> (artifact id: '9a525c13ea1810ec36fb85cf16d8c346') in 0.018272 seconds
Number of updated asset objects reloaded before import = 0
Number of asset objects unloaded after import = 7
========================================================================
Received Import Request.
  Time since last request: 0.440494 seconds.
  path: Assets/Synty/PolygonSciFiCity/Models/SM_Prop_Carpet_Mat_01.fbx
  artifactKey: Guid(a68298cded87060499f3408b5a40c5ec) Importer(815301076,1909f56bfc062723c751e8b465ee728b)
Start importing Assets/Synty/PolygonSciFiCity/Models/SM_Prop_Carpet_Mat_01.fbx using Guid(a68298cded87060499f3408b5a40c5ec) Importer(815301076,1909f56bfc062723c751e8b465ee728b) [PhysX] Initialized MultithreadedTaskDispatcher with 12 workers.
[PhysX] Initialized MultithreadedTaskDispatcher with 12 workers.
[PhysX] Initialized MultithreadedTaskDispatcher with 12 workers.
 -> (artifact id: 'bca83aad658d54bbbead2ea3dd58127a') in 0.019750 seconds
Number of updated asset objects reloaded before import = 0
Number of asset objects unloaded after import = 7
========================================================================
Received Import Request.
  Time since last request: 0.000022 seconds.
  path: Assets/Synty/PolygonSciFiCity/Models/SM_Prop_Cog_02.fbx
  artifactKey: Guid(cee3b1c9dd80b504aa2d96af7122e966) Importer(815301076,1909f56bfc062723c751e8b465ee728b)
Start importing Assets/Synty/PolygonSciFiCity/Models/SM_Prop_Cog_02.fbx using Guid(cee3b1c9dd80b504aa2d96af7122e966) Importer(815301076,1909f56bfc062723c751e8b465ee728b) [PhysX] Initialized MultithreadedTaskDispatcher with 12 workers.
[PhysX] Initialized MultithreadedTaskDispatcher with 12 workers.
[PhysX] Initialized MultithreadedTaskDispatcher with 12 workers.
 -> (artifact id: '4cd30e429453aca82c0cf72f2544e035') in 0.020284 seconds
Number of updated asset objects reloaded before import = 0
Number of asset objects unloaded after import = 7
========================================================================
Received Import Request.
  Time since last request: 0.000025 seconds.
  path: Assets/Synty/PolygonSciFiCity/Models/SM_Prop_Chain_02.fbx
  artifactKey: Guid(0431e7893baeee24ab91056bc14f63b0) Importer(815301076,1909f56bfc062723c751e8b465ee728b)
Start importing Assets/Synty/PolygonSciFiCity/Models/SM_Prop_Chain_02.fbx using Guid(0431e7893baeee24ab91056bc14f63b0) Importer(815301076,1909f56bfc062723c751e8b465ee728b) [PhysX] Initialized MultithreadedTaskDispatcher with 12 workers.
[PhysX] Initialized MultithreadedTaskDispatcher with 12 workers.
[PhysX] Initialized MultithreadedTaskDispatcher with 12 workers.
 -> (artifact id: '73aa8ec07f80e6efcac7f1bf08df68c2') in 0.017965 seconds
Number of updated asset objects reloaded before import = 0
Number of asset objects unloaded after import = 7
========================================================================
Received Import Request.
  Time since last request: 0.611819 seconds.
  path: Assets/Synty/PolygonSciFiCity/Models/SM_Prop_ControlPanel_01.fbx
  artifactKey: Guid(12231f05e04543e4c92d5095e82cafa3) Importer(815301076,1909f56bfc062723c751e8b465ee728b)
Start importing Assets/Synty/PolygonSciFiCity/Models/SM_Prop_ControlPanel_01.fbx using Guid(12231f05e04543e4c92d5095e82cafa3) Importer(815301076,1909f56bfc062723c751e8b465ee728b) [PhysX] Initialized MultithreadedTaskDispatcher with 12 workers.
[PhysX] Initialized MultithreadedTaskDispatcher with 12 workers.
[PhysX] Initialized MultithreadedTaskDispatcher with 12 workers.
 -> (artifact id: 'f4ec34d8fd2b1664a4209c84d80bd196') in 0.026050 seconds
Number of updated asset objects reloaded before import = 0
Number of asset objects unloaded after import = 7
========================================================================
Received Import Request.
  Time since last request: 0.000023 seconds.
  path: Assets/Synty/PolygonSciFiCity/Models/SM_Prop_Crate_01.fbx
  artifactKey: Guid(5ec69ac5e817e7c4697531440d825774) Importer(815301076,1909f56bfc062723c751e8b465ee728b)
Start importing Assets/Synty/PolygonSciFiCity/Models/SM_Prop_Crate_01.fbx using Guid(5ec69ac5e817e7c4697531440d825774) Importer(815301076,1909f56bfc062723c751e8b465ee728b) [PhysX] Initialized MultithreadedTaskDispatcher with 12 workers.
[PhysX] Initialized MultithreadedTaskDispatcher with 12 workers.
[PhysX] Initialized MultithreadedTaskDispatcher with 12 workers.
[PhysX] Initialized MultithreadedTaskDispatcher with 12 workers.
[PhysX] Initialized MultithreadedTaskDispatcher with 12 workers.
 -> (artifact id: '5baafdb8b8ecf72de4174624bd57c134') in 0.039943 seconds
Number of updated asset objects reloaded before import = 0
Number of asset objects unloaded after import = 12
========================================================================
Received Import Request.
  Time since last request: 0.000021 seconds.
  path: Assets/Synty/PolygonSciFiCity/Models/SM_Prop_Crate_04.fbx
  artifactKey: Guid(33682c6ec0337b146ba93940dfbd7cf3) Importer(815301076,1909f56bfc062723c751e8b465ee728b)
Start importing Assets/Synty/PolygonSciFiCity/Models/SM_Prop_Crate_04.fbx using Guid(33682c6ec0337b146ba93940dfbd7cf3) Importer(815301076,1909f56bfc062723c751e8b465ee728b) [PhysX] Initialized MultithreadedTaskDispatcher with 12 workers.
[PhysX] Initialized MultithreadedTaskDispatcher with 12 workers.
[PhysX] Initialized MultithreadedTaskDispatcher with 12 workers.
 -> (artifact id: 'd11a10b9450e0ac8cc35ec563f3063f8') in 0.022073 seconds
Number of updated asset objects reloaded before import = 0
Number of asset objects unloaded after import = 7
========================================================================
Received Import Request.
  Time since last request: 0.021184 seconds.
  path: Assets/Synty/PolygonSciFiCity/Models/SM_Prop_Crate_Military_01.fbx
  artifactKey: Guid(42492c6545f499840acbd275072cfa7a) Importer(815301076,1909f56bfc062723c751e8b465ee728b)
Start importing Assets/Synty/PolygonSciFiCity/Models/SM_Prop_Crate_Military_01.fbx using Guid(42492c6545f499840acbd275072cfa7a) Importer(815301076,1909f56bfc062723c751e8b465ee728b) [PhysX] Initialized MultithreadedTaskDispatcher with 12 workers.
[PhysX] Initialized MultithreadedTaskDispatcher with 12 workers.
[PhysX] Initialized MultithreadedTaskDispatcher with 12 workers.
[PhysX] Initialized MultithreadedTaskDispatcher with 12 workers.
[PhysX] Initialized MultithreadedTaskDispatcher with 12 workers.
 -> (artifact id: '6de1b453ab1f73a54e74497bed0d3716') in 0.026598 seconds
Number of updated asset objects reloaded before import = 0
Number of asset objects unloaded after import = 12
========================================================================
Received Import Request.
  Time since last request: 0.000025 seconds.
  path: Assets/Synty/PolygonSciFiCity/Models/SM_Prop_DeadZub_01.fbx
  artifactKey: Guid(1fbb71ee14cf7b944ba5480521b16544) Importer(815301076,1909f56bfc062723c751e8b465ee728b)
Start importing Assets/Synty/PolygonSciFiCity/Models/SM_Prop_DeadZub_01.fbx using Guid(1fbb71ee14cf7b944ba5480521b16544) Importer(815301076,1909f56bfc062723c751e8b465ee728b) [PhysX] Initialized MultithreadedTaskDispatcher with 12 workers.
[PhysX] Initialized MultithreadedTaskDispatcher with 12 workers.
[PhysX] Initialized MultithreadedTaskDispatcher with 12 workers.
 -> (artifact id: '77e4de02cfcc028ea60ec6d2b2e2b518') in 0.017566 seconds
Number of updated asset objects reloaded before import = 0
Number of asset objects unloaded after import = 7
========================================================================
Received Import Request.
  Time since last request: 0.000018 seconds.
  path: Assets/Synty/PolygonSciFiCity/Models/SM_Prop_DeadZub_02.fbx
  artifactKey: Guid(1374a42744a8d39408e1b7a94050a014) Importer(815301076,1909f56bfc062723c751e8b465ee728b)
Start importing Assets/Synty/PolygonSciFiCity/Models/SM_Prop_DeadZub_02.fbx using Guid(1374a42744a8d39408e1b7a94050a014) Importer(815301076,1909f56bfc062723c751e8b465ee728b) [PhysX] Initialized MultithreadedTaskDispatcher with 12 workers.
[PhysX] Initialized MultithreadedTaskDispatcher with 12 workers.
[PhysX] Initialized MultithreadedTaskDispatcher with 12 workers.
 -> (artifact id: 'eb8595e639df80acb4bd4fc10559608d') in 0.018479 seconds
Number of updated asset objects reloaded before import = 0
Number of asset objects unloaded after import = 7
========================================================================
Received Import Request.
  Time since last request: 0.222374 seconds.
  path: Assets/Synty/PolygonSciFiCity/Models/SM_Prop_DeadZub_04.fbx
  artifactKey: Guid(ba017381d93cf8b49bc16bd3fbae19b1) Importer(815301076,1909f56bfc062723c751e8b465ee728b)
Start importing Assets/Synty/PolygonSciFiCity/Models/SM_Prop_DeadZub_04.fbx using Guid(ba017381d93cf8b49bc16bd3fbae19b1) Importer(815301076,1909f56bfc062723c751e8b465ee728b) [PhysX] Initialized MultithreadedTaskDispatcher with 12 workers.
[PhysX] Initialized MultithreadedTaskDispatcher with 12 workers.
[PhysX] Initialized MultithreadedTaskDispatcher with 12 workers.
 -> (artifact id: '40e45f3c3f4811c81c42ddd60e978861') in 0.018435 seconds
Number of updated asset objects reloaded before import = 0
Number of asset objects unloaded after import = 7
========================================================================
Received Import Request.
  Time since last request: 0.000016 seconds.
  path: Assets/Synty/PolygonSciFiCity/Models/SM_Prop_Door_02.fbx
  artifactKey: Guid(51df6e62ad4f21f48b380c22856d2871) Importer(815301076,1909f56bfc062723c751e8b465ee728b)
Start importing Assets/Synty/PolygonSciFiCity/Models/SM_Prop_Door_02.fbx using Guid(51df6e62ad4f21f48b380c22856d2871) Importer(815301076,1909f56bfc062723c751e8b465ee728b) [PhysX] Initialized MultithreadedTaskDispatcher with 12 workers.
[PhysX] Initialized MultithreadedTaskDispatcher with 12 workers.
[PhysX] Initialized MultithreadedTaskDispatcher with 12 workers.
 -> (artifact id: '90b0143b1a8b4493afd5792b94c3ca49') in 0.016876 seconds
Number of updated asset objects reloaded before import = 0
Number of asset objects unloaded after import = 7
========================================================================
Received Import Request.
  Time since last request: 0.000025 seconds.
  path: Assets/Synty/PolygonSciFiCity/Models/SM_Prop_Disc_01.fbx
  artifactKey: Guid(1d92c9b1067f8ad4ba7414270a9ac4db) Importer(815301076,1909f56bfc062723c751e8b465ee728b)
Start importing Assets/Synty/PolygonSciFiCity/Models/SM_Prop_Disc_01.fbx using Guid(1d92c9b1067f8ad4ba7414270a9ac4db) Importer(815301076,1909f56bfc062723c751e8b465ee728b) [PhysX] Initialized MultithreadedTaskDispatcher with 12 workers.
[PhysX] Initialized MultithreadedTaskDispatcher with 12 workers.
[PhysX] Initialized MultithreadedTaskDispatcher with 12 workers.
 -> (artifact id: 'df9ff7b294b2adb896093ad5ef76166d') in 0.018996 seconds
Number of updated asset objects reloaded before import = 0
Number of asset objects unloaded after import = 7
========================================================================
Received Import Request.
  Time since last request: 0.784766 seconds.
  path: Assets/Synty/PolygonSciFiCity/Models/SM_Prop_Door_05.fbx
  artifactKey: Guid(8f3cdeda7cd9f934aa16805978af5c6f) Importer(815301076,1909f56bfc062723c751e8b465ee728b)
Start importing Assets/Synty/PolygonSciFiCity/Models/SM_Prop_Door_05.fbx using Guid(8f3cdeda7cd9f934aa16805978af5c6f) Importer(815301076,1909f56bfc062723c751e8b465ee728b) [PhysX] Initialized MultithreadedTaskDispatcher with 12 workers.
[PhysX] Initialized MultithreadedTaskDispatcher with 12 workers.
[PhysX] Initialized MultithreadedTaskDispatcher with 12 workers.
 -> (artifact id: '85efee521915fe3550111fa009c4d034') in 0.021379 seconds
Number of updated asset objects reloaded before import = 0
Number of asset objects unloaded after import = 7
========================================================================
Received Import Request.
  Time since last request: 0.000016 seconds.
  path: Assets/Synty/PolygonSciFiCity/Models/SM_Prop_Dumpster_01.fbx
  artifactKey: Guid(7640835d1115f2144b54fadafe21b55e) Importer(815301076,1909f56bfc062723c751e8b465ee728b)
Start importing Assets/Synty/PolygonSciFiCity/Models/SM_Prop_Dumpster_01.fbx using Guid(7640835d1115f2144b54fadafe21b55e) Importer(815301076,1909f56bfc062723c751e8b465ee728b) [PhysX] Initialized MultithreadedTaskDispatcher with 12 workers.
[PhysX] Initialized MultithreadedTaskDispatcher with 12 workers.
[PhysX] Initialized MultithreadedTaskDispatcher with 12 workers.
[PhysX] Initialized MultithreadedTaskDispatcher with 12 workers.
[PhysX] Initialized MultithreadedTaskDispatcher with 12 workers.
 -> (artifact id: '4660ce533e76d101523bb07d1b7e869e') in 0.028558 seconds
Number of updated asset objects reloaded before import = 0
Number of asset objects unloaded after import = 12
========================================================================
Received Import Request.
  Time since last request: 0.006897 seconds.
  path: Assets/Synty/PolygonSciFiCity/Models/SM_Prop_Fence_01.fbx
  artifactKey: Guid(6064be090550b694eb8c7d898273d5ae) Importer(815301076,1909f56bfc062723c751e8b465ee728b)
Start importing Assets/Synty/PolygonSciFiCity/Models/SM_Prop_Fence_01.fbx using Guid(6064be090550b694eb8c7d898273d5ae) Importer(815301076,1909f56bfc062723c751e8b465ee728b) [PhysX] Initialized MultithreadedTaskDispatcher with 12 workers.
[PhysX] Initialized MultithreadedTaskDispatcher with 12 workers.
[PhysX] Initialized MultithreadedTaskDispatcher with 12 workers.
 -> (artifact id: 'bec8e0d2f3895902d856bf39d7cb4634') in 0.018829 seconds
Number of updated asset objects reloaded before import = 0
Number of asset objects unloaded after import = 9
========================================================================
Received Import Request.
  Time since last request: 0.000019 seconds.
  path: Assets/Synty/PolygonSciFiCity/Models/SM_Prop_FoodTray_04.fbx
  artifactKey: Guid(5bba11796b4e26542b6e61d1ebad705e) Importer(815301076,1909f56bfc062723c751e8b465ee728b)
Start importing Assets/Synty/PolygonSciFiCity/Models/SM_Prop_FoodTray_04.fbx using Guid(5bba11796b4e26542b6e61d1ebad705e) Importer(815301076,1909f56bfc062723c751e8b465ee728b) [PhysX] Initialized MultithreadedTaskDispatcher with 12 workers.
[PhysX] Initialized MultithreadedTaskDispatcher with 12 workers.
[PhysX] Initialized MultithreadedTaskDispatcher with 12 workers.
 -> (artifact id: '6cd40bf2073c93aef920943a8703f5de') in 0.019048 seconds
Number of updated asset objects reloaded before import = 0
Number of asset objects unloaded after import = 7
========================================================================
Received Import Request.
  Time since last request: 0.000029 seconds.
  path: Assets/Synty/PolygonSciFiCity/Models/SM_Prop_FoodTray_02.fbx
  artifactKey: Guid(1622e846306c19d46a827af70bcdb91c) Importer(815301076,1909f56bfc062723c751e8b465ee728b)
Start importing Assets/Synty/PolygonSciFiCity/Models/SM_Prop_FoodTray_02.fbx using Guid(1622e846306c19d46a827af70bcdb91c) Importer(815301076,1909f56bfc062723c751e8b465ee728b) [PhysX] Initialized MultithreadedTaskDispatcher with 12 workers.
[PhysX] Initialized MultithreadedTaskDispatcher with 12 workers.
[PhysX] Initialized MultithreadedTaskDispatcher with 12 workers.
 -> (artifact id: '5f9e7f77ca7112e5f861f5269f8a06a7') in 0.019468 seconds
Number of updated asset objects reloaded before import = 0
Number of asset objects unloaded after import = 7
========================================================================
Received Import Request.
  Time since last request: 0.000023 seconds.
  path: Assets/Synty/PolygonSciFiCity/Models/SM_Prop_Hologram_Burger_03.fbx
  artifactKey: Guid(cdcf8ffbf4beb1c439b5bc236de0b1b7) Importer(815301076,1909f56bfc062723c751e8b465ee728b)
Start importing Assets/Synty/PolygonSciFiCity/Models/SM_Prop_Hologram_Burger_03.fbx using Guid(cdcf8ffbf4beb1c439b5bc236de0b1b7) Importer(815301076,1909f56bfc062723c751e8b465ee728b) [PhysX] Initialized MultithreadedTaskDispatcher with 12 workers.
[PhysX] Initialized MultithreadedTaskDispatcher with 12 workers.
[PhysX] Initialized MultithreadedTaskDispatcher with 12 workers.
[PhysX] Initialized MultithreadedTaskDispatcher with 12 workers.
[PhysX] Initialized MultithreadedTaskDispatcher with 12 workers.
 -> (artifact id: '63dff7e41dd11bb76f76c530c50412f4') in 0.027297 seconds
Number of updated asset objects reloaded before import = 0
Number of asset objects unloaded after import = 14
========================================================================
Received Import Request.
  Time since last request: 0.000025 seconds.
  path: Assets/Synty/PolygonSciFiCity/Models/SM_Prop_Hologram_Pizza_01.fbx
  artifactKey: Guid(d22c2ca00d56e2b448ef468a11d4c426) Importer(815301076,1909f56bfc062723c751e8b465ee728b)
Start importing Assets/Synty/PolygonSciFiCity/Models/SM_Prop_Hologram_Pizza_01.fbx using Guid(d22c2ca00d56e2b448ef468a11d4c426) Importer(815301076,1909f56bfc062723c751e8b465ee728b) [PhysX] Initialized MultithreadedTaskDispatcher with 12 workers.
[PhysX] Initialized MultithreadedTaskDispatcher with 12 workers.
[PhysX] Initialized MultithreadedTaskDispatcher with 12 workers.
[PhysX] Initialized MultithreadedTaskDispatcher with 12 workers.
[PhysX] Initialized MultithreadedTaskDispatcher with 12 workers.
 -> (artifact id: 'a06420702054067868e77768d9b5dff5') in 0.028107 seconds
Number of updated asset objects reloaded before import = 0
Number of asset objects unloaded after import = 14
========================================================================
Received Import Request.
  Time since last request: 0.000018 seconds.
  path: Assets/Synty/PolygonSciFiCity/Models/SM_Prop_MarketCovcer_02.fbx
  artifactKey: Guid(715a3a5fea5bfb442ad8334914facaa1) Importer(815301076,1909f56bfc062723c751e8b465ee728b)
Start importing Assets/Synty/PolygonSciFiCity/Models/SM_Prop_MarketCovcer_02.fbx using Guid(715a3a5fea5bfb442ad8334914facaa1) Importer(815301076,1909f56bfc062723c751e8b465ee728b) [PhysX] Initialized MultithreadedTaskDispatcher with 12 workers.
[PhysX] Initialized MultithreadedTaskDispatcher with 12 workers.
[PhysX] Initialized MultithreadedTaskDispatcher with 12 workers.
 -> (artifact id: '5181081a2293f56c9c3db051bee71e4f') in 0.018749 seconds
Number of updated asset objects reloaded before import = 0
Number of asset objects unloaded after import = 7
========================================================================
Received Import Request.
  Time since last request: 0.000024 seconds.
  path: Assets/Synty/PolygonSciFiCity/Models/SM_Prop_Jar_02.fbx
  artifactKey: Guid(7141fc1b8e2675d4c88ea59ffb50494f) Importer(815301076,1909f56bfc062723c751e8b465ee728b)
Start importing Assets/Synty/PolygonSciFiCity/Models/SM_Prop_Jar_02.fbx using Guid(7141fc1b8e2675d4c88ea59ffb50494f) Importer(815301076,1909f56bfc062723c751e8b465ee728b) [PhysX] Initialized MultithreadedTaskDispatcher with 12 workers.
[PhysX] Initialized MultithreadedTaskDispatcher with 12 workers.
[PhysX] Initialized MultithreadedTaskDispatcher with 12 workers.
[PhysX] Initialized MultithreadedTaskDispatcher with 12 workers.
[PhysX] Initialized MultithreadedTaskDispatcher with 12 workers.
 -> (artifact id: '429cabc24dee2e1e14ceb36ec918f80d') in 0.026192 seconds
Number of updated asset objects reloaded before import = 0
Number of asset objects unloaded after import = 12
========================================================================
Received Import Request.
  Time since last request: 0.000019 seconds.
  path: Assets/Synty/PolygonSciFiCity/Models/SM_Prop_Hologram_Bottle_01.fbx
  artifactKey: Guid(62523381b6f1e2c478699ba0b43d47d8) Importer(815301076,1909f56bfc062723c751e8b465ee728b)
Start importing Assets/Synty/PolygonSciFiCity/Models/SM_Prop_Hologram_Bottle_01.fbx using Guid(62523381b6f1e2c478699ba0b43d47d8) Importer(815301076,1909f56bfc062723c751e8b465ee728b) [PhysX] Initialized MultithreadedTaskDispatcher with 12 workers.
[PhysX] Initialized MultithreadedTaskDispatcher with 12 workers.
[PhysX] Initialized MultithreadedTaskDispatcher with 12 workers.
[PhysX] Initialized MultithreadedTaskDispatcher with 12 workers.
[PhysX] Initialized MultithreadedTaskDispatcher with 12 workers.
 -> (artifact id: 'd97fb7499da6459535f09ee4259ce448') in 0.025026 seconds
Number of updated asset objects reloaded before import = 0
Number of asset objects unloaded after import = 14
========================================================================
Received Import Request.
  Time since last request: 0.000022 seconds.
  path: Assets/Synty/PolygonSciFiCity/Models/SM_Prop_JarLiquid_02.fbx
  artifactKey: Guid(508156a963f0e9c4eb9e91a0310cd3f8) Importer(815301076,1909f56bfc062723c751e8b465ee728b)
Start importing Assets/Synty/PolygonSciFiCity/Models/SM_Prop_JarLiquid_02.fbx using Guid(508156a963f0e9c4eb9e91a0310cd3f8) Importer(815301076,1909f56bfc062723c751e8b465ee728b) [PhysX] Initialized MultithreadedTaskDispatcher with 12 workers.
[PhysX] Initialized MultithreadedTaskDispatcher with 12 workers.
[PhysX] Initialized MultithreadedTaskDispatcher with 12 workers.
 -> (artifact id: 'f709476a75efb2e562d47815858088dd') in 0.016843 seconds
Number of updated asset objects reloaded before import = 0
Number of asset objects unloaded after import = 7
========================================================================
Received Import Request.
  Time since last request: 0.510761 seconds.
  path: Assets/Synty/PolygonSciFiCity/Models/SM_Prop_MarketCover_01.fbx
  artifactKey: Guid(c3b3092ff168e614caba589f78c94347) Importer(815301076,1909f56bfc062723c751e8b465ee728b)
Start importing Assets/Synty/PolygonSciFiCity/Models/SM_Prop_MarketCover_01.fbx using Guid(c3b3092ff168e614caba589f78c94347) Importer(815301076,1909f56bfc062723c751e8b465ee728b) [PhysX] Initialized MultithreadedTaskDispatcher with 12 workers.
[PhysX] Initialized MultithreadedTaskDispatcher with 12 workers.
[PhysX] Initialized MultithreadedTaskDispatcher with 12 workers.
 -> (artifact id: 'b36b8a1976cd56e2160bc4eb8c7473ba') in 0.019384 seconds
Number of updated asset objects reloaded before import = 0
Number of asset objects unloaded after import = 7
========================================================================
Received Import Request.
  Time since last request: 0.000020 seconds.
  path: Assets/Synty/PolygonSciFiCity/Models/SM_Prop_MarketCover_04.fbx
  artifactKey: Guid(dc9b818234493334e9bf1dce2e060b8c) Importer(815301076,1909f56bfc062723c751e8b465ee728b)
Start importing Assets/Synty/PolygonSciFiCity/Models/SM_Prop_MarketCover_04.fbx using Guid(dc9b818234493334e9bf1dce2e060b8c) Importer(815301076,1909f56bfc062723c751e8b465ee728b) [PhysX] Initialized MultithreadedTaskDispatcher with 12 workers.
[PhysX] Initialized MultithreadedTaskDispatcher with 12 workers.
[PhysX] Initialized MultithreadedTaskDispatcher with 12 workers.
 -> (artifact id: '5a7c909bb14ddee09db084befff10b4a') in 0.018306 seconds
Number of updated asset objects reloaded before import = 0
Number of asset objects unloaded after import = 7
========================================================================
Received Import Request.
  Time since last request: 0.000027 seconds.
  path: Assets/Synty/PolygonSciFiCity/Models/SM_Prop_MarketCover_05.fbx
  artifactKey: Guid(786bfd655698d4645bd1c16c9cd9d12a) Importer(815301076,1909f56bfc062723c751e8b465ee728b)
Start importing Assets/Synty/PolygonSciFiCity/Models/SM_Prop_MarketCover_05.fbx using Guid(786bfd655698d4645bd1c16c9cd9d12a) Importer(815301076,1909f56bfc062723c751e8b465ee728b) [PhysX] Initialized MultithreadedTaskDispatcher with 12 workers.
[PhysX] Initialized MultithreadedTaskDispatcher with 12 workers.
[PhysX] Initialized MultithreadedTaskDispatcher with 12 workers.
 -> (artifact id: '551f4672a7b69a25b690a23b1bac05b6') in 0.020224 seconds
Number of updated asset objects reloaded before import = 0
Number of asset objects unloaded after import = 7
========================================================================
Received Import Request.
  Time since last request: 0.025282 seconds.
  path: Assets/Synty/PolygonSciFiCity/Models/SM_Prop_MarketTable_02.fbx
  artifactKey: Guid(30221d7b2e5c40d4789b277ff6828b5f) Importer(815301076,1909f56bfc062723c751e8b465ee728b)
Start importing Assets/Synty/PolygonSciFiCity/Models/SM_Prop_MarketTable_02.fbx using Guid(30221d7b2e5c40d4789b277ff6828b5f) Importer(815301076,1909f56bfc062723c751e8b465ee728b) [PhysX] Initialized MultithreadedTaskDispatcher with 12 workers.
[PhysX] Initialized MultithreadedTaskDispatcher with 12 workers.
[PhysX] Initialized MultithreadedTaskDispatcher with 12 workers.
 -> (artifact id: '3c82a948fade52dda8474eed31ed4852') in 0.018238 seconds
Number of updated asset objects reloaded before import = 0
Number of asset objects unloaded after import = 7
========================================================================
Received Import Request.
  Time since last request: 0.000023 seconds.
  path: Assets/Synty/PolygonSciFiCity/Models/SM_Prop_MarketTable_05.fbx
  artifactKey: Guid(471504d710d92d1429c47e7cd48dfaa0) Importer(815301076,1909f56bfc062723c751e8b465ee728b)
Start importing Assets/Synty/PolygonSciFiCity/Models/SM_Prop_MarketTable_05.fbx using Guid(471504d710d92d1429c47e7cd48dfaa0) Importer(815301076,1909f56bfc062723c751e8b465ee728b) [PhysX] Initialized MultithreadedTaskDispatcher with 12 workers.
[PhysX] Initialized MultithreadedTaskDispatcher with 12 workers.
[PhysX] Initialized MultithreadedTaskDispatcher with 12 workers.
 -> (artifact id: '2d9466fa667c3800adae2277f007f738') in 0.017805 seconds
Number of updated asset objects reloaded before import = 0
Number of asset objects unloaded after import = 7
========================================================================
Received Import Request.
  Time since last request: 0.000018 seconds.
  path: Assets/Synty/PolygonSciFiCity/Models/SM_Prop_Meat_02.fbx
  artifactKey: Guid(84f8c2f6891d0bf46b7f73d1220792ae) Importer(815301076,1909f56bfc062723c751e8b465ee728b)
Start importing Assets/Synty/PolygonSciFiCity/Models/SM_Prop_Meat_02.fbx using Guid(84f8c2f6891d0bf46b7f73d1220792ae) Importer(815301076,1909f56bfc062723c751e8b465ee728b) [PhysX] Initialized MultithreadedTaskDispatcher with 12 workers.
[PhysX] Initialized MultithreadedTaskDispatcher with 12 workers.
[PhysX] Initialized MultithreadedTaskDispatcher with 12 workers.
 -> (artifact id: '4242619fca3ba6cecbdec684833a38b5') in 0.017455 seconds
Number of updated asset objects reloaded before import = 0
Number of asset objects unloaded after import = 7
========================================================================
Received Import Request.
  Time since last request: 0.232071 seconds.
  path: Assets/Synty/PolygonSciFiCity/Models/SM_Prop_Medical_Machine_01.fbx
  artifactKey: Guid(1cb81a7e63bed6846870662f039e9a9d) Importer(815301076,1909f56bfc062723c751e8b465ee728b)
Start importing Assets/Synty/PolygonSciFiCity/Models/SM_Prop_Medical_Machine_01.fbx using Guid(1cb81a7e63bed6846870662f039e9a9d) Importer(815301076,1909f56bfc062723c751e8b465ee728b) [PhysX] Initialized MultithreadedTaskDispatcher with 12 workers.
[PhysX] Initialized MultithreadedTaskDispatcher with 12 workers.
[PhysX] Initialized MultithreadedTaskDispatcher with 12 workers.
 -> (artifact id: 'f1a4f487d51860e35e414bef58b15c7c') in 0.018120 seconds
Number of updated asset objects reloaded before import = 0
Number of asset objects unloaded after import = 7
========================================================================
Received Import Request.
  Time since last request: 0.000016 seconds.
  path: Assets/Synty/PolygonSciFiCity/Models/SM_Prop_Monitor_02.fbx
  artifactKey: Guid(9b84ea2924967ce4382b28725d53f52d) Importer(815301076,1909f56bfc062723c751e8b465ee728b)
Start importing Assets/Synty/PolygonSciFiCity/Models/SM_Prop_Monitor_02.fbx using Guid(9b84ea2924967ce4382b28725d53f52d) Importer(815301076,1909f56bfc062723c751e8b465ee728b) [PhysX] Initialized MultithreadedTaskDispatcher with 12 workers.
[PhysX] Initialized MultithreadedTaskDispatcher with 12 workers.
[PhysX] Initialized MultithreadedTaskDispatcher with 12 workers.
[PhysX] Initialized MultithreadedTaskDispatcher with 12 workers.
[PhysX] Initialized MultithreadedTaskDispatcher with 12 workers.
 -> (artifact id: 'e816bf0892e6024b6e61fb75edff5ad5') in 0.030410 seconds
Number of updated asset objects reloaded before import = 0
Number of asset objects unloaded after import = 12
========================================================================
Received Import Request.
  Time since last request: 0.000025 seconds.
  path: Assets/Synty/PolygonSciFiCity/Models/SM_Prop_Meter_01.fbx
  artifactKey: Guid(c02c1b54d9e64af469f39fa9376654ff) Importer(815301076,1909f56bfc062723c751e8b465ee728b)
Start importing Assets/Synty/PolygonSciFiCity/Models/SM_Prop_Meter_01.fbx using Guid(c02c1b54d9e64af469f39fa9376654ff) Importer(815301076,1909f56bfc062723c751e8b465ee728b) [PhysX] Initialized MultithreadedTaskDispatcher with 12 workers.
[PhysX] Initialized MultithreadedTaskDispatcher with 12 workers.
[PhysX] Initialized MultithreadedTaskDispatcher with 12 workers.
 -> (artifact id: 'd6687ea138dddeb06f31207097f8a6e1') in 0.021225 seconds
Number of updated asset objects reloaded before import = 0
Number of asset objects unloaded after import = 7
========================================================================
Received Import Request.
  Time since last request: 0.425812 seconds.
  path: Assets/Synty/PolygonSciFiCity/Models/SM_Prop_Office_Chair_01.fbx
  artifactKey: Guid(27d2c853dabc69c4f96bd7f97e26587c) Importer(815301076,1909f56bfc062723c751e8b465ee728b)
Start importing Assets/Synty/PolygonSciFiCity/Models/SM_Prop_Office_Chair_01.fbx using Guid(27d2c853dabc69c4f96bd7f97e26587c) Importer(815301076,1909f56bfc062723c751e8b465ee728b) [PhysX] Initialized MultithreadedTaskDispatcher with 12 workers.
[PhysX] Initialized MultithreadedTaskDispatcher with 12 workers.
[PhysX] Initialized MultithreadedTaskDispatcher with 12 workers.
 -> (artifact id: '84cd4ad2da8fa1cc25b67329a98ed72c') in 0.018766 seconds
Number of updated asset objects reloaded before import = 0
Number of asset objects unloaded after import = 7
========================================================================
Received Import Request.
  Time since last request: 0.000016 seconds.
  path: Assets/Synty/PolygonSciFiCity/Models/SM_Prop_Paper_Lantern_01.fbx
  artifactKey: Guid(b729afcfcd310bc4f8fb1a44efead7cf) Importer(815301076,1909f56bfc062723c751e8b465ee728b)
Start importing Assets/Synty/PolygonSciFiCity/Models/SM_Prop_Paper_Lantern_01.fbx using Guid(b729afcfcd310bc4f8fb1a44efead7cf) Importer(815301076,1909f56bfc062723c751e8b465ee728b) [PhysX] Initialized MultithreadedTaskDispatcher with 12 workers.
[PhysX] Initialized MultithreadedTaskDispatcher with 12 workers.
[PhysX] Initialized MultithreadedTaskDispatcher with 12 workers.
 -> (artifact id: 'e6a8afd25d8c69b680362fd8152df352') in 0.017720 seconds
Number of updated asset objects reloaded before import = 0
Number of asset objects unloaded after import = 7
========================================================================
Received Import Request.
  Time since last request: 0.000018 seconds.
  path: Assets/Synty/PolygonSciFiCity/Models/SM_Prop_Pad_01.fbx
  artifactKey: Guid(edb37898ff90820408057bcb108abf7f) Importer(815301076,1909f56bfc062723c751e8b465ee728b)
Start importing Assets/Synty/PolygonSciFiCity/Models/SM_Prop_Pad_01.fbx using Guid(edb37898ff90820408057bcb108abf7f) Importer(815301076,1909f56bfc062723c751e8b465ee728b) [PhysX] Initialized MultithreadedTaskDispatcher with 12 workers.
[PhysX] Initialized MultithreadedTaskDispatcher with 12 workers.
[PhysX] Initialized MultithreadedTaskDispatcher with 12 workers.
[PhysX] Initialized MultithreadedTaskDispatcher with 12 workers.
[PhysX] Initialized MultithreadedTaskDispatcher with 12 workers.
 -> (artifact id: 'cbadacef9035dfedadda0275d72435f8') in 0.022897 seconds
Number of updated asset objects reloaded before import = 0
Number of asset objects unloaded after import = 12
========================================================================
Received Import Request.
  Time since last request: 0.014992 seconds.
  path: Assets/Synty/PolygonSciFiCity/Models/SM_Prop_Pillar_02.fbx
  artifactKey: Guid(2ed9c06ad20decf4599f7d4e9d031551) Importer(815301076,1909f56bfc062723c751e8b465ee728b)
Start importing Assets/Synty/PolygonSciFiCity/Models/SM_Prop_Pillar_02.fbx using Guid(2ed9c06ad20decf4599f7d4e9d031551) Importer(815301076,1909f56bfc062723c751e8b465ee728b) [PhysX] Initialized MultithreadedTaskDispatcher with 12 workers.
[PhysX] Initialized MultithreadedTaskDispatcher with 12 workers.
[PhysX] Initialized MultithreadedTaskDispatcher with 12 workers.
 -> (artifact id: '226071ece602b15e670fc5966cfb8a9b') in 0.016489 seconds
Number of updated asset objects reloaded before import = 0
Number of asset objects unloaded after import = 7
========================================================================
Received Import Request.
  Time since last request: 0.000022 seconds.
  path: Assets/Synty/PolygonSciFiCity/Models/SM_Prop_Pipes_03.fbx
  artifactKey: Guid(88be7001e07454340939b26ffa008db5) Importer(815301076,1909f56bfc062723c751e8b465ee728b)
Start importing Assets/Synty/PolygonSciFiCity/Models/SM_Prop_Pipes_03.fbx using Guid(88be7001e07454340939b26ffa008db5) Importer(815301076,1909f56bfc062723c751e8b465ee728b) [PhysX] Initialized MultithreadedTaskDispatcher with 12 workers.
[PhysX] Initialized MultithreadedTaskDispatcher with 12 workers.
[PhysX] Initialized MultithreadedTaskDispatcher with 12 workers.
 -> (artifact id: '2cd7c195ede1f038d1cd1b34377d062d') in 0.018138 seconds
Number of updated asset objects reloaded before import = 0
Number of asset objects unloaded after import = 7
========================================================================
Received Import Request.
  Time since last request: 0.000036 seconds.
  path: Assets/Synty/PolygonSciFiCity/Models/SM_Prop_Plant_Vase_02.fbx
  artifactKey: Guid(f97666928570ce548b4fccfaeac6728d) Importer(815301076,1909f56bfc062723c751e8b465ee728b)
Start importing Assets/Synty/PolygonSciFiCity/Models/SM_Prop_Plant_Vase_02.fbx using Guid(f97666928570ce548b4fccfaeac6728d) Importer(815301076,1909f56bfc062723c751e8b465ee728b) [PhysX] Initialized MultithreadedTaskDispatcher with 12 workers.
[PhysX] Initialized MultithreadedTaskDispatcher with 12 workers.
[PhysX] Initialized MultithreadedTaskDispatcher with 12 workers.
 -> (artifact id: '571ebc709b206c74176644d07ab02453') in 0.017429 seconds
Number of updated asset objects reloaded before import = 0
Number of asset objects unloaded after import = 7
========================================================================
Received Import Request.
  Time since last request: 21.860438 seconds.
  path: Assets/Synty/PolygonSciFiCity/Models/Collision/Convex/SM_Bld_Background_Med_01_Convex.asset
  artifactKey: Guid(335d18ee04de58145835104f69474679) Importer(815301076,1909f56bfc062723c751e8b465ee728b)
Start importing Assets/Synty/PolygonSciFiCity/Models/Collision/Convex/SM_Bld_Background_Med_01_Convex.asset using Guid(335d18ee04de58145835104f69474679) Importer(815301076,1909f56bfc062723c751e8b465ee728b) [PhysX] Initialized MultithreadedTaskDispatcher with 12 workers.
[PhysX] Initialized MultithreadedTaskDispatcher with 12 workers.
 -> (artifact id: 'a03fe90235412f101b999d0a1e49662c') in 0.016444 seconds
Number of updated asset objects reloaded before import = 0
Number of asset objects unloaded after import = 2
========================================================================
Received Import Request.
  Time since last request: 0.000022 seconds.
  path: Assets/Synty/PolygonSciFiCity/Models/Collision/Convex/SM_Bld_Background_Med_07_Convex.asset
  artifactKey: Guid(600dbffca8e80b14cbdab0dd1416668f) Importer(815301076,1909f56bfc062723c751e8b465ee728b)
Start importing Assets/Synty/PolygonSciFiCity/Models/Collision/Convex/SM_Bld_Background_Med_07_Convex.asset using Guid(600dbffca8e80b14cbdab0dd1416668f) Importer(815301076,1909f56bfc062723c751e8b465ee728b) [PhysX] Initialized MultithreadedTaskDispatcher with 12 workers.
[PhysX] Initialized MultithreadedTaskDispatcher with 12 workers.
 -> (artifact id: 'e37edececffd2adc2e44171be3a0295b') in 0.013211 seconds
Number of updated asset objects reloaded before import = 0
Number of asset objects unloaded after import = 2
========================================================================
Received Import Request.
  Time since last request: 0.000023 seconds.
  path: Assets/Synty/PolygonSciFiCity/Models/Collision/Convex/SM_Bld_Background_Med_04_Convex.asset
  artifactKey: Guid(54b99be861fcf9240a745de5749b6ab6) Importer(815301076,1909f56bfc062723c751e8b465ee728b)
Start importing Assets/Synty/PolygonSciFiCity/Models/Collision/Convex/SM_Bld_Background_Med_04_Convex.asset using Guid(54b99be861fcf9240a745de5749b6ab6) Importer(815301076,1909f56bfc062723c751e8b465ee728b) [PhysX] Initialized MultithreadedTaskDispatcher with 12 workers.
[PhysX] Initialized MultithreadedTaskDispatcher with 12 workers.
 -> (artifact id: '541340af7948f9043de7fa8e63c77b34') in 0.012669 seconds
Number of updated asset objects reloaded before import = 0
Number of asset objects unloaded after import = 2
========================================================================
Received Import Request.
  Time since last request: 1.205858 seconds.
  path: Assets/Synty/PolygonSciFiCity/Models/Collision/Convex/SM_Bld_Background_Lrg_02_Convex.asset
  artifactKey: Guid(ba6933718b333814a945d3adf06ebfb8) Importer(815301076,1909f56bfc062723c751e8b465ee728b)
Start importing Assets/Synty/PolygonSciFiCity/Models/Collision/Convex/SM_Bld_Background_Lrg_02_Convex.asset using Guid(ba6933718b333814a945d3adf06ebfb8) Importer(815301076,1909f56bfc062723c751e8b465ee728b) [PhysX] Initialized MultithreadedTaskDispatcher with 12 workers.
[PhysX] Initialized MultithreadedTaskDispatcher with 12 workers.
 -> (artifact id: '0a2cb89a77ecdc8feaa7ca9312a2059a') in 0.017164 seconds
Number of updated asset objects reloaded before import = 0
Number of asset objects unloaded after import = 2
========================================================================
Received Import Request.
  Time since last request: 0.026270 seconds.
  path: Assets/Synty/PolygonSciFiCity/Models/Collision/Convex/SM_Bld_Advanced_Doorway_01_Convex.asset
  artifactKey: Guid(6fa11699a9f5be049b4e0c49c9343836) Importer(815301076,1909f56bfc062723c751e8b465ee728b)
Start importing Assets/Synty/PolygonSciFiCity/Models/Collision/Convex/SM_Bld_Advanced_Doorway_01_Convex.asset using Guid(6fa11699a9f5be049b4e0c49c9343836) Importer(815301076,1909f56bfc062723c751e8b465ee728b) [PhysX] Initialized MultithreadedTaskDispatcher with 12 workers.
[PhysX] Initialized MultithreadedTaskDispatcher with 12 workers.
 -> (artifact id: '66c8070649494f2c9e546fd2316a1138') in 0.012904 seconds
Number of updated asset objects reloaded before import = 0
Number of asset objects unloaded after import = 2
========================================================================
Received Import Request.
  Time since last request: 0.027246 seconds.
  path: Assets/Synty/PolygonSciFiCity/Models/Collision/Convex/SM_Bld_Advanced_01_Convex.asset
  artifactKey: Guid(c1e9ae942424bfa449f2bc5ea9448db7) Importer(815301076,1909f56bfc062723c751e8b465ee728b)
Start importing Assets/Synty/PolygonSciFiCity/Models/Collision/Convex/SM_Bld_Advanced_01_Convex.asset using Guid(c1e9ae942424bfa449f2bc5ea9448db7) Importer(815301076,1909f56bfc062723c751e8b465ee728b) [PhysX] Initialized MultithreadedTaskDispatcher with 12 workers.
[PhysX] Initialized MultithreadedTaskDispatcher with 12 workers.
 -> (artifact id: '83018c20bb9259830735595d3652d8a7') in 0.011770 seconds
Number of updated asset objects reloaded before import = 0
Number of asset objects unloaded after import = 2
========================================================================
Received Import Request.
  Time since last request: 1.188947 seconds.
  path: Assets/Synty/PolygonSciFiCity/Models/Collision/Convex/SM_Bld_Background_Med_09_Convex.asset
  artifactKey: Guid(89142363431ad8d44a82b835b400402e) Importer(815301076,1909f56bfc062723c751e8b465ee728b)
Start importing Assets/Synty/PolygonSciFiCity/Models/Collision/Convex/SM_Bld_Background_Med_09_Convex.asset using Guid(89142363431ad8d44a82b835b400402e) Importer(815301076,1909f56bfc062723c751e8b465ee728b) [PhysX] Initialized MultithreadedTaskDispatcher with 12 workers.
[PhysX] Initialized MultithreadedTaskDispatcher with 12 workers.
 -> (artifact id: 'ef318e371cc9624670185b62e6365ce2') in 0.013534 seconds
Number of updated asset objects reloaded before import = 0
Number of asset objects unloaded after import = 2
========================================================================
Received Import Request.
  Time since last request: 0.730516 seconds.
  path: Assets/Synty/PolygonSciFiCity/Models/Collision/Convex/SM_Bld_Background_Small_02_Convex.asset
  artifactKey: Guid(6320b8d801b8265438fcad214edeae6b) Importer(815301076,1909f56bfc062723c751e8b465ee728b)
Start importing Assets/Synty/PolygonSciFiCity/Models/Collision/Convex/SM_Bld_Background_Small_02_Convex.asset using Guid(6320b8d801b8265438fcad214edeae6b) Importer(815301076,1909f56bfc062723c751e8b465ee728b) [PhysX] Initialized MultithreadedTaskDispatcher with 12 workers.
[PhysX] Initialized MultithreadedTaskDispatcher with 12 workers.
 -> (artifact id: '9f71cea2da8d446fdf83892fdffef5bd') in 0.015698 seconds
Number of updated asset objects reloaded before import = 0
Number of asset objects unloaded after import = 2
========================================================================
Received Import Request.
  Time since last request: 0.015538 seconds.
  path: Assets/Synty/PolygonSciFiCity/Models/Collision/Convex/SM_Bld_Background_Small_04_Convex.asset
  artifactKey: Guid(c607f858a3673b84fbccc267f2361a9b) Importer(815301076,1909f56bfc062723c751e8b465ee728b)
Start importing Assets/Synty/PolygonSciFiCity/Models/Collision/Convex/SM_Bld_Background_Small_04_Convex.asset using Guid(c607f858a3673b84fbccc267f2361a9b) Importer(815301076,1909f56bfc062723c751e8b465ee728b) [PhysX] Initialized MultithreadedTaskDispatcher with 12 workers.
[PhysX] Initialized MultithreadedTaskDispatcher with 12 workers.
 -> (artifact id: '9c24000f5d699710823c4ecbff543d69') in 0.013334 seconds
Number of updated asset objects reloaded before import = 0
Number of asset objects unloaded after import = 2
========================================================================
Received Import Request.
  Time since last request: 0.007006 seconds.
  path: Assets/Synty/PolygonSciFiCity/Models/Collision/Convex/SM_Bld_Bank_01_Convex.asset
  artifactKey: Guid(d7d01ebea7a9f5f469e6a44928c7c50b) Importer(815301076,1909f56bfc062723c751e8b465ee728b)
Start importing Assets/Synty/PolygonSciFiCity/Models/Collision/Convex/SM_Bld_Bank_01_Convex.asset using Guid(d7d01ebea7a9f5f469e6a44928c7c50b) Importer(815301076,1909f56bfc062723c751e8b465ee728b) [PhysX] Initialized MultithreadedTaskDispatcher with 12 workers.
[PhysX] Initialized MultithreadedTaskDispatcher with 12 workers.
 -> (artifact id: '3f84aa8ae7ef344b3afc02efd7946ff5') in 0.013240 seconds
Number of updated asset objects reloaded before import = 0
Number of asset objects unloaded after import = 2
========================================================================
Received Import Request.
  Time since last request: 0.015948 seconds.
  path: Assets/Synty/PolygonGeneric/Prefabs/Base/SM_Bld_Base_45_Floor_01.prefab
  artifactKey: Guid(abc179049a4a01c4d915ed813ac55f1b) Importer(815301076,1909f56bfc062723c751e8b465ee728b)
Start importing Assets/Synty/PolygonGeneric/Prefabs/Base/SM_Bld_Base_45_Floor_01.prefab using Guid(abc179049a4a01c4d915ed813ac55f1b) Importer(815301076,1909f56bfc062723c751e8b465ee728b) [PhysX] Initialized MultithreadedTaskDispatcher with 12 workers.
[PhysX] Initialized MultithreadedTaskDispatcher with 12 workers.
 -> (artifact id: '17559dc48bcbcf61dc4c7b6fed8503e5') in 0.032688 seconds
Number of updated asset objects reloaded before import = 0
Number of asset objects unloaded after import = 10
========================================================================
Received Import Request.
  Time since last request: 0.003831 seconds.
  path: Assets/Synty/PolygonGeneric/Prefabs/Base/SM_Bld_Base_Ceiling_01.prefab
  artifactKey: Guid(defb4cdc6208f004795f0160e8fb04ed) Importer(815301076,1909f56bfc062723c751e8b465ee728b)
Start importing Assets/Synty/PolygonGeneric/Prefabs/Base/SM_Bld_Base_Ceiling_01.prefab using Guid(defb4cdc6208f004795f0160e8fb04ed) Importer(815301076,1909f56bfc062723c751e8b465ee728b) [PhysX] Initialized MultithreadedTaskDispatcher with 12 workers.
[PhysX] Initialized MultithreadedTaskDispatcher with 12 workers.
 -> (artifact id: '673df18a647d33df00edd434ec1624da') in 0.030687 seconds
Number of updated asset objects reloaded before import = 0
Number of asset objects unloaded after import = 9
========================================================================
Received Import Request.
  Time since last request: 0.000025 seconds.
  path: Assets/Synty/PolygonGeneric/Prefabs/Base/SM_Bld_Base_45_Wall_Door_01.prefab
  artifactKey: Guid(e4f2100db3206f446a46fc9b56578423) Importer(815301076,1909f56bfc062723c751e8b465ee728b)
Start importing Assets/Synty/PolygonGeneric/Prefabs/Base/SM_Bld_Base_45_Wall_Door_01.prefab using Guid(e4f2100db3206f446a46fc9b56578423) Importer(815301076,1909f56bfc062723c751e8b465ee728b) [PhysX] Initialized MultithreadedTaskDispatcher with 12 workers.
[PhysX] Initialized MultithreadedTaskDispatcher with 12 workers.
 -> (artifact id: '0f5f82e4856011d1f440486d710e48bd') in 0.265832 seconds
Number of updated asset objects reloaded before import = 0
Number of asset objects unloaded after import = 23
========================================================================
Received Import Request.
  Time since last request: 0.000036 seconds.
  path: Assets/Synty/PolygonGeneric/Prefabs/Base/SM_Bld_Base_Ceiling_Quarter_01.prefab
  artifactKey: Guid(982ab99fd829e8a48a3428c963e322eb) Importer(815301076,1909f56bfc062723c751e8b465ee728b)
Start importing Assets/Synty/PolygonGeneric/Prefabs/Base/SM_Bld_Base_Ceiling_Quarter_01.prefab using Guid(982ab99fd829e8a48a3428c963e322eb) Importer(815301076,1909f56bfc062723c751e8b465ee728b) [PhysX] Initialized MultithreadedTaskDispatcher with 12 workers.
[PhysX] Initialized MultithreadedTaskDispatcher with 12 workers.
 -> (artifact id: '00248bb341cd7b1672b8555ded51628c') in 0.035006 seconds
Number of updated asset objects reloaded before import = 0
Number of asset objects unloaded after import = 16
========================================================================
Received Import Request.
  Time since last request: 0.467438 seconds.
  path: Assets/Synty/PolygonGeneric/Prefabs/Base/SM_Bld_Base_Floor_01.prefab
  artifactKey: Guid(80278570906458d499abd6aa3ef03fc3) Importer(815301076,1909f56bfc062723c751e8b465ee728b)
Start importing Assets/Synty/PolygonGeneric/Prefabs/Base/SM_Bld_Base_Floor_01.prefab using Guid(80278570906458d499abd6aa3ef03fc3) Importer(815301076,1909f56bfc062723c751e8b465ee728b) [PhysX] Initialized MultithreadedTaskDispatcher with 12 workers.
[PhysX] Initialized MultithreadedTaskDispatcher with 12 workers.
 -> (artifact id: '0bb70f860bf095d591cec02018f53c1c') in 0.032392 seconds
Number of updated asset objects reloaded before import = 0
Number of asset objects unloaded after import = 10
========================================================================
Received Import Request.
  Time since last request: 0.000520 seconds.
  path: Assets/Synty/PolygonGeneric/Prefabs/Base/SM_Bld_Base_Floor_Hole_01.prefab
  artifactKey: Guid(432e255351c7dd548a2c30ce8e369130) Importer(815301076,1909f56bfc062723c751e8b465ee728b)
Start importing Assets/Synty/PolygonGeneric/Prefabs/Base/SM_Bld_Base_Floor_Hole_01.prefab using Guid(432e255351c7dd548a2c30ce8e369130) Importer(815301076,1909f56bfc062723c751e8b465ee728b) [PhysX] Initialized MultithreadedTaskDispatcher with 12 workers.
[PhysX] Initialized MultithreadedTaskDispatcher with 12 workers.
 -> (artifact id: 'a1dc416c009c43c0146e88d0e02e1f73') in 0.305948 seconds
Number of updated asset objects reloaded before import = 0
Number of asset objects unloaded after import = 19
========================================================================
Received Import Request.
  Time since last request: 0.000036 seconds.
  path: Assets/Synty/PolygonGeneric/Prefabs/Base/SM_Bld_Base_Pillar_Half_03.prefab
  artifactKey: Guid(9d5386e8ed7f64242912462b9c4be45e) Importer(815301076,1909f56bfc062723c751e8b465ee728b)
Start importing Assets/Synty/PolygonGeneric/Prefabs/Base/SM_Bld_Base_Pillar_Half_03.prefab using Guid(9d5386e8ed7f64242912462b9c4be45e) Importer(815301076,1909f56bfc062723c751e8b465ee728b) [PhysX] Initialized MultithreadedTaskDispatcher with 12 workers.
[PhysX] Initialized MultithreadedTaskDispatcher with 12 workers.
 -> (artifact id: 'f82a2bca550526f2cbf5ca5fe6cc11e4') in 0.033451 seconds
Number of updated asset objects reloaded before import = 0
Number of asset objects unloaded after import = 10
========================================================================
Received Import Request.
  Time since last request: 0.280218 seconds.
  path: Assets/Synty/PolygonGeneric/Prefabs/Base/SM_Bld_Base_Pillar_Half_04.prefab
  artifactKey: Guid(46b3f5b0591bdcb4892a4051d65ba2a6) Importer(815301076,1909f56bfc062723c751e8b465ee728b)
Start importing Assets/Synty/PolygonGeneric/Prefabs/Base/SM_Bld_Base_Pillar_Half_04.prefab using Guid(46b3f5b0591bdcb4892a4051d65ba2a6) Importer(815301076,1909f56bfc062723c751e8b465ee728b) [PhysX] Initialized MultithreadedTaskDispatcher with 12 workers.
[PhysX] Initialized MultithreadedTaskDispatcher with 12 workers.
 -> (artifact id: 'f28ca3d06456950ad4c5d970c40f37df') in 0.038986 seconds
Number of updated asset objects reloaded before import = 0
Number of asset objects unloaded after import = 10
========================================================================
Received Import Request.
  Time since last request: 0.025444 seconds.
  path: Assets/Synty/PolygonGeneric/Prefabs/Base/SM_Bld_Base_Roof_Cap_Angle_Half_01.prefab
  artifactKey: Guid(29fbde08219c37d46a10cc9974136975) Importer(815301076,1909f56bfc062723c751e8b465ee728b)
Start importing Assets/Synty/PolygonGeneric/Prefabs/Base/SM_Bld_Base_Roof_Cap_Angle_Half_01.prefab using Guid(29fbde08219c37d46a10cc9974136975) Importer(815301076,1909f56bfc062723c751e8b465ee728b) [PhysX] Initialized MultithreadedTaskDispatcher with 12 workers.
[PhysX] Initialized MultithreadedTaskDispatcher with 12 workers.
 -> (artifact id: '9b9cb6478b7ff952ff534d553fc38c14') in 0.280952 seconds
Number of updated asset objects reloaded before import = 0
Number of asset objects unloaded after import = 12
========================================================================
Received Import Request.
  Time since last request: 0.000593 seconds.
  path: Assets/Synty/PolygonGeneric/Models/Base/SM_Bld_Base_Roof_Corner_Out_01.fbx
  artifactKey: Guid(85bcc1c863e1b00409d2c8ac8c9a8fee) Importer(815301076,1909f56bfc062723c751e8b465ee728b)
Start importing Assets/Synty/PolygonGeneric/Models/Base/SM_Bld_Base_Roof_Corner_Out_01.fbx using Guid(85bcc1c863e1b00409d2c8ac8c9a8fee) Importer(815301076,1909f56bfc062723c751e8b465ee728b) [PhysX] Initialized MultithreadedTaskDispatcher with 12 workers.
[PhysX] Initialized MultithreadedTaskDispatcher with 12 workers.
[PhysX] Initialized MultithreadedTaskDispatcher with 12 workers.
 -> (artifact id: '9e7687881c4833436ed2d7b027ded4a7') in 0.027718 seconds
Number of updated asset objects reloaded before import = 0
Number of asset objects unloaded after import = 7
========================================================================
Received Import Request.
  Time since last request: 0.000023 seconds.
  path: Assets/Synty/PolygonGeneric/Models/Base/SM_Bld_Base_Roof_Half_01.fbx
  artifactKey: Guid(35d486ac24ea66e46bdd2cbd99f425b3) Importer(815301076,1909f56bfc062723c751e8b465ee728b)
Start importing Assets/Synty/PolygonGeneric/Models/Base/SM_Bld_Base_Roof_Half_01.fbx using Guid(35d486ac24ea66e46bdd2cbd99f425b3) Importer(815301076,1909f56bfc062723c751e8b465ee728b) [PhysX] Initialized MultithreadedTaskDispatcher with 12 workers.
[PhysX] Initialized MultithreadedTaskDispatcher with 12 workers.
[PhysX] Initialized MultithreadedTaskDispatcher with 12 workers.
 -> (artifact id: 'fea7e954402be0165b16d51342f38551') in 0.030663 seconds
Number of updated asset objects reloaded before import = 0
Number of asset objects unloaded after import = 7
========================================================================
Received Import Request.
  Time since last request: 0.000029 seconds.
  path: Assets/Synty/PolygonGeneric/Models/Base/SM_Bld_Base_Roof_Half_02.fbx
  artifactKey: Guid(240dde3662210f148a91da96a2810133) Importer(815301076,1909f56bfc062723c751e8b465ee728b)
Start importing Assets/Synty/PolygonGeneric/Models/Base/SM_Bld_Base_Roof_Half_02.fbx using Guid(240dde3662210f148a91da96a2810133) Importer(815301076,1909f56bfc062723c751e8b465ee728b) [PhysX] Initialized MultithreadedTaskDispatcher with 12 workers.
[PhysX] Initialized MultithreadedTaskDispatcher with 12 workers.
[PhysX] Initialized MultithreadedTaskDispatcher with 12 workers.
 -> (artifact id: 'eaab89bcf2472a7f1852a3c5717ba461') in 0.031740 seconds
Number of updated asset objects reloaded before import = 0
Number of asset objects unloaded after import = 7
========================================================================
Received Import Request.
  Time since last request: 0.000033 seconds.
  path: Assets/Synty/PolygonGeneric/Prefabs/Base/SM_Bld_Base_Roof_Quarter_01.prefab
  artifactKey: Guid(fb8cdccb59f8d5845a84fed089f052be) Importer(815301076,1909f56bfc062723c751e8b465ee728b)
Start importing Assets/Synty/PolygonGeneric/Prefabs/Base/SM_Bld_Base_Roof_Quarter_01.prefab using Guid(fb8cdccb59f8d5845a84fed089f052be) Importer(815301076,1909f56bfc062723c751e8b465ee728b) [PhysX] Initialized MultithreadedTaskDispatcher with 12 workers.
[PhysX] Initialized MultithreadedTaskDispatcher with 12 workers.
 -> (artifact id: 'c2d9fb5ec5ce69c85ac75c698d1515ed') in 0.413679 seconds
Number of updated asset objects reloaded before import = 0
Number of asset objects unloaded after import = 16
========================================================================
Received Import Request.
  Time since last request: 0.001456 seconds.
  path: Assets/Synty/PolygonGeneric/Models/Base/SM_Bld_Base_Roof_Straight_01.fbx
  artifactKey: Guid(10bc96dc5dcd10d44b14a5740b0d5e02) Importer(815301076,1909f56bfc062723c751e8b465ee728b)
Start importing Assets/Synty/PolygonGeneric/Models/Base/SM_Bld_Base_Roof_Straight_01.fbx using Guid(10bc96dc5dcd10d44b14a5740b0d5e02) Importer(815301076,1909f56bfc062723c751e8b465ee728b) [PhysX] Initialized MultithreadedTaskDispatcher with 12 workers.
[PhysX] Initialized MultithreadedTaskDispatcher with 12 workers.
[PhysX] Initialized MultithreadedTaskDispatcher with 12 workers.
 -> (artifact id: '9feb56a088ed403cea81b3b3e2cb7e89') in 0.031203 seconds
Number of updated asset objects reloaded before import = 0
Number of asset objects unloaded after import = 7
========================================================================
Received Import Request.
  Time since last request: 0.000025 seconds.
  path: Assets/Synty/PolygonGeneric/Prefabs/Base/SM_Bld_Base_Roof_Half_01.prefab
  artifactKey: Guid(63eacef9c3387fe4c9ebad1feb66f7e5) Importer(815301076,1909f56bfc062723c751e8b465ee728b)
Start importing Assets/Synty/PolygonGeneric/Prefabs/Base/SM_Bld_Base_Roof_Half_01.prefab using Guid(63eacef9c3387fe4c9ebad1feb66f7e5) Importer(815301076,1909f56bfc062723c751e8b465ee728b) [PhysX] Initialized MultithreadedTaskDispatcher with 12 workers.
[PhysX] Initialized MultithreadedTaskDispatcher with 12 workers.
 -> (artifact id: 'b6e99e5984506d67b3c2f0a97a41b0d8') in 0.391365 seconds
Number of updated asset objects reloaded before import = 0
Number of asset objects unloaded after import = 16
========================================================================
Received Import Request.
  Time since last request: 0.000030 seconds.
  path: Assets/Synty/PolygonGeneric/Prefabs/Base/SM_Bld_Base_Roof_Cap_Half_01.prefab
  artifactKey: Guid(f2818369c4b5e4b4dab35b841079ef07) Importer(815301076,1909f56bfc062723c751e8b465ee728b)
Start importing Assets/Synty/PolygonGeneric/Prefabs/Base/SM_Bld_Base_Roof_Cap_Half_01.prefab using Guid(f2818369c4b5e4b4dab35b841079ef07) Importer(815301076,1909f56bfc062723c751e8b465ee728b) [PhysX] Initialized MultithreadedTaskDispatcher with 12 workers.
[PhysX] Initialized MultithreadedTaskDispatcher with 12 workers.
 -> (artifact id: '81cad032d79151005fdbdf60d0967ad6') in 0.367963 seconds
Number of updated asset objects reloaded before import = 0
Number of asset objects unloaded after import = 12
========================================================================
Received Import Request.
  Time since last request: 38.186383 seconds.
  path: Assets/Synty/PolygonSciFiCity/Models
  artifactKey: Guid(4e5f720a89c5eb74286853f27be138e0) Importer(815301076,1909f56bfc062723c751e8b465ee728b)
Start importing Assets/Synty/PolygonSciFiCity/Models using Guid(4e5f720a89c5eb74286853f27be138e0) Importer(815301076,1909f56bfc062723c751e8b465ee728b) [PhysX] Initialized MultithreadedTaskDispatcher with 12 workers.
 -> (artifact id: '7d0f64fda4d5b342aec6ccac00201a98') in 0.000584 seconds
Number of updated asset objects reloaded before import = 0
Number of asset objects unloaded after import = 0
========================================================================
Received Import Request.
  Time since last request: 88.086496 seconds.
  path: Assets/Synty/PolygonSciFiCity/Models/SM_Prop_Posters_01.fbx
  artifactKey: Guid(7b67842a25bb49b49a9e6f879a9beb31) Importer(815301076,1909f56bfc062723c751e8b465ee728b)
Start importing Assets/Synty/PolygonSciFiCity/Models/SM_Prop_Posters_01.fbx using Guid(7b67842a25bb49b49a9e6f879a9beb31) Importer(815301076,1909f56bfc062723c751e8b465ee728b) [PhysX] Initialized MultithreadedTaskDispatcher with 12 workers.
[PhysX] Initialized MultithreadedTaskDispatcher with 12 workers.
[PhysX] Initialized MultithreadedTaskDispatcher with 12 workers.
 -> (artifact id: '273f9abd74a748b9062f40f11fe9075c') in 0.020105 seconds
Number of updated asset objects reloaded before import = 0
Number of asset objects unloaded after import = 7
========================================================================
Received Import Request.
  Time since last request: 0.000019 seconds.
  path: Assets/Synty/PolygonSciFiCity/Models/SM_Prop_Robotic_Part_01.fbx
  artifactKey: Guid(8c08a1885ae3282429bca70a1720b3e6) Importer(815301076,1909f56bfc062723c751e8b465ee728b)
Start importing Assets/Synty/PolygonSciFiCity/Models/SM_Prop_Robotic_Part_01.fbx using Guid(8c08a1885ae3282429bca70a1720b3e6) Importer(815301076,1909f56bfc062723c751e8b465ee728b) [PhysX] Initialized MultithreadedTaskDispatcher with 12 workers.
[PhysX] Initialized MultithreadedTaskDispatcher with 12 workers.
[PhysX] Initialized MultithreadedTaskDispatcher with 12 workers.
 -> (artifact id: 'f5d207e58845cf1a607d8c46fb79394c') in 0.022287 seconds
Number of updated asset objects reloaded before import = 0
Number of asset objects unloaded after import = 7
========================================================================
Received Import Request.
  Time since last request: 0.000024 seconds.
  path: Assets/Synty/PolygonSciFiCity/Models/SM_Prop_Powerpoll_01.fbx
  artifactKey: Guid(dc5e0a8818619694a81e06e0b2e91995) Importer(815301076,1909f56bfc062723c751e8b465ee728b)
Start importing Assets/Synty/PolygonSciFiCity/Models/SM_Prop_Powerpoll_01.fbx using Guid(dc5e0a8818619694a81e06e0b2e91995) Importer(815301076,1909f56bfc062723c751e8b465ee728b) [PhysX] Initialized MultithreadedTaskDispatcher with 12 workers.
[PhysX] Initialized MultithreadedTaskDispatcher with 12 workers.
[PhysX] Initialized MultithreadedTaskDispatcher with 12 workers.
 -> (artifact id: 'd99b39ccd4f9900dea2877f8c46c62b0') in 0.022770 seconds
Number of updated asset objects reloaded before import = 0
Number of asset objects unloaded after import = 7
========================================================================
Received Import Request.
  Time since last request: 0.000028 seconds.
  path: Assets/Synty/PolygonSciFiCity/Models/SM_Prop_Posters_02.fbx
  artifactKey: Guid(ee96dd6e471c103439945a901a34be5f) Importer(815301076,1909f56bfc062723c751e8b465ee728b)
Start importing Assets/Synty/PolygonSciFiCity/Models/SM_Prop_Posters_02.fbx using Guid(ee96dd6e471c103439945a901a34be5f) Importer(815301076,1909f56bfc062723c751e8b465ee728b) [PhysX] Initialized MultithreadedTaskDispatcher with 12 workers.
[PhysX] Initialized MultithreadedTaskDispatcher with 12 workers.
[PhysX] Initialized MultithreadedTaskDispatcher with 12 workers.
 -> (artifact id: 'a75f9bb1d574ba6ddfe09ede402dd727') in 0.022158 seconds
Number of updated asset objects reloaded before import = 0
Number of asset objects unloaded after import = 7
========================================================================
Received Import Request.
  Time since last request: 0.163349 seconds.
  path: Assets/Synty/PolygonSciFiCity/Models/SM_Prop_Robotic_Part_02.fbx
  artifactKey: Guid(9741c68a8d0207c498e72e329ad65b76) Importer(815301076,1909f56bfc062723c751e8b465ee728b)
Start importing Assets/Synty/PolygonSciFiCity/Models/SM_Prop_Robotic_Part_02.fbx using Guid(9741c68a8d0207c498e72e329ad65b76) Importer(815301076,1909f56bfc062723c751e8b465ee728b) [PhysX] Initialized MultithreadedTaskDispatcher with 12 workers.
[PhysX] Initialized MultithreadedTaskDispatcher with 12 workers.
[PhysX] Initialized MultithreadedTaskDispatcher with 12 workers.
 -> (artifact id: '4bb1ad0b0ff3fc42d06d27a68063f083') in 0.018059 seconds
Number of updated asset objects reloaded before import = 0
Number of asset objects unloaded after import = 7
========================================================================
Received Import Request.
  Time since last request: 0.000017 seconds.
  path: Assets/Synty/PolygonSciFiCity/Models/SM_Prop_Robotic_Part_09.fbx
  artifactKey: Guid(2fe0dc3b2fc70e840a8fafafccbc5af6) Importer(815301076,1909f56bfc062723c751e8b465ee728b)
Start importing Assets/Synty/PolygonSciFiCity/Models/SM_Prop_Robotic_Part_09.fbx using Guid(2fe0dc3b2fc70e840a8fafafccbc5af6) Importer(815301076,1909f56bfc062723c751e8b465ee728b) [PhysX] Initialized MultithreadedTaskDispatcher with 12 workers.
[PhysX] Initialized MultithreadedTaskDispatcher with 12 workers.
[PhysX] Initialized MultithreadedTaskDispatcher with 12 workers.
 -> (artifact id: '7fd18e0a551143ffb5bb75dea842fab9') in 0.016488 seconds
Number of updated asset objects reloaded before import = 0
Number of asset objects unloaded after import = 7
========================================================================
Received Import Request.
  Time since last request: 0.000024 seconds.
  path: Assets/Synty/PolygonSciFiCity/Models/SM_Prop_Robotic_Part_07.fbx
  artifactKey: Guid(35631994c9823c7469d35ee00f879ce0) Importer(815301076,1909f56bfc062723c751e8b465ee728b)
Start importing Assets/Synty/PolygonSciFiCity/Models/SM_Prop_Robotic_Part_07.fbx using Guid(35631994c9823c7469d35ee00f879ce0) Importer(815301076,1909f56bfc062723c751e8b465ee728b) [PhysX] Initialized MultithreadedTaskDispatcher with 12 workers.
[PhysX] Initialized MultithreadedTaskDispatcher with 12 workers.
[PhysX] Initialized MultithreadedTaskDispatcher with 12 workers.
 -> (artifact id: '3141d4d4c39824d86d316db38e5b60b7') in 0.017906 seconds
Number of updated asset objects reloaded before import = 0
Number of asset objects unloaded after import = 7
========================================================================
Received Import Request.
  Time since last request: 0.000021 seconds.
  path: Assets/Synty/PolygonSciFiCity/Models/SM_Prop_Robotic_Part_06.fbx
  artifactKey: Guid(b888472fc157d0b45a399b4ac3adc82e) Importer(815301076,1909f56bfc062723c751e8b465ee728b)
Start importing Assets/Synty/PolygonSciFiCity/Models/SM_Prop_Robotic_Part_06.fbx using Guid(b888472fc157d0b45a399b4ac3adc82e) Importer(815301076,1909f56bfc062723c751e8b465ee728b) [PhysX] Initialized MultithreadedTaskDispatcher with 12 workers.
[PhysX] Initialized MultithreadedTaskDispatcher with 12 workers.
[PhysX] Initialized MultithreadedTaskDispatcher with 12 workers.
 -> (artifact id: '8f2dc0eba14f5512485addf192537fc6') in 0.016778 seconds
Number of updated asset objects reloaded before import = 0
Number of asset objects unloaded after import = 7
========================================================================
Received Import Request.
  Time since last request: 0.941311 seconds.
  path: Assets/Synty/PolygonSciFiCity/Models/SM_Prop_Robotic_Part_010.fbx
  artifactKey: Guid(4caf43bd576a2384a9b421b4afc854ed) Importer(815301076,1909f56bfc062723c751e8b465ee728b)
Start importing Assets/Synty/PolygonSciFiCity/Models/SM_Prop_Robotic_Part_010.fbx using Guid(4caf43bd576a2384a9b421b4afc854ed) Importer(815301076,1909f56bfc062723c751e8b465ee728b) [PhysX] Initialized MultithreadedTaskDispatcher with 12 workers.
[PhysX] Initialized MultithreadedTaskDispatcher with 12 workers.
[PhysX] Initialized MultithreadedTaskDispatcher with 12 workers.
 -> (artifact id: 'a09dd7b49678a422aacee47e077c5cf9') in 0.017626 seconds
Number of updated asset objects reloaded before import = 0
Number of asset objects unloaded after import = 7
========================================================================
Received Import Request.
  Time since last request: 0.000022 seconds.
  path: Assets/Synty/PolygonSciFiCity/Models/SM_Prop_Rubbish_Paper_04.fbx
  artifactKey: Guid(f40a512a2313a324ea1795358c64b0e4) Importer(815301076,1909f56bfc062723c751e8b465ee728b)
Start importing Assets/Synty/PolygonSciFiCity/Models/SM_Prop_Rubbish_Paper_04.fbx using Guid(f40a512a2313a324ea1795358c64b0e4) Importer(815301076,1909f56bfc062723c751e8b465ee728b) [PhysX] Initialized MultithreadedTaskDispatcher with 12 workers.
[PhysX] Initialized MultithreadedTaskDispatcher with 12 workers.
[PhysX] Initialized MultithreadedTaskDispatcher with 12 workers.
 -> (artifact id: '3dc19457ca6346cdd48f6a57a761996d') in 0.017488 seconds
Number of updated asset objects reloaded before import = 0
Number of asset objects unloaded after import = 7
========================================================================
Received Import Request.
  Time since last request: 0.000020 seconds.
  path: Assets/Synty/PolygonSciFiCity/Models/SM_Prop_Rubbish_Paper_02.fbx
  artifactKey: Guid(89097aceaa6401f4483e5a65979db698) Importer(815301076,1909f56bfc062723c751e8b465ee728b)
Start importing Assets/Synty/PolygonSciFiCity/Models/SM_Prop_Rubbish_Paper_02.fbx using Guid(89097aceaa6401f4483e5a65979db698) Importer(815301076,1909f56bfc062723c751e8b465ee728b) [PhysX] Initialized MultithreadedTaskDispatcher with 12 workers.
[PhysX] Initialized MultithreadedTaskDispatcher with 12 workers.
[PhysX] Initialized MultithreadedTaskDispatcher with 12 workers.
 -> (artifact id: '31f705c5ebfaf0465dd4d29ad71abb45') in 0.016754 seconds
Number of updated asset objects reloaded before import = 0
Number of asset objects unloaded after import = 7
========================================================================
Received Import Request.
  Time since last request: 0.000017 seconds.
  path: Assets/Synty/PolygonSciFiCity/Models/SM_Prop_Rubbish_Bin_01.fbx
  artifactKey: Guid(64f5732453ce6eb4eb66b25e84287a77) Importer(815301076,1909f56bfc062723c751e8b465ee728b)
Start importing Assets/Synty/PolygonSciFiCity/Models/SM_Prop_Rubbish_Bin_01.fbx using Guid(64f5732453ce6eb4eb66b25e84287a77) Importer(815301076,1909f56bfc062723c751e8b465ee728b) [PhysX] Initialized MultithreadedTaskDispatcher with 12 workers.
[PhysX] Initialized MultithreadedTaskDispatcher with 12 workers.
[PhysX] Initialized MultithreadedTaskDispatcher with 12 workers.
[PhysX] Initialized MultithreadedTaskDispatcher with 12 workers.
[PhysX] Initialized MultithreadedTaskDispatcher with 12 workers.
 -> (artifact id: 'dc44779cb53c32d6703541db639e259c') in 0.027435 seconds
Number of updated asset objects reloaded before import = 0
Number of asset objects unloaded after import = 14
========================================================================
Received Import Request.
  Time since last request: 0.322629 seconds.
  path: Assets/Synty/PolygonSciFiCity/Models/SM_Prop_RubbishPile_01.fbx
  artifactKey: Guid(e03e8a2fb6978bb408eee0cc147c16f6) Importer(815301076,1909f56bfc062723c751e8b465ee728b)
Start importing Assets/Synty/PolygonSciFiCity/Models/SM_Prop_RubbishPile_01.fbx using Guid(e03e8a2fb6978bb408eee0cc147c16f6) Importer(815301076,1909f56bfc062723c751e8b465ee728b) [PhysX] Initialized MultithreadedTaskDispatcher with 12 workers.
[PhysX] Initialized MultithreadedTaskDispatcher with 12 workers.
[PhysX] Initialized MultithreadedTaskDispatcher with 12 workers.
 -> (artifact id: 'df7ee47fa6655b9e5e22d4b26f3885bf') in 0.016896 seconds
Number of updated asset objects reloaded before import = 0
Number of asset objects unloaded after import = 7
========================================================================
Received Import Request.
  Time since last request: 0.000036 seconds.
  path: Assets/Synty/PolygonSciFiCity/Models/SM_Prop_RubbishPile_03.fbx
  artifactKey: Guid(452394ff6cc2e2742b07589e17a7e66e) Importer(815301076,1909f56bfc062723c751e8b465ee728b)
Start importing Assets/Synty/PolygonSciFiCity/Models/SM_Prop_RubbishPile_03.fbx using Guid(452394ff6cc2e2742b07589e17a7e66e) Importer(815301076,1909f56bfc062723c751e8b465ee728b) [PhysX] Initialized MultithreadedTaskDispatcher with 12 workers.
[PhysX] Initialized MultithreadedTaskDispatcher with 12 workers.
[PhysX] Initialized MultithreadedTaskDispatcher with 12 workers.
 -> (artifact id: '704a86de2167c285ae3c3f200e8b7e01') in 0.018995 seconds
Number of updated asset objects reloaded before import = 0
Number of asset objects unloaded after import = 7
========================================================================
Received Import Request.
  Time since last request: 0.000019 seconds.
  path: Assets/Synty/PolygonSciFiCity/Models/SM_Prop_SatDish_Base_01.fbx
  artifactKey: Guid(7d2e1e642270ab941ba40410bec26068) Importer(815301076,1909f56bfc062723c751e8b465ee728b)
Start importing Assets/Synty/PolygonSciFiCity/Models/SM_Prop_SatDish_Base_01.fbx using Guid(7d2e1e642270ab941ba40410bec26068) Importer(815301076,1909f56bfc062723c751e8b465ee728b) [PhysX] Initialized MultithreadedTaskDispatcher with 12 workers.
[PhysX] Initialized MultithreadedTaskDispatcher with 12 workers.
[PhysX] Initialized MultithreadedTaskDispatcher with 12 workers.
[PhysX] Initialized MultithreadedTaskDispatcher with 12 workers.
[PhysX] Initialized MultithreadedTaskDispatcher with 12 workers.
 -> (artifact id: '0d54420e73f365a67f28e7e725954714') in 0.026465 seconds
Number of updated asset objects reloaded before import = 0
Number of asset objects unloaded after import = 12
========================================================================
Received Import Request.
  Time since last request: 0.000022 seconds.
  path: Assets/Synty/PolygonSciFiCity/Models/SM_Prop_Security_Scanner_01.fbx
  artifactKey: Guid(88fbd083162eac74694baf87d432b51a) Importer(815301076,1909f56bfc062723c751e8b465ee728b)
Start importing Assets/Synty/PolygonSciFiCity/Models/SM_Prop_Security_Scanner_01.fbx using Guid(88fbd083162eac74694baf87d432b51a) Importer(815301076,1909f56bfc062723c751e8b465ee728b) [PhysX] Initialized MultithreadedTaskDispatcher with 12 workers.
[PhysX] Initialized MultithreadedTaskDispatcher with 12 workers.
[PhysX] Initialized MultithreadedTaskDispatcher with 12 workers.
 -> (artifact id: 'cd6aebf71c3e99f45cf80a348ff81d1e') in 0.019422 seconds
Number of updated asset objects reloaded before import = 0
Number of asset objects unloaded after import = 7
========================================================================
Received Import Request.
  Time since last request: 0.000019 seconds.
  path: Assets/Synty/PolygonSciFiCity/Models/SM_Prop_Shelf_Wall_01.fbx
  artifactKey: Guid(98b5764870432cd4a83061eb49b76ab5) Importer(815301076,1909f56bfc062723c751e8b465ee728b)
Start importing Assets/Synty/PolygonSciFiCity/Models/SM_Prop_Shelf_Wall_01.fbx using Guid(98b5764870432cd4a83061eb49b76ab5) Importer(815301076,1909f56bfc062723c751e8b465ee728b) [PhysX] Initialized MultithreadedTaskDispatcher with 12 workers.
[PhysX] Initialized MultithreadedTaskDispatcher with 12 workers.
[PhysX] Initialized MultithreadedTaskDispatcher with 12 workers.
 -> (artifact id: '41e6b054b124125e050c2838ff0599b7') in 0.019248 seconds
Number of updated asset objects reloaded before import = 0
Number of asset objects unloaded after import = 7
========================================================================
Received Import Request.
  Time since last request: 0.000033 seconds.
  path: Assets/Synty/PolygonSciFiCity/Models/SM_Prop_Sidewalk_Barrier_01.fbx
  artifactKey: Guid(35a86d11397a66440a17a3f9f51719af) Importer(815301076,1909f56bfc062723c751e8b465ee728b)
Start importing Assets/Synty/PolygonSciFiCity/Models/SM_Prop_Sidewalk_Barrier_01.fbx using Guid(35a86d11397a66440a17a3f9f51719af) Importer(815301076,1909f56bfc062723c751e8b465ee728b) [PhysX] Initialized MultithreadedTaskDispatcher with 12 workers.
[PhysX] Initialized MultithreadedTaskDispatcher with 12 workers.
[PhysX] Initialized MultithreadedTaskDispatcher with 12 workers.
 -> (artifact id: '02ca93a2a65c8e772c596970deacca95') in 0.020623 seconds
Number of updated asset objects reloaded before import = 0
Number of asset objects unloaded after import = 7
========================================================================
Received Import Request.
  Time since last request: 0.000021 seconds.
  path: Assets/Synty/PolygonSciFiCity/Models/SM_Prop_Sidewalk_Pipe_02.fbx
  artifactKey: Guid(d3efe9b0189d7404eb614fb151994eb8) Importer(815301076,1909f56bfc062723c751e8b465ee728b)
Start importing Assets/Synty/PolygonSciFiCity/Models/SM_Prop_Sidewalk_Pipe_02.fbx using Guid(d3efe9b0189d7404eb614fb151994eb8) Importer(815301076,1909f56bfc062723c751e8b465ee728b) [PhysX] Initialized MultithreadedTaskDispatcher with 12 workers.
[PhysX] Initialized MultithreadedTaskDispatcher with 12 workers.
[PhysX] Initialized MultithreadedTaskDispatcher with 12 workers.
 -> (artifact id: '872e2349e524a1797d02bb50e8bd5af4') in 0.019874 seconds
Number of updated asset objects reloaded before import = 0
Number of asset objects unloaded after import = 7
========================================================================
Received Import Request.
  Time since last request: 0.000022 seconds.
  path: Assets/Synty/PolygonSciFiCity/Models/SM_Prop_Sidewalk_Panel_05.fbx
  artifactKey: Guid(50ab2d4d649b5014fb005dc269ef20f8) Importer(815301076,1909f56bfc062723c751e8b465ee728b)
Start importing Assets/Synty/PolygonSciFiCity/Models/SM_Prop_Sidewalk_Panel_05.fbx using Guid(50ab2d4d649b5014fb005dc269ef20f8) Importer(815301076,1909f56bfc062723c751e8b465ee728b) [PhysX] Initialized MultithreadedTaskDispatcher with 12 workers.
[PhysX] Initialized MultithreadedTaskDispatcher with 12 workers.
[PhysX] Initialized MultithreadedTaskDispatcher with 12 workers.
 -> (artifact id: '19c7151423c9c985cd3a638c2577d44f') in 0.018623 seconds
Number of updated asset objects reloaded before import = 0
Number of asset objects unloaded after import = 7
========================================================================
Received Import Request.
  Time since last request: 0.000025 seconds.
  path: Assets/Synty/PolygonSciFiCity/Models/SM_Prop_Streetlight_01.fbx
  artifactKey: Guid(da49156e8fb981f4f8cb2c0320fadf30) Importer(815301076,1909f56bfc062723c751e8b465ee728b)
Start importing Assets/Synty/PolygonSciFiCity/Models/SM_Prop_Streetlight_01.fbx using Guid(da49156e8fb981f4f8cb2c0320fadf30) Importer(815301076,1909f56bfc062723c751e8b465ee728b) [PhysX] Initialized MultithreadedTaskDispatcher with 12 workers.
[PhysX] Initialized MultithreadedTaskDispatcher with 12 workers.
[PhysX] Initialized MultithreadedTaskDispatcher with 12 workers.
 -> (artifact id: '0b33dcd97fda8ae12a25658513c4a421') in 0.018215 seconds
Number of updated asset objects reloaded before import = 0
Number of asset objects unloaded after import = 7
========================================================================
Received Import Request.
  Time since last request: 0.003229 seconds.
  path: Assets/Synty/PolygonSciFiCity/Models/SM_Prop_StripClub_Pole_01.fbx
  artifactKey: Guid(53946caf308ae584f8755813627e69e2) Importer(815301076,1909f56bfc062723c751e8b465ee728b)
Start importing Assets/Synty/PolygonSciFiCity/Models/SM_Prop_StripClub_Pole_01.fbx using Guid(53946caf308ae584f8755813627e69e2) Importer(815301076,1909f56bfc062723c751e8b465ee728b) [PhysX] Initialized MultithreadedTaskDispatcher with 12 workers.
[PhysX] Initialized MultithreadedTaskDispatcher with 12 workers.
[PhysX] Initialized MultithreadedTaskDispatcher with 12 workers.
 -> (artifact id: 'bea0ed896d7a6fea99403a606926a74d') in 0.016866 seconds
Number of updated asset objects reloaded before import = 0
Number of asset objects unloaded after import = 7
========================================================================
Received Import Request.
  Time since last request: 0.000017 seconds.
  path: Assets/Synty/PolygonSciFiCity/Models/SM_Prop_Stool_01.fbx
  artifactKey: Guid(292eb7cd6b206ba4e961dd6ecb736a56) Importer(815301076,1909f56bfc062723c751e8b465ee728b)
Start importing Assets/Synty/PolygonSciFiCity/Models/SM_Prop_Stool_01.fbx using Guid(292eb7cd6b206ba4e961dd6ecb736a56) Importer(815301076,1909f56bfc062723c751e8b465ee728b) [PhysX] Initialized MultithreadedTaskDispatcher with 12 workers.
[PhysX] Initialized MultithreadedTaskDispatcher with 12 workers.
[PhysX] Initialized MultithreadedTaskDispatcher with 12 workers.
 -> (artifact id: '8563b47967a38b140caf7c45e9667a09') in 0.016807 seconds
Number of updated asset objects reloaded before import = 0
Number of asset objects unloaded after import = 7
========================================================================
Received Import Request.
  Time since last request: 0.000024 seconds.
  path: Assets/Synty/PolygonSciFiCity/Models/SM_Prop_Sidewalk_Panel_03.fbx
  artifactKey: Guid(8efa33abb081f3441879a245e64ae781) Importer(815301076,1909f56bfc062723c751e8b465ee728b)
Start importing Assets/Synty/PolygonSciFiCity/Models/SM_Prop_Sidewalk_Panel_03.fbx using Guid(8efa33abb081f3441879a245e64ae781) Importer(815301076,1909f56bfc062723c751e8b465ee728b) [PhysX] Initialized MultithreadedTaskDispatcher with 12 workers.
[PhysX] Initialized MultithreadedTaskDispatcher with 12 workers.
[PhysX] Initialized MultithreadedTaskDispatcher with 12 workers.
 -> (artifact id: '45c958f884ffbb24299325d9233ae205') in 0.018176 seconds
Number of updated asset objects reloaded before import = 0
Number of asset objects unloaded after import = 7
========================================================================
Received Import Request.
  Time since last request: 0.000019 seconds.
  path: Assets/Synty/PolygonSciFiCity/Models/SM_Prop_Shelf_Wall_Preset_03.fbx
  artifactKey: Guid(590cec23a6f1cf94898458c1360be4df) Importer(815301076,1909f56bfc062723c751e8b465ee728b)
Start importing Assets/Synty/PolygonSciFiCity/Models/SM_Prop_Shelf_Wall_Preset_03.fbx using Guid(590cec23a6f1cf94898458c1360be4df) Importer(815301076,1909f56bfc062723c751e8b465ee728b) [PhysX] Initialized MultithreadedTaskDispatcher with 12 workers.
[PhysX] Initialized MultithreadedTaskDispatcher with 12 workers.
[PhysX] Initialized MultithreadedTaskDispatcher with 12 workers.
 -> (artifact id: '0347e9cb80135985ad0c998826794084') in 0.020095 seconds
Number of updated asset objects reloaded before import = 0
Number of asset objects unloaded after import = 7
========================================================================
Received Import Request.
  Time since last request: 0.000026 seconds.
  path: Assets/Synty/PolygonSciFiCity/Models/SM_Prop_Supplies_01.fbx
  artifactKey: Guid(5975e7d544059e843aebfaff8fb1c24b) Importer(815301076,1909f56bfc062723c751e8b465ee728b)
Start importing Assets/Synty/PolygonSciFiCity/Models/SM_Prop_Supplies_01.fbx using Guid(5975e7d544059e843aebfaff8fb1c24b) Importer(815301076,1909f56bfc062723c751e8b465ee728b) [PhysX] Initialized MultithreadedTaskDispatcher with 12 workers.
[PhysX] Initialized MultithreadedTaskDispatcher with 12 workers.
[PhysX] Initialized MultithreadedTaskDispatcher with 12 workers.
 -> (artifact id: '63aff22698cba7e1ff544151052ac76f') in 0.019714 seconds
Number of updated asset objects reloaded before import = 0
Number of asset objects unloaded after import = 7
========================================================================
Received Import Request.
  Time since last request: 0.000017 seconds.
  path: Assets/Synty/PolygonSciFiCity/Models/SM_Prop_Shelf_01.fbx
  artifactKey: Guid(e9df1f41bcc2ef44ca6a1de6afcac1d7) Importer(815301076,1909f56bfc062723c751e8b465ee728b)
Start importing Assets/Synty/PolygonSciFiCity/Models/SM_Prop_Shelf_01.fbx using Guid(e9df1f41bcc2ef44ca6a1de6afcac1d7) Importer(815301076,1909f56bfc062723c751e8b465ee728b) [PhysX] Initialized MultithreadedTaskDispatcher with 12 workers.
[PhysX] Initialized MultithreadedTaskDispatcher with 12 workers.
[PhysX] Initialized MultithreadedTaskDispatcher with 12 workers.
 -> (artifact id: '90e79aac65dda52cfb67d3225af27740') in 0.018238 seconds
Number of updated asset objects reloaded before import = 0
Number of asset objects unloaded after import = 7
========================================================================
Received Import Request.
  Time since last request: 0.000019 seconds.
  path: Assets/Synty/PolygonSciFiCity/Models/SM_Prop_SatDish_02.fbx
  artifactKey: Guid(bd82574e80c38e143b5038bc5aa3e79a) Importer(815301076,1909f56bfc062723c751e8b465ee728b)
Start importing Assets/Synty/PolygonSciFiCity/Models/SM_Prop_SatDish_02.fbx using Guid(bd82574e80c38e143b5038bc5aa3e79a) Importer(815301076,1909f56bfc062723c751e8b465ee728b) [PhysX] Initialized MultithreadedTaskDispatcher with 12 workers.
[PhysX] Initialized MultithreadedTaskDispatcher with 12 workers.
[PhysX] Initialized MultithreadedTaskDispatcher with 12 workers.
 -> (artifact id: '7a243db4587eb188eec89d0216da50ab') in 0.017244 seconds
Number of updated asset objects reloaded before import = 0
Number of asset objects unloaded after import = 7
========================================================================
Received Import Request.
  Time since last request: 0.000018 seconds.
  path: Assets/Synty/PolygonSciFiCity/Models/SM_Prop_Sidewalk_Rubble_01.fbx
  artifactKey: Guid(eed8ca01e2504ff4b821c9720f1d0894) Importer(815301076,1909f56bfc062723c751e8b465ee728b)
Start importing Assets/Synty/PolygonSciFiCity/Models/SM_Prop_Sidewalk_Rubble_01.fbx using Guid(eed8ca01e2504ff4b821c9720f1d0894) Importer(815301076,1909f56bfc062723c751e8b465ee728b) [PhysX] Initialized MultithreadedTaskDispatcher with 12 workers.
[PhysX] Initialized MultithreadedTaskDispatcher with 12 workers.
[PhysX] Initialized MultithreadedTaskDispatcher with 12 workers.
 -> (artifact id: '44936b07691016053a4eec8bf0946ac6') in 0.016715 seconds
Number of updated asset objects reloaded before import = 0
Number of asset objects unloaded after import = 7
========================================================================
Received Import Request.
  Time since last request: 0.000025 seconds.
  path: Assets/Synty/PolygonSciFiCity/Models/SM_Prop_Security_Camera_01.fbx
  artifactKey: Guid(4b7628188f488ea4594439a443be003f) Importer(815301076,1909f56bfc062723c751e8b465ee728b)
Start importing Assets/Synty/PolygonSciFiCity/Models/SM_Prop_Security_Camera_01.fbx using Guid(4b7628188f488ea4594439a443be003f) Importer(815301076,1909f56bfc062723c751e8b465ee728b) [PhysX] Initialized MultithreadedTaskDispatcher with 12 workers.
[PhysX] Initialized MultithreadedTaskDispatcher with 12 workers.
[PhysX] Initialized MultithreadedTaskDispatcher with 12 workers.
[PhysX] Initialized MultithreadedTaskDispatcher with 12 workers.
[PhysX] Initialized MultithreadedTaskDispatcher with 12 workers.
 -> (artifact id: '36bc05e1e926c6c55d7c435a9172f6c4') in 0.027503 seconds
Number of updated asset objects reloaded before import = 0
Number of asset objects unloaded after import = 12
========================================================================
Received Import Request.
  Time since last request: 0.000023 seconds.
  path: Assets/Synty/PolygonSciFiCity/Models/SM_Prop_Spanner_01.fbx
  artifactKey: Guid(c1ac8b72d6c86104bbd65424d11c9559) Importer(815301076,1909f56bfc062723c751e8b465ee728b)
Start importing Assets/Synty/PolygonSciFiCity/Models/SM_Prop_Spanner_01.fbx using Guid(c1ac8b72d6c86104bbd65424d11c9559) Importer(815301076,1909f56bfc062723c751e8b465ee728b) [PhysX] Initialized MultithreadedTaskDispatcher with 12 workers.
[PhysX] Initialized MultithreadedTaskDispatcher with 12 workers.
[PhysX] Initialized MultithreadedTaskDispatcher with 12 workers.
 -> (artifact id: '7207b2ed67427ff2965583506ad24752') in 0.017111 seconds
Number of updated asset objects reloaded before import = 0
Number of asset objects unloaded after import = 7
========================================================================
Received Import Request.
  Time since last request: 0.000017 seconds.
  path: Assets/Synty/PolygonSciFiCity/Models/SM_Prop_StripClub_Sofa_01.fbx
  artifactKey: Guid(8dd5f21592d820f40b5510e4b70d4110) Importer(815301076,1909f56bfc062723c751e8b465ee728b)
Start importing Assets/Synty/PolygonSciFiCity/Models/SM_Prop_StripClub_Sofa_01.fbx using Guid(8dd5f21592d820f40b5510e4b70d4110) Importer(815301076,1909f56bfc062723c751e8b465ee728b) [PhysX] Initialized MultithreadedTaskDispatcher with 12 workers.
[PhysX] Initialized MultithreadedTaskDispatcher with 12 workers.
[PhysX] Initialized MultithreadedTaskDispatcher with 12 workers.
 -> (artifact id: '4ece9fa2e7f05ea4467e6aec7f3c1cda') in 0.018789 seconds
Number of updated asset objects reloaded before import = 0
Number of asset objects unloaded after import = 7
========================================================================
Received Import Request.
  Time since last request: 0.661486 seconds.
  path: Assets/Synty/PolygonSciFiCity/Models/SM_Prop_TrashBag_01.fbx
  artifactKey: Guid(703c2786a2a75bf4c9a3eb04b594e334) Importer(815301076,1909f56bfc062723c751e8b465ee728b)
Start importing Assets/Synty/PolygonSciFiCity/Models/SM_Prop_TrashBag_01.fbx using Guid(703c2786a2a75bf4c9a3eb04b594e334) Importer(815301076,1909f56bfc062723c751e8b465ee728b) [PhysX] Initialized MultithreadedTaskDispatcher with 12 workers.
[PhysX] Initialized MultithreadedTaskDispatcher with 12 workers.
[PhysX] Initialized MultithreadedTaskDispatcher with 12 workers.
 -> (artifact id: 'f7931e384ebdb9a2111692d753b8732a') in 0.016346 seconds
Number of updated asset objects reloaded before import = 0
Number of asset objects unloaded after import = 7
========================================================================
Received Import Request.
  Time since last request: 0.000015 seconds.
  path: Assets/Synty/PolygonSciFiCity/Models/SM_Prop_Vent_02.fbx
  artifactKey: Guid(60d40a8a65d8fbf47a93372973152f3a) Importer(815301076,1909f56bfc062723c751e8b465ee728b)
Start importing Assets/Synty/PolygonSciFiCity/Models/SM_Prop_Vent_02.fbx using Guid(60d40a8a65d8fbf47a93372973152f3a) Importer(815301076,1909f56bfc062723c751e8b465ee728b) [PhysX] Initialized MultithreadedTaskDispatcher with 12 workers.
[PhysX] Initialized MultithreadedTaskDispatcher with 12 workers.
[PhysX] Initialized MultithreadedTaskDispatcher with 12 workers.
 -> (artifact id: 'c4c4f6d7ca0cb4df407904f1ddfc9034') in 0.016992 seconds
Number of updated asset objects reloaded before import = 0
Number of asset objects unloaded after import = 7
========================================================================
Received Import Request.
  Time since last request: 0.000022 seconds.
  path: Assets/Synty/PolygonSciFiCity/Models/SM_Prop_Vent_01.fbx
  artifactKey: Guid(617076c6f949df54c8dbe55a3906fa7f) Importer(815301076,1909f56bfc062723c751e8b465ee728b)
Start importing Assets/Synty/PolygonSciFiCity/Models/SM_Prop_Vent_01.fbx using Guid(617076c6f949df54c8dbe55a3906fa7f) Importer(815301076,1909f56bfc062723c751e8b465ee728b) [PhysX] Initialized MultithreadedTaskDispatcher with 12 workers.
[PhysX] Initialized MultithreadedTaskDispatcher with 12 workers.
[PhysX] Initialized MultithreadedTaskDispatcher with 12 workers.
 -> (artifact id: '79f520d091734ba2a6e735a798cd7603') in 0.016307 seconds
Number of updated asset objects reloaded before import = 0
Number of asset objects unloaded after import = 7
========================================================================
Received Import Request.
  Time since last request: 0.000013 seconds.
  path: Assets/Synty/PolygonSciFiCity/Models/SM_Prop_VendingMachine_01.fbx
  artifactKey: Guid(69a7a0e0ac859ad4fbbe1df030f7de33) Importer(815301076,1909f56bfc062723c751e8b465ee728b)
Start importing Assets/Synty/PolygonSciFiCity/Models/SM_Prop_VendingMachine_01.fbx using Guid(69a7a0e0ac859ad4fbbe1df030f7de33) Importer(815301076,1909f56bfc062723c751e8b465ee728b) [PhysX] Initialized MultithreadedTaskDispatcher with 12 workers.
[PhysX] Initialized MultithreadedTaskDispatcher with 12 workers.
[PhysX] Initialized MultithreadedTaskDispatcher with 12 workers.
 -> (artifact id: '3f514d8475763b4de115f0444c9b297f') in 0.017663 seconds
Number of updated asset objects reloaded before import = 0
Number of asset objects unloaded after import = 7
========================================================================
Received Import Request.
  Time since last request: 0.000024 seconds.
  path: Assets/Synty/PolygonSciFiCity/Models/SM_Prop_TrashBag_03.fbx
  artifactKey: Guid(f781672a3f76dee458bc4332cc23d805) Importer(815301076,1909f56bfc062723c751e8b465ee728b)
Start importing Assets/Synty/PolygonSciFiCity/Models/SM_Prop_TrashBag_03.fbx using Guid(f781672a3f76dee458bc4332cc23d805) Importer(815301076,1909f56bfc062723c751e8b465ee728b) [PhysX] Initialized MultithreadedTaskDispatcher with 12 workers.
[PhysX] Initialized MultithreadedTaskDispatcher with 12 workers.
[PhysX] Initialized MultithreadedTaskDispatcher with 12 workers.
 -> (artifact id: 'ab7c0571d6226f956e8b564c98d52ca7') in 0.017301 seconds
Number of updated asset objects reloaded before import = 0
Number of asset objects unloaded after import = 7
========================================================================
Received Import Request.
  Time since last request: 0.314918 seconds.
  path: Assets/Synty/PolygonSciFiCity/Models/SM_Prop_Vent_03.fbx
  artifactKey: Guid(9c61975e0acc6124d986ae2a8900ef99) Importer(815301076,1909f56bfc062723c751e8b465ee728b)
Start importing Assets/Synty/PolygonSciFiCity/Models/SM_Prop_Vent_03.fbx using Guid(9c61975e0acc6124d986ae2a8900ef99) Importer(815301076,1909f56bfc062723c751e8b465ee728b) [PhysX] Initialized MultithreadedTaskDispatcher with 12 workers.
[PhysX] Initialized MultithreadedTaskDispatcher with 12 workers.
[PhysX] Initialized MultithreadedTaskDispatcher with 12 workers.
 -> (artifact id: 'b8b1689fc455744197ff474f02f099bc') in 0.020951 seconds
Number of updated asset objects reloaded before import = 0
Number of asset objects unloaded after import = 7
========================================================================
Received Import Request.
  Time since last request: 0.000040 seconds.
  path: Assets/Synty/PolygonSciFiCity/Models/SM_Prop_Wall_Table_01.fbx
  artifactKey: Guid(8ae29bc2d48e5db42b683c17b7bb2307) Importer(815301076,1909f56bfc062723c751e8b465ee728b)
Start importing Assets/Synty/PolygonSciFiCity/Models/SM_Prop_Wall_Table_01.fbx using Guid(8ae29bc2d48e5db42b683c17b7bb2307) Importer(815301076,1909f56bfc062723c751e8b465ee728b) [PhysX] Initialized MultithreadedTaskDispatcher with 12 workers.
[PhysX] Initialized MultithreadedTaskDispatcher with 12 workers.
[PhysX] Initialized MultithreadedTaskDispatcher with 12 workers.
 -> (artifact id: 'b219261330e08914264a4846b15d29f9') in 0.018277 seconds
Number of updated asset objects reloaded before import = 0
Number of asset objects unloaded after import = 7
========================================================================
Received Import Request.
  Time since last request: 0.000024 seconds.
  path: Assets/Synty/PolygonSciFiCity/Models/SM_Prop_VRBooth_01.fbx
  artifactKey: Guid(d2f100dd50358dd4b97fdaa76f9bc24b) Importer(815301076,1909f56bfc062723c751e8b465ee728b)
Start importing Assets/Synty/PolygonSciFiCity/Models/SM_Prop_VRBooth_01.fbx using Guid(d2f100dd50358dd4b97fdaa76f9bc24b) Importer(815301076,1909f56bfc062723c751e8b465ee728b) [PhysX] Initialized MultithreadedTaskDispatcher with 12 workers.
[PhysX] Initialized MultithreadedTaskDispatcher with 12 workers.
[PhysX] Initialized MultithreadedTaskDispatcher with 12 workers.
 -> (artifact id: '7a9a5fbf65b012c2d0af0ecab8adcfb0') in 0.019077 seconds
Number of updated asset objects reloaded before import = 0
Number of asset objects unloaded after import = 7
========================================================================
Received Import Request.
  Time since last request: 0.000026 seconds.
  path: Assets/Synty/PolygonSciFiCity/Models/SM_Prop_WallAttach_Electronics_01.fbx
  artifactKey: Guid(2eaad5a4fedf26643b794a8362f7bc30) Importer(815301076,1909f56bfc062723c751e8b465ee728b)
Start importing Assets/Synty/PolygonSciFiCity/Models/SM_Prop_WallAttach_Electronics_01.fbx using Guid(2eaad5a4fedf26643b794a8362f7bc30) Importer(815301076,1909f56bfc062723c751e8b465ee728b) [PhysX] Initialized MultithreadedTaskDispatcher with 12 workers.
[PhysX] Initialized MultithreadedTaskDispatcher with 12 workers.
[PhysX] Initialized MultithreadedTaskDispatcher with 12 workers.
 -> (artifact id: '678fa3f7a92db9111732dd5ad19d360e') in 0.018981 seconds
Number of updated asset objects reloaded before import = 0
Number of asset objects unloaded after import = 7
========================================================================
Received Import Request.
  Time since last request: 0.013769 seconds.
  path: Assets/Synty/PolygonSciFiCity/Models/SM_Prop_WallAttach_Electronics_03.fbx
  artifactKey: Guid(35f656cdc5672024e8728da19c77e4c5) Importer(815301076,1909f56bfc062723c751e8b465ee728b)
Start importing Assets/Synty/PolygonSciFiCity/Models/SM_Prop_WallAttach_Electronics_03.fbx using Guid(35f656cdc5672024e8728da19c77e4c5) Importer(815301076,1909f56bfc062723c751e8b465ee728b) [PhysX] Initialized MultithreadedTaskDispatcher with 12 workers.
[PhysX] Initialized MultithreadedTaskDispatcher with 12 workers.
[PhysX] Initialized MultithreadedTaskDispatcher with 12 workers.
 -> (artifact id: '001e4eb0d304de2865f4185abc17a4d4') in 0.016681 seconds
Number of updated asset objects reloaded before import = 0
Number of asset objects unloaded after import = 7
========================================================================
Received Import Request.
  Time since last request: 0.000022 seconds.
  path: Assets/Synty/PolygonSciFiCity/Models/SM_Prop_WallAttach_Vent_01.fbx
  artifactKey: Guid(4ce9e3b3c86bf234aa7485aea3e5cd46) Importer(815301076,1909f56bfc062723c751e8b465ee728b)
Start importing Assets/Synty/PolygonSciFiCity/Models/SM_Prop_WallAttach_Vent_01.fbx using Guid(4ce9e3b3c86bf234aa7485aea3e5cd46) Importer(815301076,1909f56bfc062723c751e8b465ee728b) [PhysX] Initialized MultithreadedTaskDispatcher with 12 workers.
[PhysX] Initialized MultithreadedTaskDispatcher with 12 workers.
[PhysX] Initialized MultithreadedTaskDispatcher with 12 workers.
 -> (artifact id: '8339e432216fa020330e7ee2ae110f75') in 0.016238 seconds
Number of updated asset objects reloaded before import = 0
Number of asset objects unloaded after import = 7
========================================================================
Received Import Request.
  Time since last request: 0.000018 seconds.
  path: Assets/Synty/PolygonSciFiCity/Models/SM_Prop_WallAttach_Vent_04.fbx
  artifactKey: Guid(d61f065ef71c2c649a159f43f26e4973) Importer(815301076,1909f56bfc062723c751e8b465ee728b)
Start importing Assets/Synty/PolygonSciFiCity/Models/SM_Prop_WallAttach_Vent_04.fbx using Guid(d61f065ef71c2c649a159f43f26e4973) Importer(815301076,1909f56bfc062723c751e8b465ee728b) [PhysX] Initialized MultithreadedTaskDispatcher with 12 workers.
[PhysX] Initialized MultithreadedTaskDispatcher with 12 workers.
[PhysX] Initialized MultithreadedTaskDispatcher with 12 workers.
 -> (artifact id: 'f70ceeb5f5288ed38a0fb82911bca841') in 0.016092 seconds
Number of updated asset objects reloaded before import = 0
Number of asset objects unloaded after import = 7
========================================================================
Received Import Request.
  Time since last request: 0.000017 seconds.
  path: Assets/Synty/PolygonSciFiCity/Models/SM_Prop_WallAttach_Electronics_05.fbx
  artifactKey: Guid(8751cb05161c8d549901627d9fd364de) Importer(815301076,1909f56bfc062723c751e8b465ee728b)
Start importing Assets/Synty/PolygonSciFiCity/Models/SM_Prop_WallAttach_Electronics_05.fbx using Guid(8751cb05161c8d549901627d9fd364de) Importer(815301076,1909f56bfc062723c751e8b465ee728b) [PhysX] Initialized MultithreadedTaskDispatcher with 12 workers.
[PhysX] Initialized MultithreadedTaskDispatcher with 12 workers.
[PhysX] Initialized MultithreadedTaskDispatcher with 12 workers.
 -> (artifact id: '3f0e45266deaf69bf5306d062bdfe5c6') in 0.017035 seconds
Number of updated asset objects reloaded before import = 0
Number of asset objects unloaded after import = 7
========================================================================
Received Import Request.
  Time since last request: 0.100027 seconds.
  path: Assets/Synty/PolygonSciFiCity/Models/SM_Prop_Watercooler_01.fbx
  artifactKey: Guid(091094609e0763c409d49dad9bc5ab1f) Importer(815301076,1909f56bfc062723c751e8b465ee728b)
Start importing Assets/Synty/PolygonSciFiCity/Models/SM_Prop_Watercooler_01.fbx using Guid(091094609e0763c409d49dad9bc5ab1f) Importer(815301076,1909f56bfc062723c751e8b465ee728b) [PhysX] Initialized MultithreadedTaskDispatcher with 12 workers.
[PhysX] Initialized MultithreadedTaskDispatcher with 12 workers.
[PhysX] Initialized MultithreadedTaskDispatcher with 12 workers.
[PhysX] Initialized MultithreadedTaskDispatcher with 12 workers.
[PhysX] Initialized MultithreadedTaskDispatcher with 12 workers.
 -> (artifact id: '8b82dc77c04b26a6e945fc5d876a0dd4') in 0.025141 seconds
Number of updated asset objects reloaded before import = 0
Number of asset objects unloaded after import = 12
========================================================================
Received Import Request.
  Time since last request: 0.000035 seconds.
  path: Assets/Synty/PolygonSciFiCity/Models/SM_Props_Bottles_01.fbx
  artifactKey: Guid(142db01c17ac14b439954654e0a4f258) Importer(815301076,1909f56bfc062723c751e8b465ee728b)
Start importing Assets/Synty/PolygonSciFiCity/Models/SM_Props_Bottles_01.fbx using Guid(142db01c17ac14b439954654e0a4f258) Importer(815301076,1909f56bfc062723c751e8b465ee728b) [PhysX] Initialized MultithreadedTaskDispatcher with 12 workers.
[PhysX] Initialized MultithreadedTaskDispatcher with 12 workers.
[PhysX] Initialized MultithreadedTaskDispatcher with 12 workers.
 -> (artifact id: '5aac58dab6d5b82579f13f0888e61d46') in 0.018784 seconds
Number of updated asset objects reloaded before import = 0
Number of asset objects unloaded after import = 7
========================================================================
Received Import Request.
  Time since last request: 0.000033 seconds.
  path: Assets/Synty/PolygonSciFiCity/Models/SM_Prop_Window_03.fbx
  artifactKey: Guid(e46f2432ba9b2d748bbdc5a9f6d6b758) Importer(815301076,1909f56bfc062723c751e8b465ee728b)
Start importing Assets/Synty/PolygonSciFiCity/Models/SM_Prop_Window_03.fbx using Guid(e46f2432ba9b2d748bbdc5a9f6d6b758) Importer(815301076,1909f56bfc062723c751e8b465ee728b) [PhysX] Initialized MultithreadedTaskDispatcher with 12 workers.
[PhysX] Initialized MultithreadedTaskDispatcher with 12 workers.
[PhysX] Initialized MultithreadedTaskDispatcher with 12 workers.
 -> (artifact id: '3dc8e54fa2f4c5932d6f32c3c6a57e87') in 0.019552 seconds
Number of updated asset objects reloaded before import = 0
Number of asset objects unloaded after import = 7
========================================================================
Received Import Request.
  Time since last request: 0.000017 seconds.
  path: Assets/Synty/PolygonSciFiCity/Models/SM_Prop_WoodenPath_01.fbx
  artifactKey: Guid(fff443afb63c3d14ba1281784ff366cb) Importer(815301076,1909f56bfc062723c751e8b465ee728b)
Start importing Assets/Synty/PolygonSciFiCity/Models/SM_Prop_WoodenPath_01.fbx using Guid(fff443afb63c3d14ba1281784ff366cb) Importer(815301076,1909f56bfc062723c751e8b465ee728b) [PhysX] Initialized MultithreadedTaskDispatcher with 12 workers.
[PhysX] Initialized MultithreadedTaskDispatcher with 12 workers.
[PhysX] Initialized MultithreadedTaskDispatcher with 12 workers.
 -> (artifact id: '7c6084f4b252dcdd0d7c64f3139f3b06') in 0.016779 seconds
Number of updated asset objects reloaded before import = 0
Number of asset objects unloaded after import = 7
========================================================================
Received Import Request.
  Time since last request: 0.964302 seconds.
  path: Assets/Synty/PolygonSciFiCity/Models/SM_Props_Shelves_01.fbx
  artifactKey: Guid(37820a64fb7e08b409057059b0da6ea7) Importer(815301076,1909f56bfc062723c751e8b465ee728b)
Start importing Assets/Synty/PolygonSciFiCity/Models/SM_Props_Shelves_01.fbx using Guid(37820a64fb7e08b409057059b0da6ea7) Importer(815301076,1909f56bfc062723c751e8b465ee728b) [PhysX] Initialized MultithreadedTaskDispatcher with 12 workers.
[PhysX] Initialized MultithreadedTaskDispatcher with 12 workers.
[PhysX] Initialized MultithreadedTaskDispatcher with 12 workers.
 -> (artifact id: '2ed26a053097a1fb57788366104c7261') in 0.017241 seconds
Number of updated asset objects reloaded before import = 0
Number of asset objects unloaded after import = 7
========================================================================
Received Import Request.
  Time since last request: 0.000023 seconds.
  path: Assets/Synty/PolygonSciFiCity/Models/SM_Props_StripClub_Table_01.fbx
  artifactKey: Guid(0a4f69ed73e60444e871090a1f8ccdc3) Importer(815301076,1909f56bfc062723c751e8b465ee728b)
Start importing Assets/Synty/PolygonSciFiCity/Models/SM_Props_StripClub_Table_01.fbx using Guid(0a4f69ed73e60444e871090a1f8ccdc3) Importer(815301076,1909f56bfc062723c751e8b465ee728b) [PhysX] Initialized MultithreadedTaskDispatcher with 12 workers.
[PhysX] Initialized MultithreadedTaskDispatcher with 12 workers.
[PhysX] Initialized MultithreadedTaskDispatcher with 12 workers.
 -> (artifact id: '1df1a865eb2858732e3c99a21d792f5d') in 0.021605 seconds
Number of updated asset objects reloaded before import = 0
Number of asset objects unloaded after import = 7
========================================================================
Received Import Request.
  Time since last request: 0.000028 seconds.
  path: Assets/Synty/PolygonSciFiCity/Models/SM_Props_StripClub_Stage_02.fbx
  artifactKey: Guid(b5f85b5620541ba4482740b7483d5570) Importer(815301076,1909f56bfc062723c751e8b465ee728b)
Start importing Assets/Synty/PolygonSciFiCity/Models/SM_Props_StripClub_Stage_02.fbx using Guid(b5f85b5620541ba4482740b7483d5570) Importer(815301076,1909f56bfc062723c751e8b465ee728b) [PhysX] Initialized MultithreadedTaskDispatcher with 12 workers.
[PhysX] Initialized MultithreadedTaskDispatcher with 12 workers.
[PhysX] Initialized MultithreadedTaskDispatcher with 12 workers.
 -> (artifact id: '742893269433fc117bd36cb34e7ac864') in 0.020324 seconds
Number of updated asset objects reloaded before import = 0
Number of asset objects unloaded after import = 7
========================================================================
Received Import Request.
  Time since last request: 0.000037 seconds.
  path: Assets/Synty/PolygonSciFiCity/Models/SM_Sign_02.fbx
  artifactKey: Guid(1b68cf6785bd8fa4f9b182275beb853c) Importer(815301076,1909f56bfc062723c751e8b465ee728b)
Start importing Assets/Synty/PolygonSciFiCity/Models/SM_Sign_02.fbx using Guid(1b68cf6785bd8fa4f9b182275beb853c) Importer(815301076,1909f56bfc062723c751e8b465ee728b) [PhysX] Initialized MultithreadedTaskDispatcher with 12 workers.
[PhysX] Initialized MultithreadedTaskDispatcher with 12 workers.
[PhysX] Initialized MultithreadedTaskDispatcher with 12 workers.
 -> (artifact id: 'fa593d46902e67388e8d8e45fefaf546') in 0.018147 seconds
Number of updated asset objects reloaded before import = 0
Number of asset objects unloaded after import = 7
========================================================================
Received Import Request.
  Time since last request: 0.129037 seconds.
  path: Assets/Synty/PolygonSciFiCity/Models/SM_Sign_04.fbx
  artifactKey: Guid(35f61eacfeb2be54ea84f1003aa5351c) Importer(815301076,1909f56bfc062723c751e8b465ee728b)
Start importing Assets/Synty/PolygonSciFiCity/Models/SM_Sign_04.fbx using Guid(35f61eacfeb2be54ea84f1003aa5351c) Importer(815301076,1909f56bfc062723c751e8b465ee728b) [PhysX] Initialized MultithreadedTaskDispatcher with 12 workers.
[PhysX] Initialized MultithreadedTaskDispatcher with 12 workers.
[PhysX] Initialized MultithreadedTaskDispatcher with 12 workers.
 -> (artifact id: '9fbe3e47b0ee898440a364395450ba7d') in 0.019892 seconds
Number of updated asset objects reloaded before import = 0
Number of asset objects unloaded after import = 7
========================================================================
Received Import Request.
  Time since last request: 0.000015 seconds.
  path: Assets/Synty/PolygonSciFiCity/Models/SM_Sign_Ad_01.fbx
  artifactKey: Guid(a4f14218738920c40a1e13dee8fd2f79) Importer(815301076,1909f56bfc062723c751e8b465ee728b)
Start importing Assets/Synty/PolygonSciFiCity/Models/SM_Sign_Ad_01.fbx using Guid(a4f14218738920c40a1e13dee8fd2f79) Importer(815301076,1909f56bfc062723c751e8b465ee728b) [PhysX] Initialized MultithreadedTaskDispatcher with 12 workers.
[PhysX] Initialized MultithreadedTaskDispatcher with 12 workers.
[PhysX] Initialized MultithreadedTaskDispatcher with 12 workers.
 -> (artifact id: '088d357188856bb19ae6dcec4d156e3a') in 0.018735 seconds
Number of updated asset objects reloaded before import = 0
Number of asset objects unloaded after import = 7
========================================================================
Received Import Request.
  Time since last request: 0.000018 seconds.
  path: Assets/Synty/PolygonSciFiCity/Models/SM_Sign_011.fbx
  artifactKey: Guid(5079dbbde46eb3b47a35f90ad0ba711f) Importer(815301076,1909f56bfc062723c751e8b465ee728b)
Start importing Assets/Synty/PolygonSciFiCity/Models/SM_Sign_011.fbx using Guid(5079dbbde46eb3b47a35f90ad0ba711f) Importer(815301076,1909f56bfc062723c751e8b465ee728b) [PhysX] Initialized MultithreadedTaskDispatcher with 12 workers.
[PhysX] Initialized MultithreadedTaskDispatcher with 12 workers.
[PhysX] Initialized MultithreadedTaskDispatcher with 12 workers.
 -> (artifact id: '82946237dfaf8fa049e6ca395eb9d9f5') in 0.015903 seconds
Number of updated asset objects reloaded before import = 0
Number of asset objects unloaded after import = 7
========================================================================
Received Import Request.
  Time since last request: 0.000027 seconds.
  path: Assets/Synty/PolygonSciFiCity/Models/SM_Sign_09.fbx
  artifactKey: Guid(e5633d75df0d83049953cda1bc669e71) Importer(815301076,1909f56bfc062723c751e8b465ee728b)
Start importing Assets/Synty/PolygonSciFiCity/Models/SM_Sign_09.fbx using Guid(e5633d75df0d83049953cda1bc669e71) Importer(815301076,1909f56bfc062723c751e8b465ee728b) [PhysX] Initialized MultithreadedTaskDispatcher with 12 workers.
[PhysX] Initialized MultithreadedTaskDispatcher with 12 workers.
[PhysX] Initialized MultithreadedTaskDispatcher with 12 workers.
 -> (artifact id: '54703babac95b453c7d2bf96050bf214') in 0.020906 seconds
Number of updated asset objects reloaded before import = 0
Number of asset objects unloaded after import = 7
========================================================================
Received Import Request.
  Time since last request: 0.613338 seconds.
  path: Assets/Synty/PolygonSciFiCity/Models/SM_Sign_Ad_02.fbx
  artifactKey: Guid(2ae199c31acbccc46b8f477787ce2920) Importer(815301076,1909f56bfc062723c751e8b465ee728b)
Start importing Assets/Synty/PolygonSciFiCity/Models/SM_Sign_Ad_02.fbx using Guid(2ae199c31acbccc46b8f477787ce2920) Importer(815301076,1909f56bfc062723c751e8b465ee728b) [PhysX] Initialized MultithreadedTaskDispatcher with 12 workers.
[PhysX] Initialized MultithreadedTaskDispatcher with 12 workers.
[PhysX] Initialized MultithreadedTaskDispatcher with 12 workers.
 -> (artifact id: '1229a121e26a848dc37c472b7576451d') in 0.010538 seconds
Number of updated asset objects reloaded before import = 0
Number of asset objects unloaded after import = 7
========================================================================
Received Import Request.
  Time since last request: 0.000020 seconds.
  path: Assets/Synty/PolygonSciFiCity/Models/SM_Sign_Ad_09.fbx
  artifactKey: Guid(b6a7260048a620549a66766275f0b86b) Importer(815301076,1909f56bfc062723c751e8b465ee728b)
Start importing Assets/Synty/PolygonSciFiCity/Models/SM_Sign_Ad_09.fbx using Guid(b6a7260048a620549a66766275f0b86b) Importer(815301076,1909f56bfc062723c751e8b465ee728b) [PhysX] Initialized MultithreadedTaskDispatcher with 12 workers.
[PhysX] Initialized MultithreadedTaskDispatcher with 12 workers.
[PhysX] Initialized MultithreadedTaskDispatcher with 12 workers.
 -> (artifact id: '9c369c6899217d9eeae1870ca4f5d8f1') in 0.018667 seconds
Number of updated asset objects reloaded before import = 0
Number of asset objects unloaded after import = 7
========================================================================
Received Import Request.
  Time since last request: 0.000017 seconds.
  path: Assets/Synty/PolygonSciFiCity/Models/SM_Sign_Ad_05.fbx
  artifactKey: Guid(be93105de017a6347b711b343558cb22) Importer(815301076,1909f56bfc062723c751e8b465ee728b)
Start importing Assets/Synty/PolygonSciFiCity/Models/SM_Sign_Ad_05.fbx using Guid(be93105de017a6347b711b343558cb22) Importer(815301076,1909f56bfc062723c751e8b465ee728b) [PhysX] Initialized MultithreadedTaskDispatcher with 12 workers.
[PhysX] Initialized MultithreadedTaskDispatcher with 12 workers.
[PhysX] Initialized MultithreadedTaskDispatcher with 12 workers.
 -> (artifact id: '0a1fe61fe87a86fd8c46086bc1d93097') in 0.017640 seconds
Number of updated asset objects reloaded before import = 0
Number of asset objects unloaded after import = 7
========================================================================
Received Import Request.
  Time since last request: 0.000023 seconds.
  path: Assets/Synty/PolygonSciFiCity/Models/SM_Sign_Ad_07.fbx
  artifactKey: Guid(05ffeccbc468f50428da1a87d655a235) Importer(815301076,1909f56bfc062723c751e8b465ee728b)
Start importing Assets/Synty/PolygonSciFiCity/Models/SM_Sign_Ad_07.fbx using Guid(05ffeccbc468f50428da1a87d655a235) Importer(815301076,1909f56bfc062723c751e8b465ee728b) [PhysX] Initialized MultithreadedTaskDispatcher with 12 workers.
[PhysX] Initialized MultithreadedTaskDispatcher with 12 workers.
[PhysX] Initialized MultithreadedTaskDispatcher with 12 workers.
 -> (artifact id: '482ebf4281ad8705ea18d79e017dea15') in 0.010498 seconds
Number of updated asset objects reloaded before import = 0
Number of asset objects unloaded after import = 7
========================================================================
Received Import Request.
  Time since last request: 0.671987 seconds.
  path: Assets/Synty/PolygonSciFiCity/Models/SM_Sign_Ad_10.fbx
  artifactKey: Guid(60d1dfee08390e046a9f0e4e1be4148b) Importer(815301076,1909f56bfc062723c751e8b465ee728b)
Start importing Assets/Synty/PolygonSciFiCity/Models/SM_Sign_Ad_10.fbx using Guid(60d1dfee08390e046a9f0e4e1be4148b) Importer(815301076,1909f56bfc062723c751e8b465ee728b) [PhysX] Initialized MultithreadedTaskDispatcher with 12 workers.
[PhysX] Initialized MultithreadedTaskDispatcher with 12 workers.
[PhysX] Initialized MultithreadedTaskDispatcher with 12 workers.
 -> (artifact id: 'a73f8a943ccdae10d03b92ee03ec0439') in 0.021145 seconds
Number of updated asset objects reloaded before import = 0
Number of asset objects unloaded after import = 7
========================================================================
Received Import Request.
  Time since last request: 0.000019 seconds.
  path: Assets/Synty/PolygonSciFiCity/Models/SM_Sign_Ad_14.fbx
  artifactKey: Guid(1f0285257afd0944eaa3c2a6cc7d65cc) Importer(815301076,1909f56bfc062723c751e8b465ee728b)
Start importing Assets/Synty/PolygonSciFiCity/Models/SM_Sign_Ad_14.fbx using Guid(1f0285257afd0944eaa3c2a6cc7d65cc) Importer(815301076,1909f56bfc062723c751e8b465ee728b) [PhysX] Initialized MultithreadedTaskDispatcher with 12 workers.
[PhysX] Initialized MultithreadedTaskDispatcher with 12 workers.
[PhysX] Initialized MultithreadedTaskDispatcher with 12 workers.
 -> (artifact id: '7b9fe23cc6c1238e5b38e1fe2d8e33b4') in 0.018982 seconds
Number of updated asset objects reloaded before import = 0
Number of asset objects unloaded after import = 7
========================================================================
Received Import Request.
  Time since last request: 0.000024 seconds.
  path: Assets/Synty/PolygonSciFiCity/Models/SM_Sign_Ad_15.fbx
  artifactKey: Guid(7f400437aaad177419d325fa15fcda7d) Importer(815301076,1909f56bfc062723c751e8b465ee728b)
Start importing Assets/Synty/PolygonSciFiCity/Models/SM_Sign_Ad_15.fbx using Guid(7f400437aaad177419d325fa15fcda7d) Importer(815301076,1909f56bfc062723c751e8b465ee728b) [PhysX] Initialized MultithreadedTaskDispatcher with 12 workers.
[PhysX] Initialized MultithreadedTaskDispatcher with 12 workers.
[PhysX] Initialized MultithreadedTaskDispatcher with 12 workers.
 -> (artifact id: 'd6fcd6b8a0f783a4218ae085b1a77c36') in 0.015654 seconds
Number of updated asset objects reloaded before import = 0
Number of asset objects unloaded after import = 7
========================================================================
Received Import Request.
  Time since last request: 0.011255 seconds.
  path: Assets/Synty/PolygonSciFiCity/Models/SM_Sign_Ad_18.fbx
  artifactKey: Guid(8f196aabf8f037b43a2d966cc992689d) Importer(815301076,1909f56bfc062723c751e8b465ee728b)
Start importing Assets/Synty/PolygonSciFiCity/Models/SM_Sign_Ad_18.fbx using Guid(8f196aabf8f037b43a2d966cc992689d) Importer(815301076,1909f56bfc062723c751e8b465ee728b) [PhysX] Initialized MultithreadedTaskDispatcher with 12 workers.
[PhysX] Initialized MultithreadedTaskDispatcher with 12 workers.
[PhysX] Initialized MultithreadedTaskDispatcher with 12 workers.
 -> (artifact id: 'e0330dfad33845f8f9552ac0c80eb2e8') in 0.018841 seconds
Number of updated asset objects reloaded before import = 0
Number of asset objects unloaded after import = 7
========================================================================
Received Import Request.
  Time since last request: 0.000025 seconds.
  path: Assets/Synty/PolygonSciFiCity/Models/SM_Sign_Ad_23.fbx
  artifactKey: Guid(9959a088324f51340a710366f57ed3fd) Importer(815301076,1909f56bfc062723c751e8b465ee728b)
Start importing Assets/Synty/PolygonSciFiCity/Models/SM_Sign_Ad_23.fbx using Guid(9959a088324f51340a710366f57ed3fd) Importer(815301076,1909f56bfc062723c751e8b465ee728b) [PhysX] Initialized MultithreadedTaskDispatcher with 12 workers.
[PhysX] Initialized MultithreadedTaskDispatcher with 12 workers.
[PhysX] Initialized MultithreadedTaskDispatcher with 12 workers.
 -> (artifact id: '2d2c46edbe4ab75587ff6ffbd898823c') in 0.018255 seconds
Number of updated asset objects reloaded before import = 0
Number of asset objects unloaded after import = 7
========================================================================
Received Import Request.
  Time since last request: 0.000034 seconds.
  path: Assets/Synty/PolygonSciFiCity/Models/SM_Sign_Ad_25.fbx
  artifactKey: Guid(1c2a5b4347e7e0a41998a1b53c65982a) Importer(815301076,1909f56bfc062723c751e8b465ee728b)
Start importing Assets/Synty/PolygonSciFiCity/Models/SM_Sign_Ad_25.fbx using Guid(1c2a5b4347e7e0a41998a1b53c65982a) Importer(815301076,1909f56bfc062723c751e8b465ee728b) [PhysX] Initialized MultithreadedTaskDispatcher with 12 workers.
[PhysX] Initialized MultithreadedTaskDispatcher with 12 workers.
[PhysX] Initialized MultithreadedTaskDispatcher with 12 workers.
 -> (artifact id: '714720a23b156e1ecc7d25c12e267368') in 0.011566 seconds
Number of updated asset objects reloaded before import = 0
Number of asset objects unloaded after import = 7
========================================================================
Received Import Request.
  Time since last request: 0.026779 seconds.
  path: Assets/Synty/PolygonSciFiCity/Models/SM_Sign_Ad_26.fbx
  artifactKey: Guid(15419b03bcf468e4ca80245be0b76244) Importer(815301076,1909f56bfc062723c751e8b465ee728b)
Start importing Assets/Synty/PolygonSciFiCity/Models/SM_Sign_Ad_26.fbx using Guid(15419b03bcf468e4ca80245be0b76244) Importer(815301076,1909f56bfc062723c751e8b465ee728b) [PhysX] Initialized MultithreadedTaskDispatcher with 12 workers.
[PhysX] Initialized MultithreadedTaskDispatcher with 12 workers.
[PhysX] Initialized MultithreadedTaskDispatcher with 12 workers.
 -> (artifact id: 'f337485195a9456f8476c0c4bbc13c69') in 0.016663 seconds
Number of updated asset objects reloaded before import = 0
Number of asset objects unloaded after import = 7
========================================================================
Received Import Request.
  Time since last request: 0.000025 seconds.
  path: Assets/Synty/PolygonSciFiCity/Models/SM_Sign_Ad_31.fbx
  artifactKey: Guid(d6e8b66b51ae5b747a9cb564fe4034bc) Importer(815301076,1909f56bfc062723c751e8b465ee728b)
Start importing Assets/Synty/PolygonSciFiCity/Models/SM_Sign_Ad_31.fbx using Guid(d6e8b66b51ae5b747a9cb564fe4034bc) Importer(815301076,1909f56bfc062723c751e8b465ee728b) [PhysX] Initialized MultithreadedTaskDispatcher with 12 workers.
[PhysX] Initialized MultithreadedTaskDispatcher with 12 workers.
[PhysX] Initialized MultithreadedTaskDispatcher with 12 workers.
 -> (artifact id: '774b92ee31ac16751d322da76b3c9b76') in 0.018074 seconds
Number of updated asset objects reloaded before import = 0
Number of asset objects unloaded after import = 7
========================================================================
Received Import Request.
  Time since last request: 0.000017 seconds.
  path: Assets/Synty/PolygonSciFiCity/Models/SM_Sign_Ad_29.fbx
  artifactKey: Guid(f05edbadad8f7354c91d12ea1984ba7f) Importer(815301076,1909f56bfc062723c751e8b465ee728b)
Start importing Assets/Synty/PolygonSciFiCity/Models/SM_Sign_Ad_29.fbx using Guid(f05edbadad8f7354c91d12ea1984ba7f) Importer(815301076,1909f56bfc062723c751e8b465ee728b) [PhysX] Initialized MultithreadedTaskDispatcher with 12 workers.
[PhysX] Initialized MultithreadedTaskDispatcher with 12 workers.
[PhysX] Initialized MultithreadedTaskDispatcher with 12 workers.
 -> (artifact id: '3c4d0692bcbc74fc507e9e4011664a39') in 0.010680 seconds
Number of updated asset objects reloaded before import = 0
Number of asset objects unloaded after import = 7
========================================================================
Received Import Request.
  Time since last request: 0.541514 seconds.
  path: Assets/Synty/PolygonSciFiCity/Models/SM_Sign_Billboard_Border_01.fbx
  artifactKey: Guid(92da4ed80ce4e784295b4fb7602b37cb) Importer(815301076,1909f56bfc062723c751e8b465ee728b)
Start importing Assets/Synty/PolygonSciFiCity/Models/SM_Sign_Billboard_Border_01.fbx using Guid(92da4ed80ce4e784295b4fb7602b37cb) Importer(815301076,1909f56bfc062723c751e8b465ee728b) [PhysX] Initialized MultithreadedTaskDispatcher with 12 workers.
[PhysX] Initialized MultithreadedTaskDispatcher with 12 workers.
[PhysX] Initialized MultithreadedTaskDispatcher with 12 workers.
 -> (artifact id: '7f74a3a00ec3cefad5f473f774bc0636') in 0.019021 seconds
Number of updated asset objects reloaded before import = 0
Number of asset objects unloaded after import = 7
========================================================================
Received Import Request.
  Time since last request: 0.000024 seconds.
  path: Assets/Synty/PolygonSciFiCity/Models/SM_Sign_Billboard_Border_Tall_01.fbx
  artifactKey: Guid(4a333735ebb88e24095d18d2b3cd0c1b) Importer(815301076,1909f56bfc062723c751e8b465ee728b)
Start importing Assets/Synty/PolygonSciFiCity/Models/SM_Sign_Billboard_Border_Tall_01.fbx using Guid(4a333735ebb88e24095d18d2b3cd0c1b) Importer(815301076,1909f56bfc062723c751e8b465ee728b) [PhysX] Initialized MultithreadedTaskDispatcher with 12 workers.
[PhysX] Initialized MultithreadedTaskDispatcher with 12 workers.
[PhysX] Initialized MultithreadedTaskDispatcher with 12 workers.
 -> (artifact id: '29c8f018ff665f96207fcb5e9b69d907') in 0.018426 seconds
Number of updated asset objects reloaded before import = 0
Number of asset objects unloaded after import = 7
========================================================================
Received Import Request.
  Time since last request: 0.000023 seconds.
  path: Assets/Synty/PolygonSciFiCity/Models/SM_Sign_Billboard_Border_Tall_02.fbx
  artifactKey: Guid(6a4db5fe83cbb624890468acbf7c0295) Importer(815301076,1909f56bfc062723c751e8b465ee728b)
Start importing Assets/Synty/PolygonSciFiCity/Models/SM_Sign_Billboard_Border_Tall_02.fbx using Guid(6a4db5fe83cbb624890468acbf7c0295) Importer(815301076,1909f56bfc062723c751e8b465ee728b) [PhysX] Initialized MultithreadedTaskDispatcher with 12 workers.
[PhysX] Initialized MultithreadedTaskDispatcher with 12 workers.
[PhysX] Initialized MultithreadedTaskDispatcher with 12 workers.
 -> (artifact id: 'd7395c16fcc2f6002b96f9b75e1adf02') in 0.017802 seconds
Number of updated asset objects reloaded before import = 0
Number of asset objects unloaded after import = 7
========================================================================
Received Import Request.
  Time since last request: 0.483314 seconds.
  path: Assets/Synty/PolygonSciFiCity/Models/SM_Sign_Billboard_Large_01.fbx
  artifactKey: Guid(7abb3d3b612f5be42a81b144b18d2696) Importer(815301076,1909f56bfc062723c751e8b465ee728b)
Start importing Assets/Synty/PolygonSciFiCity/Models/SM_Sign_Billboard_Large_01.fbx using Guid(7abb3d3b612f5be42a81b144b18d2696) Importer(815301076,1909f56bfc062723c751e8b465ee728b) [PhysX] Initialized MultithreadedTaskDispatcher with 12 workers.
[PhysX] Initialized MultithreadedTaskDispatcher with 12 workers.
[PhysX] Initialized MultithreadedTaskDispatcher with 12 workers.
 -> (artifact id: '5952f103d8d547c37b1ad41c1015a11f') in 0.019387 seconds
Number of updated asset objects reloaded before import = 0
Number of asset objects unloaded after import = 7
========================================================================
Received Import Request.
  Time since last request: 0.000018 seconds.
  path: Assets/Synty/PolygonSciFiCity/Models/SM_Sign_Neon_02.fbx
  artifactKey: Guid(44a67b7a1b1d9ac408a36a9a54b61548) Importer(815301076,1909f56bfc062723c751e8b465ee728b)
Start importing Assets/Synty/PolygonSciFiCity/Models/SM_Sign_Neon_02.fbx using Guid(44a67b7a1b1d9ac408a36a9a54b61548) Importer(815301076,1909f56bfc062723c751e8b465ee728b) [PhysX] Initialized MultithreadedTaskDispatcher with 12 workers.
[PhysX] Initialized MultithreadedTaskDispatcher with 12 workers.
[PhysX] Initialized MultithreadedTaskDispatcher with 12 workers.
 -> (artifact id: '40c2188084a2881d1d83e9974c238bc6') in 0.018946 seconds
Number of updated asset objects reloaded before import = 0
Number of asset objects unloaded after import = 7
========================================================================
Received Import Request.
  Time since last request: 0.000024 seconds.
  path: Assets/Synty/PolygonSciFiCity/Models/SM_Sign_Neon_04.fbx
  artifactKey: Guid(50131984609b6bb499f01b6b21821ae0) Importer(815301076,1909f56bfc062723c751e8b465ee728b)
Start importing Assets/Synty/PolygonSciFiCity/Models/SM_Sign_Neon_04.fbx using Guid(50131984609b6bb499f01b6b21821ae0) Importer(815301076,1909f56bfc062723c751e8b465ee728b) [PhysX] Initialized MultithreadedTaskDispatcher with 12 workers.
[PhysX] Initialized MultithreadedTaskDispatcher with 12 workers.
[PhysX] Initialized MultithreadedTaskDispatcher with 12 workers.
 -> (artifact id: '514e8a09a7b7874b2cd7a58905f332b5') in 0.016457 seconds
Number of updated asset objects reloaded before import = 0
Number of asset objects unloaded after import = 7
========================================================================
Received Import Request.
  Time since last request: 0.054268 seconds.
  path: Assets/Synty/PolygonSciFiCity/Models/SM_Sign_Neon_05.fbx
  artifactKey: Guid(9a9e24efec1d8ad488142a532a4e907b) Importer(815301076,1909f56bfc062723c751e8b465ee728b)
Start importing Assets/Synty/PolygonSciFiCity/Models/SM_Sign_Neon_05.fbx using Guid(9a9e24efec1d8ad488142a532a4e907b) Importer(815301076,1909f56bfc062723c751e8b465ee728b) [PhysX] Initialized MultithreadedTaskDispatcher with 12 workers.
[PhysX] Initialized MultithreadedTaskDispatcher with 12 workers.
[PhysX] Initialized MultithreadedTaskDispatcher with 12 workers.
 -> (artifact id: 'b035a65f589ed6f9f0696313c1a0ccb1') in 0.019463 seconds
Number of updated asset objects reloaded before import = 0
Number of asset objects unloaded after import = 7
========================================================================
Received Import Request.
  Time since last request: 0.000015 seconds.
  path: Assets/Synty/PolygonSciFiCity/Models/SM_Sign_Neon_08.fbx
  artifactKey: Guid(08a72a9d7be454846b86f2cb451bce1f) Importer(815301076,1909f56bfc062723c751e8b465ee728b)
Start importing Assets/Synty/PolygonSciFiCity/Models/SM_Sign_Neon_08.fbx using Guid(08a72a9d7be454846b86f2cb451bce1f) Importer(815301076,1909f56bfc062723c751e8b465ee728b) [PhysX] Initialized MultithreadedTaskDispatcher with 12 workers.
[PhysX] Initialized MultithreadedTaskDispatcher with 12 workers.
[PhysX] Initialized MultithreadedTaskDispatcher with 12 workers.
 -> (artifact id: '8d441d6a52c47a9098985ee73a8695e0') in 0.018241 seconds
Number of updated asset objects reloaded before import = 0
Number of asset objects unloaded after import = 7
========================================================================
Received Import Request.
  Time since last request: 0.000030 seconds.
  path: Assets/Synty/PolygonSciFiCity/Models/SM_Sign_Neon_Bulb_01.fbx
  artifactKey: Guid(81c0a29247d8c4845b6e051864b24209) Importer(815301076,1909f56bfc062723c751e8b465ee728b)
Start importing Assets/Synty/PolygonSciFiCity/Models/SM_Sign_Neon_Bulb_01.fbx using Guid(81c0a29247d8c4845b6e051864b24209) Importer(815301076,1909f56bfc062723c751e8b465ee728b) [PhysX] Initialized MultithreadedTaskDispatcher with 12 workers.
[PhysX] Initialized MultithreadedTaskDispatcher with 12 workers.
[PhysX] Initialized MultithreadedTaskDispatcher with 12 workers.
 -> (artifact id: '0001a2821795c6234ce3741059b10a14') in 0.009892 seconds
Number of updated asset objects reloaded before import = 0
Number of asset objects unloaded after import = 7
========================================================================
Received Import Request.
  Time since last request: 1.874045 seconds.
  path: Assets/Synty/PolygonSciFiCity/Models/SM_Sign_Neon_Bulb_04.fbx
  artifactKey: Guid(df678372d08e0e545bc10f823130489f) Importer(815301076,1909f56bfc062723c751e8b465ee728b)
Start importing Assets/Synty/PolygonSciFiCity/Models/SM_Sign_Neon_Bulb_04.fbx using Guid(df678372d08e0e545bc10f823130489f) Importer(815301076,1909f56bfc062723c751e8b465ee728b) [PhysX] Initialized MultithreadedTaskDispatcher with 12 workers.
[PhysX] Initialized MultithreadedTaskDispatcher with 12 workers.
[PhysX] Initialized MultithreadedTaskDispatcher with 12 workers.
 -> (artifact id: '2ab0f18a85c1615f2ffbab1d5d034497') in 0.021090 seconds
Number of updated asset objects reloaded before import = 0
Number of asset objects unloaded after import = 7
========================================================================
Received Import Request.
  Time since last request: 0.000021 seconds.
  path: Assets/Synty/PolygonSciFiCity/Models/SM_Sign_Neon_Bulb_07.fbx
  artifactKey: Guid(125c1f3f5b9aa25458b947be1ddcbd81) Importer(815301076,1909f56bfc062723c751e8b465ee728b)
Start importing Assets/Synty/PolygonSciFiCity/Models/SM_Sign_Neon_Bulb_07.fbx using Guid(125c1f3f5b9aa25458b947be1ddcbd81) Importer(815301076,1909f56bfc062723c751e8b465ee728b) [PhysX] Initialized MultithreadedTaskDispatcher with 12 workers.
[PhysX] Initialized MultithreadedTaskDispatcher with 12 workers.
[PhysX] Initialized MultithreadedTaskDispatcher with 12 workers.
 -> (artifact id: 'fd381b87688af228432bc339fe56cb13') in 0.012975 seconds
Number of updated asset objects reloaded before import = 0
Number of asset objects unloaded after import = 7
========================================================================
Received Import Request.
  Time since last request: 0.000022 seconds.
  path: Assets/Synty/PolygonSciFiCity/Models/SM_Sign_Neon_Flat_02.fbx
  artifactKey: Guid(4376ea6788f4dfb4a88a0d42e1b967e3) Importer(815301076,1909f56bfc062723c751e8b465ee728b)
Start importing Assets/Synty/PolygonSciFiCity/Models/SM_Sign_Neon_Flat_02.fbx using Guid(4376ea6788f4dfb4a88a0d42e1b967e3) Importer(815301076,1909f56bfc062723c751e8b465ee728b) [PhysX] Initialized MultithreadedTaskDispatcher with 12 workers.
[PhysX] Initialized MultithreadedTaskDispatcher with 12 workers.
[PhysX] Initialized MultithreadedTaskDispatcher with 12 workers.
 -> (artifact id: '5452fbec1719f206344775ab4270d289') in 0.022677 seconds
Number of updated asset objects reloaded before import = 0
Number of asset objects unloaded after import = 7
========================================================================
Received Import Request.
  Time since last request: 0.569488 seconds.
  path: Assets/Synty/PolygonSciFiCity/Models/SM_Sign_Neon_Flat_05.fbx
  artifactKey: Guid(adf9975a38673de41a4eed2b475782b6) Importer(815301076,1909f56bfc062723c751e8b465ee728b)
Start importing Assets/Synty/PolygonSciFiCity/Models/SM_Sign_Neon_Flat_05.fbx using Guid(adf9975a38673de41a4eed2b475782b6) Importer(815301076,1909f56bfc062723c751e8b465ee728b) [PhysX] Initialized MultithreadedTaskDispatcher with 12 workers.
[PhysX] Initialized MultithreadedTaskDispatcher with 12 workers.
[PhysX] Initialized MultithreadedTaskDispatcher with 12 workers.
 -> (artifact id: '01136a2f0a6d48ea9e4da4b5856679dd') in 0.022500 seconds
Number of updated asset objects reloaded before import = 0
Number of asset objects unloaded after import = 7
========================================================================
Received Import Request.
  Time since last request: 0.000041 seconds.
  path: Assets/Synty/PolygonSciFiCity/Models/SM_Veh_Armored_Truck_01.fbx
  artifactKey: Guid(b261b046fd1e0a544acda40a7304add5) Importer(815301076,1909f56bfc062723c751e8b465ee728b)
Start importing Assets/Synty/PolygonSciFiCity/Models/SM_Veh_Armored_Truck_01.fbx using Guid(b261b046fd1e0a544acda40a7304add5) Importer(815301076,1909f56bfc062723c751e8b465ee728b) [PhysX] Initialized MultithreadedTaskDispatcher with 12 workers.
[PhysX] Initialized MultithreadedTaskDispatcher with 12 workers.
[PhysX] Initialized MultithreadedTaskDispatcher with 12 workers.
[PhysX] Initialized MultithreadedTaskDispatcher with 12 workers.
[PhysX] Initialized MultithreadedTaskDispatcher with 12 workers.
[PhysX] Initialized MultithreadedTaskDispatcher with 12 workers.
[PhysX] Initialized MultithreadedTaskDispatcher with 12 workers.
[PhysX] Initialized MultithreadedTaskDispatcher with 12 workers.
[PhysX] Initialized MultithreadedTaskDispatcher with 12 workers.
[PhysX] Initialized MultithreadedTaskDispatcher with 12 workers.
[PhysX] Initialized MultithreadedTaskDispatcher with 12 workers.
[PhysX] Initialized MultithreadedTaskDispatcher with 12 workers.
[PhysX] Initialized MultithreadedTaskDispatcher with 12 workers.
[PhysX] Initialized MultithreadedTaskDispatcher with 12 workers.
[PhysX] Initialized MultithreadedTaskDispatcher with 12 workers.
[PhysX] Initialized MultithreadedTaskDispatcher with 12 workers.
[PhysX] Initialized MultithreadedTaskDispatcher with 12 workers.
[PhysX] Initialized MultithreadedTaskDispatcher with 12 workers.
[PhysX] Initialized MultithreadedTaskDispatcher with 12 workers.
 -> (artifact id: 'ce9e49be382970b771afbf40c71061c8') in 0.097642 seconds
Number of updated asset objects reloaded before import = 0
Number of asset objects unloaded after import = 47
========================================================================
Received Import Request.
  Time since last request: 0.160224 seconds.
  path: Assets/Synty/PolygonSciFiCity/Models/SM_Veh_Armored_Truck_02_Hover.fbx
  artifactKey: Guid(06065635dd15a7d40a6142e7f772352a) Importer(815301076,1909f56bfc062723c751e8b465ee728b)
Start importing Assets/Synty/PolygonSciFiCity/Models/SM_Veh_Armored_Truck_02_Hover.fbx using Guid(06065635dd15a7d40a6142e7f772352a) Importer(815301076,1909f56bfc062723c751e8b465ee728b) [PhysX] Initialized MultithreadedTaskDispatcher with 12 workers.
[PhysX] Initialized MultithreadedTaskDispatcher with 12 workers.
[PhysX] Initialized MultithreadedTaskDispatcher with 12 workers.
[PhysX] Initialized MultithreadedTaskDispatcher with 12 workers.
[PhysX] Initialized MultithreadedTaskDispatcher with 12 workers.
[PhysX] Initialized MultithreadedTaskDispatcher with 12 workers.
[PhysX] Initialized MultithreadedTaskDispatcher with 12 workers.
[PhysX] Initialized MultithreadedTaskDispatcher with 12 workers.
[PhysX] Initialized MultithreadedTaskDispatcher with 12 workers.
[PhysX] Initialized MultithreadedTaskDispatcher with 12 workers.
[PhysX] Initialized MultithreadedTaskDispatcher with 12 workers.
[PhysX] Initialized MultithreadedTaskDispatcher with 12 workers.
[PhysX] Initialized MultithreadedTaskDispatcher with 12 workers.
[PhysX] Initialized MultithreadedTaskDispatcher with 12 workers.
[PhysX] Initialized MultithreadedTaskDispatcher with 12 workers.
[PhysX] Initialized MultithreadedTaskDispatcher with 12 workers.
[PhysX] Initialized MultithreadedTaskDispatcher with 12 workers.
[PhysX] Initialized MultithreadedTaskDispatcher with 12 workers.
[PhysX] Initialized MultithreadedTaskDispatcher with 12 workers.
 -> (artifact id: 'e980c525f65faf8f71c66d0ac402e18d') in 0.085044 seconds
Number of updated asset objects reloaded before import = 0
Number of asset objects unloaded after import = 47
========================================================================
Received Import Request.
  Time since last request: 0.000018 seconds.
  path: Assets/Synty/PolygonSciFiCity/Models/SM_Veh_Future_Taxi_01.fbx
  artifactKey: Guid(6ed00c3a7b429d142b83ce90c0807144) Importer(815301076,1909f56bfc062723c751e8b465ee728b)
Start importing Assets/Synty/PolygonSciFiCity/Models/SM_Veh_Future_Taxi_01.fbx using Guid(6ed00c3a7b429d142b83ce90c0807144) Importer(815301076,1909f56bfc062723c751e8b465ee728b) [PhysX] Initialized MultithreadedTaskDispatcher with 12 workers.
[PhysX] Initialized MultithreadedTaskDispatcher with 12 workers.
[PhysX] Initialized MultithreadedTaskDispatcher with 12 workers.
[PhysX] Initialized MultithreadedTaskDispatcher with 12 workers.
[PhysX] Initialized MultithreadedTaskDispatcher with 12 workers.
[PhysX] Initialized MultithreadedTaskDispatcher with 12 workers.
[PhysX] Initialized MultithreadedTaskDispatcher with 12 workers.
 -> (artifact id: 'b72985e18f74b4c398987a9b555424c4') in 0.039230 seconds
Number of updated asset objects reloaded before import = 0
Number of asset objects unloaded after import = 17
========================================================================
Received Import Request.
  Time since last request: 0.000031 seconds.
  path: Assets/Synty/PolygonSciFiCity/Models/SM_Veh_Sweepo_01.fbx
  artifactKey: Guid(300d9f3f63482524ab999af07dc008ba) Importer(815301076,1909f56bfc062723c751e8b465ee728b)
Start importing Assets/Synty/PolygonSciFiCity/Models/SM_Veh_Sweepo_01.fbx using Guid(300d9f3f63482524ab999af07dc008ba) Importer(815301076,1909f56bfc062723c751e8b465ee728b) [PhysX] Initialized MultithreadedTaskDispatcher with 12 workers.
[PhysX] Initialized MultithreadedTaskDispatcher with 12 workers.
[PhysX] Initialized MultithreadedTaskDispatcher with 12 workers.
[PhysX] Initialized MultithreadedTaskDispatcher with 12 workers.
[PhysX] Initialized MultithreadedTaskDispatcher with 12 workers.
[PhysX] Initialized MultithreadedTaskDispatcher with 12 workers.
[PhysX] Initialized MultithreadedTaskDispatcher with 12 workers.
[PhysX] Initialized MultithreadedTaskDispatcher with 12 workers.
[PhysX] Initialized MultithreadedTaskDispatcher with 12 workers.
[PhysX] Initialized MultithreadedTaskDispatcher with 12 workers.
[PhysX] Initialized MultithreadedTaskDispatcher with 12 workers.
[PhysX] Initialized MultithreadedTaskDispatcher with 12 workers.
[PhysX] Initialized MultithreadedTaskDispatcher with 12 workers.
[PhysX] Initialized MultithreadedTaskDispatcher with 12 workers.
[PhysX] Initialized MultithreadedTaskDispatcher with 12 workers.
[PhysX] Initialized MultithreadedTaskDispatcher with 12 workers.
[PhysX] Initialized MultithreadedTaskDispatcher with 12 workers.
[PhysX] Initialized MultithreadedTaskDispatcher with 12 workers.
[PhysX] Initialized MultithreadedTaskDispatcher with 12 workers.
 -> (artifact id: 'cd9a5ed64602060f1f41cd4bde16238c') in 0.082316 seconds
Number of updated asset objects reloaded before import = 0
Number of asset objects unloaded after import = 47
========================================================================
Received Import Request.
  Time since last request: 0.000019 seconds.
  path: Assets/Synty/PolygonSciFiCity/Models/SM_Veh_Hover_Bike_01.fbx
  artifactKey: Guid(fdc2e8f314499344a9b43b03c94db6b2) Importer(815301076,1909f56bfc062723c751e8b465ee728b)
Start importing Assets/Synty/PolygonSciFiCity/Models/SM_Veh_Hover_Bike_01.fbx using Guid(fdc2e8f314499344a9b43b03c94db6b2) Importer(815301076,1909f56bfc062723c751e8b465ee728b) [PhysX] Initialized MultithreadedTaskDispatcher with 12 workers.
[PhysX] Initialized MultithreadedTaskDispatcher with 12 workers.
[PhysX] Initialized MultithreadedTaskDispatcher with 12 workers.
[PhysX] Initialized MultithreadedTaskDispatcher with 12 workers.
[PhysX] Initialized MultithreadedTaskDispatcher with 12 workers.
[PhysX] Initialized MultithreadedTaskDispatcher with 12 workers.
[PhysX] Initialized MultithreadedTaskDispatcher with 12 workers.
 -> (artifact id: 'b4866c58124c750991711cf8a1f3a900') in 0.033540 seconds
Number of updated asset objects reloaded before import = 0
Number of asset objects unloaded after import = 17
========================================================================
Received Import Request.
  Time since last request: 0.000021 seconds.
  path: Assets/Synty/PolygonSciFiCity/Models/SM_Veh_Garbage_01_Hover.fbx
  artifactKey: Guid(d87aa2532bb65ae418f4be5372d33bb3) Importer(815301076,1909f56bfc062723c751e8b465ee728b)
Start importing Assets/Synty/PolygonSciFiCity/Models/SM_Veh_Garbage_01_Hover.fbx using Guid(d87aa2532bb65ae418f4be5372d33bb3) Importer(815301076,1909f56bfc062723c751e8b465ee728b) [PhysX] Initialized MultithreadedTaskDispatcher with 12 workers.
[PhysX] Initialized MultithreadedTaskDispatcher with 12 workers.
[PhysX] Initialized MultithreadedTaskDispatcher with 12 workers.
[PhysX] Initialized MultithreadedTaskDispatcher with 12 workers.
[PhysX] Initialized MultithreadedTaskDispatcher with 12 workers.
[PhysX] Initialized MultithreadedTaskDispatcher with 12 workers.
[PhysX] Initialized MultithreadedTaskDispatcher with 12 workers.
[PhysX] Initialized MultithreadedTaskDispatcher with 12 workers.
[PhysX] Initialized MultithreadedTaskDispatcher with 12 workers.
[PhysX] Initialized MultithreadedTaskDispatcher with 12 workers.
[PhysX] Initialized MultithreadedTaskDispatcher with 12 workers.
[PhysX] Initialized MultithreadedTaskDispatcher with 12 workers.
[PhysX] Initialized MultithreadedTaskDispatcher with 12 workers.
[PhysX] Initialized MultithreadedTaskDispatcher with 12 workers.
[PhysX] Initialized MultithreadedTaskDispatcher with 12 workers.
[PhysX] Initialized MultithreadedTaskDispatcher with 12 workers.
[PhysX] Initialized MultithreadedTaskDispatcher with 12 workers.
[PhysX] Initialized MultithreadedTaskDispatcher with 12 workers.
[PhysX] Initialized MultithreadedTaskDispatcher with 12 workers.
 -> (artifact id: 'e09a92f93c64c6a108149b6dc5d443e6') in 0.075593 seconds
Number of updated asset objects reloaded before import = 0
Number of asset objects unloaded after import = 47
========================================================================
Received Import Request.
  Time since last request: 1.737212 seconds.
  path: Assets/Synty/PolygonSciFiCity/Models/SM_Wep_Ammo_Battery_01.fbx
  artifactKey: Guid(5d9f2288b713c9a419505face764a134) Importer(815301076,1909f56bfc062723c751e8b465ee728b)
Start importing Assets/Synty/PolygonSciFiCity/Models/SM_Wep_Ammo_Battery_01.fbx using Guid(5d9f2288b713c9a419505face764a134) Importer(815301076,1909f56bfc062723c751e8b465ee728b) [PhysX] Initialized MultithreadedTaskDispatcher with 12 workers.
[PhysX] Initialized MultithreadedTaskDispatcher with 12 workers.
[PhysX] Initialized MultithreadedTaskDispatcher with 12 workers.
 -> (artifact id: 'b443710916e42fb67d65ba814d9f1195') in 0.023313 seconds
Number of updated asset objects reloaded before import = 0
Number of asset objects unloaded after import = 7
========================================================================
Received Import Request.
  Time since last request: 0.000024 seconds.
  path: Assets/Synty/PolygonSciFiCity/Models/SM_Wep_Ammo_Shotgun_01.fbx
  artifactKey: Guid(a723b690d89913c4d983039b8033bb33) Importer(815301076,1909f56bfc062723c751e8b465ee728b)
Start importing Assets/Synty/PolygonSciFiCity/Models/SM_Wep_Ammo_Shotgun_01.fbx using Guid(a723b690d89913c4d983039b8033bb33) Importer(815301076,1909f56bfc062723c751e8b465ee728b) [PhysX] Initialized MultithreadedTaskDispatcher with 12 workers.
[PhysX] Initialized MultithreadedTaskDispatcher with 12 workers.
[PhysX] Initialized MultithreadedTaskDispatcher with 12 workers.
 -> (artifact id: 'b2dbfe3ac2d2a0f85740792dc85ef94e') in 0.023580 seconds
Number of updated asset objects reloaded before import = 0
Number of asset objects unloaded after import = 7
========================================================================
Received Import Request.
  Time since last request: 0.000019 seconds.
  path: Assets/Synty/PolygonSciFiCity/Models/SM_Wep_Attachment_Foregrip_01.fbx
  artifactKey: Guid(33cbc6ec748cb79499b16a18f3743ef3) Importer(815301076,1909f56bfc062723c751e8b465ee728b)
Start importing Assets/Synty/PolygonSciFiCity/Models/SM_Wep_Attachment_Foregrip_01.fbx using Guid(33cbc6ec748cb79499b16a18f3743ef3) Importer(815301076,1909f56bfc062723c751e8b465ee728b) [PhysX] Initialized MultithreadedTaskDispatcher with 12 workers.
[PhysX] Initialized MultithreadedTaskDispatcher with 12 workers.
[PhysX] Initialized MultithreadedTaskDispatcher with 12 workers.
 -> (artifact id: '82fb787251ce3f22a00ae7c10b25346e') in 0.021970 seconds
Number of updated asset objects reloaded before import = 0
Number of asset objects unloaded after import = 7
========================================================================
Received Import Request.
  Time since last request: 0.001064 seconds.
  path: Assets/Synty/PolygonSciFiCity/Models/SM_Wep_Attachment_Handle_Scope_01.fbx
  artifactKey: Guid(09814ac732671694f92166300c2e95c4) Importer(815301076,1909f56bfc062723c751e8b465ee728b)
Start importing Assets/Synty/PolygonSciFiCity/Models/SM_Wep_Attachment_Handle_Scope_01.fbx using Guid(09814ac732671694f92166300c2e95c4) Importer(815301076,1909f56bfc062723c751e8b465ee728b) [PhysX] Initialized MultithreadedTaskDispatcher with 12 workers.
[PhysX] Initialized MultithreadedTaskDispatcher with 12 workers.
[PhysX] Initialized MultithreadedTaskDispatcher with 12 workers.
 -> (artifact id: '59907e54e66f7ab12bc2a59a8b03d9c5') in 0.021753 seconds
Number of updated asset objects reloaded before import = 0
Number of asset objects unloaded after import = 7
========================================================================
Received Import Request.
  Time since last request: 0.000026 seconds.
  path: Assets/Synty/PolygonSciFiCity/Models/SM_Wep_Attachment_Rack_01.fbx
  artifactKey: Guid(08cd4abff34a1c54bba26707f9c2cfe0) Importer(815301076,1909f56bfc062723c751e8b465ee728b)
Start importing Assets/Synty/PolygonSciFiCity/Models/SM_Wep_Attachment_Rack_01.fbx using Guid(08cd4abff34a1c54bba26707f9c2cfe0) Importer(815301076,1909f56bfc062723c751e8b465ee728b) [PhysX] Initialized MultithreadedTaskDispatcher with 12 workers.
[PhysX] Initialized MultithreadedTaskDispatcher with 12 workers.
[PhysX] Initialized MultithreadedTaskDispatcher with 12 workers.
 -> (artifact id: 'fe833443fc6644a5aae0cb85f01f83af') in 0.021973 seconds
Number of updated asset objects reloaded before import = 0
Number of asset objects unloaded after import = 7
========================================================================
Received Import Request.
  Time since last request: 0.000027 seconds.
  path: Assets/Synty/PolygonSciFiCity/Models/SM_Wep_Attachment_Redot_01.fbx
  artifactKey: Guid(2b5b49bf33c068d4e928dbe7fb2d6a48) Importer(815301076,1909f56bfc062723c751e8b465ee728b)
Start importing Assets/Synty/PolygonSciFiCity/Models/SM_Wep_Attachment_Redot_01.fbx using Guid(2b5b49bf33c068d4e928dbe7fb2d6a48) Importer(815301076,1909f56bfc062723c751e8b465ee728b) [PhysX] Initialized MultithreadedTaskDispatcher with 12 workers.
[PhysX] Initialized MultithreadedTaskDispatcher with 12 workers.
[PhysX] Initialized MultithreadedTaskDispatcher with 12 workers.
 -> (artifact id: 'ee81e3d9f7d1c183a73e0203e90cd404') in 0.018268 seconds
Number of updated asset objects reloaded before import = 0
Number of asset objects unloaded after import = 7
========================================================================
Received Import Request.
  Time since last request: 0.000029 seconds.
  path: Assets/Synty/PolygonSciFiCity/Models/SM_Wep_Attachment_Scope_01.fbx
  artifactKey: Guid(952a7733dcf89754e96371198dae7f8f) Importer(815301076,1909f56bfc062723c751e8b465ee728b)
Start importing Assets/Synty/PolygonSciFiCity/Models/SM_Wep_Attachment_Scope_01.fbx using Guid(952a7733dcf89754e96371198dae7f8f) Importer(815301076,1909f56bfc062723c751e8b465ee728b) [PhysX] Initialized MultithreadedTaskDispatcher with 12 workers.
[PhysX] Initialized MultithreadedTaskDispatcher with 12 workers.
[PhysX] Initialized MultithreadedTaskDispatcher with 12 workers.
 -> (artifact id: 'ff1bb511a4e36db9110dad17a6d29c14') in 0.019495 seconds
Number of updated asset objects reloaded before import = 0
Number of asset objects unloaded after import = 7
========================================================================
Received Import Request.
  Time since last request: 0.000018 seconds.
  path: Assets/Synty/PolygonSciFiCity/Models/SM_Wep_Attachment_Ironsight_03.fbx
  artifactKey: Guid(7b228a54188ebfa46a2510f00b83315f) Importer(815301076,1909f56bfc062723c751e8b465ee728b)
Start importing Assets/Synty/PolygonSciFiCity/Models/SM_Wep_Attachment_Ironsight_03.fbx using Guid(7b228a54188ebfa46a2510f00b83315f) Importer(815301076,1909f56bfc062723c751e8b465ee728b) [PhysX] Initialized MultithreadedTaskDispatcher with 12 workers.
[PhysX] Initialized MultithreadedTaskDispatcher with 12 workers.
[PhysX] Initialized MultithreadedTaskDispatcher with 12 workers.
 -> (artifact id: '27a94ffcb8659fd2f728782c2c9503c3') in 0.017081 seconds
Number of updated asset objects reloaded before import = 0
Number of asset objects unloaded after import = 7
========================================================================
Received Import Request.
  Time since last request: 0.000023 seconds.
  path: Assets/Synty/PolygonSciFiCity/Models/SM_Wep_Attachment_Handle_Scope_03.fbx
  artifactKey: Guid(08f4a95bd1e810b4aa467a85d61bf5ab) Importer(815301076,1909f56bfc062723c751e8b465ee728b)
Start importing Assets/Synty/PolygonSciFiCity/Models/SM_Wep_Attachment_Handle_Scope_03.fbx using Guid(08f4a95bd1e810b4aa467a85d61bf5ab) Importer(815301076,1909f56bfc062723c751e8b465ee728b) [PhysX] Initialized MultithreadedTaskDispatcher with 12 workers.
[PhysX] Initialized MultithreadedTaskDispatcher with 12 workers.
[PhysX] Initialized MultithreadedTaskDispatcher with 12 workers.
 -> (artifact id: '153754baa6e7814f9ef070ef339de727') in 0.016895 seconds
Number of updated asset objects reloaded before import = 0
Number of asset objects unloaded after import = 7
========================================================================
Received Import Request.
  Time since last request: 0.678873 seconds.
  path: Assets/Synty/PolygonSciFiCity/Models/SM_Wep_Attachment_Silencer_01.fbx
  artifactKey: Guid(f970f8173dfc70a4aa4ea59b0e21ab80) Importer(815301076,1909f56bfc062723c751e8b465ee728b)
Start importing Assets/Synty/PolygonSciFiCity/Models/SM_Wep_Attachment_Silencer_01.fbx using Guid(f970f8173dfc70a4aa4ea59b0e21ab80) Importer(815301076,1909f56bfc062723c751e8b465ee728b) [PhysX] Initialized MultithreadedTaskDispatcher with 12 workers.
[PhysX] Initialized MultithreadedTaskDispatcher with 12 workers.
[PhysX] Initialized MultithreadedTaskDispatcher with 12 workers.
 -> (artifact id: 'deb35eb6e73d55ab52140ba67142c4c8') in 0.021305 seconds
Number of updated asset objects reloaded before import = 0
Number of asset objects unloaded after import = 7
========================================================================
Received Import Request.
  Time since last request: 0.000020 seconds.
  path: Assets/Synty/PolygonSciFiCity/Models/SM_Wep_Crosshair_03.fbx
  artifactKey: Guid(3c060dae700a13644aa179295d819617) Importer(815301076,1909f56bfc062723c751e8b465ee728b)
Start importing Assets/Synty/PolygonSciFiCity/Models/SM_Wep_Crosshair_03.fbx using Guid(3c060dae700a13644aa179295d819617) Importer(815301076,1909f56bfc062723c751e8b465ee728b) [PhysX] Initialized MultithreadedTaskDispatcher with 12 workers.
[PhysX] Initialized MultithreadedTaskDispatcher with 12 workers.
[PhysX] Initialized MultithreadedTaskDispatcher with 12 workers.
 -> (artifact id: 'f9c133cee490118ee5eb82c654ef3901') in 0.020292 seconds
Number of updated asset objects reloaded before import = 0
Number of asset objects unloaded after import = 7
========================================================================
Received Import Request.
  Time since last request: 0.000024 seconds.
  path: Assets/Synty/PolygonSciFiCity/Models/SM_Wep_Crosshair_04.fbx
  artifactKey: Guid(4ce429dd283e2e8409531d8544828f16) Importer(815301076,1909f56bfc062723c751e8b465ee728b)
Start importing Assets/Synty/PolygonSciFiCity/Models/SM_Wep_Crosshair_04.fbx using Guid(4ce429dd283e2e8409531d8544828f16) Importer(815301076,1909f56bfc062723c751e8b465ee728b) [PhysX] Initialized MultithreadedTaskDispatcher with 12 workers.
[PhysX] Initialized MultithreadedTaskDispatcher with 12 workers.
[PhysX] Initialized MultithreadedTaskDispatcher with 12 workers.
 -> (artifact id: 'c1fd8d66b5e99815914576c812f76628') in 0.018201 seconds
Number of updated asset objects reloaded before import = 0
Number of asset objects unloaded after import = 7
========================================================================
Received Import Request.
  Time since last request: 0.026129 seconds.
  path: Assets/Synty/PolygonSciFiCity/Models/SM_Wep_DrumMag_01.fbx
  artifactKey: Guid(cdc28adb452010141b8df3b878481d44) Importer(815301076,1909f56bfc062723c751e8b465ee728b)
Start importing Assets/Synty/PolygonSciFiCity/Models/SM_Wep_DrumMag_01.fbx using Guid(cdc28adb452010141b8df3b878481d44) Importer(815301076,1909f56bfc062723c751e8b465ee728b) [PhysX] Initialized MultithreadedTaskDispatcher with 12 workers.
[PhysX] Initialized MultithreadedTaskDispatcher with 12 workers.
[PhysX] Initialized MultithreadedTaskDispatcher with 12 workers.
 -> (artifact id: '0c6147d52c1517ceed15f228f7560470') in 0.018171 seconds
Number of updated asset objects reloaded before import = 0
Number of asset objects unloaded after import = 7
========================================================================
Received Import Request.
  Time since last request: 0.000017 seconds.
  path: Assets/Synty/PolygonSciFiCity/Models/SM_Wep_Knife_01.fbx
  artifactKey: Guid(3372798116b9be24f8761b7833229aba) Importer(815301076,1909f56bfc062723c751e8b465ee728b)
Start importing Assets/Synty/PolygonSciFiCity/Models/SM_Wep_Knife_01.fbx using Guid(3372798116b9be24f8761b7833229aba) Importer(815301076,1909f56bfc062723c751e8b465ee728b) [PhysX] Initialized MultithreadedTaskDispatcher with 12 workers.
[PhysX] Initialized MultithreadedTaskDispatcher with 12 workers.
[PhysX] Initialized MultithreadedTaskDispatcher with 12 workers.
 -> (artifact id: 'b555cf87638d29949cb775528a72703a') in 0.018521 seconds
Number of updated asset objects reloaded before import = 0
Number of asset objects unloaded after import = 7
========================================================================
Received Import Request.
  Time since last request: 0.000015 seconds.
  path: Assets/Synty/PolygonSciFiCity/Models/SM_Wep_MachinePistol_Gen2_01.fbx
  artifactKey: Guid(f7c8f06ee903a064b88aaf92e8abfd12) Importer(815301076,1909f56bfc062723c751e8b465ee728b)
Start importing Assets/Synty/PolygonSciFiCity/Models/SM_Wep_MachinePistol_Gen2_01.fbx using Guid(f7c8f06ee903a064b88aaf92e8abfd12) Importer(815301076,1909f56bfc062723c751e8b465ee728b) [PhysX] Initialized MultithreadedTaskDispatcher with 12 workers.
[PhysX] Initialized MultithreadedTaskDispatcher with 12 workers.
[PhysX] Initialized MultithreadedTaskDispatcher with 12 workers.
[PhysX] Initialized MultithreadedTaskDispatcher with 12 workers.
[PhysX] Initialized MultithreadedTaskDispatcher with 12 workers.
[PhysX] Initialized MultithreadedTaskDispatcher with 12 workers.
[PhysX] Initialized MultithreadedTaskDispatcher with 12 workers.
[PhysX] Initialized MultithreadedTaskDispatcher with 12 workers.
[PhysX] Initialized MultithreadedTaskDispatcher with 12 workers.
[PhysX] Initialized MultithreadedTaskDispatcher with 12 workers.
[PhysX] Initialized MultithreadedTaskDispatcher with 12 workers.
 -> (artifact id: '6154c21e7d99c427c8fa3e87cb46d6b3') in 0.048823 seconds
Number of updated asset objects reloaded before import = 0
Number of asset objects unloaded after import = 27
========================================================================
Received Import Request.
  Time since last request: 0.009853 seconds.
  path: Assets/Synty/PolygonSciFiCity/Models/SM_Wep_Mag_Plasma_01.fbx
  artifactKey: Guid(187122f139097b8478ebde188b1ae045) Importer(815301076,1909f56bfc062723c751e8b465ee728b)
Start importing Assets/Synty/PolygonSciFiCity/Models/SM_Wep_Mag_Plasma_01.fbx using Guid(187122f139097b8478ebde188b1ae045) Importer(815301076,1909f56bfc062723c751e8b465ee728b) [PhysX] Initialized MultithreadedTaskDispatcher with 12 workers.
[PhysX] Initialized MultithreadedTaskDispatcher with 12 workers.
[PhysX] Initialized MultithreadedTaskDispatcher with 12 workers.
 -> (artifact id: 'baa37419ff602421ee01f0cf7e2e2f7a') in 0.018592 seconds
Number of updated asset objects reloaded before import = 0
Number of asset objects unloaded after import = 7
========================================================================
Received Import Request.
  Time since last request: 0.000021 seconds.
  path: Assets/Synty/PolygonSciFiCity/Models/SM_Wep_Rifle_Base_01.fbx
  artifactKey: Guid(41aca4baa18f7cb4b8119f84face57d9) Importer(815301076,1909f56bfc062723c751e8b465ee728b)
Start importing Assets/Synty/PolygonSciFiCity/Models/SM_Wep_Rifle_Base_01.fbx using Guid(41aca4baa18f7cb4b8119f84face57d9) Importer(815301076,1909f56bfc062723c751e8b465ee728b) [PhysX] Initialized MultithreadedTaskDispatcher with 12 workers.
[PhysX] Initialized MultithreadedTaskDispatcher with 12 workers.
[PhysX] Initialized MultithreadedTaskDispatcher with 12 workers.
[PhysX] Initialized MultithreadedTaskDispatcher with 12 workers.
[PhysX] Initialized MultithreadedTaskDispatcher with 12 workers.
[PhysX] Initialized MultithreadedTaskDispatcher with 12 workers.
[PhysX] Initialized MultithreadedTaskDispatcher with 12 workers.
[PhysX] Initialized MultithreadedTaskDispatcher with 12 workers.
[PhysX] Initialized MultithreadedTaskDispatcher with 12 workers.
[PhysX] Initialized MultithreadedTaskDispatcher with 12 workers.
[PhysX] Initialized MultithreadedTaskDispatcher with 12 workers.
[PhysX] Initialized MultithreadedTaskDispatcher with 12 workers.
[PhysX] Initialized MultithreadedTaskDispatcher with 12 workers.
 -> (artifact id: '408f404026ed452cfd3a0426c6a58d26') in 0.058277 seconds
Number of updated asset objects reloaded before import = 0
Number of asset objects unloaded after import = 32
========================================================================
Received Import Request.
  Time since last request: 0.034589 seconds.
  path: Assets/Synty/PolygonSciFiCity/Models/SM_Wep_Rifle_Laser_01.fbx
  artifactKey: Guid(33a2a726ad5f7d441a7749712ead5928) Importer(815301076,1909f56bfc062723c751e8b465ee728b)
Start importing Assets/Synty/PolygonSciFiCity/Models/SM_Wep_Rifle_Laser_01.fbx using Guid(33a2a726ad5f7d441a7749712ead5928) Importer(815301076,1909f56bfc062723c751e8b465ee728b) [PhysX] Initialized MultithreadedTaskDispatcher with 12 workers.
[PhysX] Initialized MultithreadedTaskDispatcher with 12 workers.
[PhysX] Initialized MultithreadedTaskDispatcher with 12 workers.
[PhysX] Initialized MultithreadedTaskDispatcher with 12 workers.
[PhysX] Initialized MultithreadedTaskDispatcher with 12 workers.
[PhysX] Initialized MultithreadedTaskDispatcher with 12 workers.
[PhysX] Initialized MultithreadedTaskDispatcher with 12 workers.
 -> (artifact id: '9d4dbd454878ded30855c299b38eac85') in 0.031270 seconds
Number of updated asset objects reloaded before import = 0
Number of asset objects unloaded after import = 17
========================================================================
Received Import Request.
  Time since last request: 0.000024 seconds.
  path: Assets/Synty/PolygonSciFiCity/Models/SM_Wep_Rifle_Small_01.fbx
  artifactKey: Guid(d70c8b2902d25e04d8ecbafee23aeeaa) Importer(815301076,1909f56bfc062723c751e8b465ee728b)
Start importing Assets/Synty/PolygonSciFiCity/Models/SM_Wep_Rifle_Small_01.fbx using Guid(d70c8b2902d25e04d8ecbafee23aeeaa) Importer(815301076,1909f56bfc062723c751e8b465ee728b) [PhysX] Initialized MultithreadedTaskDispatcher with 12 workers.
[PhysX] Initialized MultithreadedTaskDispatcher with 12 workers.
[PhysX] Initialized MultithreadedTaskDispatcher with 12 workers.
[PhysX] Initialized MultithreadedTaskDispatcher with 12 workers.
[PhysX] Initialized MultithreadedTaskDispatcher with 12 workers.
[PhysX] Initialized MultithreadedTaskDispatcher with 12 workers.
[PhysX] Initialized MultithreadedTaskDispatcher with 12 workers.
[PhysX] Initialized MultithreadedTaskDispatcher with 12 workers.
[PhysX] Initialized MultithreadedTaskDispatcher with 12 workers.
[PhysX] Initialized MultithreadedTaskDispatcher with 12 workers.
[PhysX] Initialized MultithreadedTaskDispatcher with 12 workers.
 -> (artifact id: 'd1186adbed772e79cd2372c1d70f06d2') in 0.052765 seconds
Number of updated asset objects reloaded before import = 0
Number of asset objects unloaded after import = 27
========================================================================
Received Import Request.
  Time since last request: 2.168258 seconds.
  path: Assets/Synty/PolygonSciFiCity/Models/SM_Wep_Sniper_01.fbx
  artifactKey: Guid(5ae5e894990e35448af3fa1dc1993ab2) Importer(815301076,1909f56bfc062723c751e8b465ee728b)
Start importing Assets/Synty/PolygonSciFiCity/Models/SM_Wep_Sniper_01.fbx using Guid(5ae5e894990e35448af3fa1dc1993ab2) Importer(815301076,1909f56bfc062723c751e8b465ee728b) [PhysX] Initialized MultithreadedTaskDispatcher with 12 workers.
[PhysX] Initialized MultithreadedTaskDispatcher with 12 workers.
[PhysX] Initialized MultithreadedTaskDispatcher with 12 workers.
[PhysX] Initialized MultithreadedTaskDispatcher with 12 workers.
[PhysX] Initialized MultithreadedTaskDispatcher with 12 workers.
[PhysX] Initialized MultithreadedTaskDispatcher with 12 workers.
[PhysX] Initialized MultithreadedTaskDispatcher with 12 workers.
[PhysX] Initialized MultithreadedTaskDispatcher with 12 workers.
[PhysX] Initialized MultithreadedTaskDispatcher with 12 workers.
[PhysX] Initialized MultithreadedTaskDispatcher with 12 workers.
[PhysX] Initialized MultithreadedTaskDispatcher with 12 workers.
[PhysX] Initialized MultithreadedTaskDispatcher with 12 workers.
[PhysX] Initialized MultithreadedTaskDispatcher with 12 workers.
 -> (artifact id: 'e9d63b7fc7de670020b69e902a89e81b') in 0.105770 seconds
Number of updated asset objects reloaded before import = 0
Number of asset objects unloaded after import = 32
Editor requested this worker to shutdown with reason: Scaling down because of idle timeout
TcpMessagingSession - receive error: operation aborted. errorcode: 995, details: The I/O operation has been aborted because of either a thread exit or an application request.
AssetImportWorker is now disconnected from the server
Process exiting
Exiting without the bug reporter. Application will terminate with return code 0