Using pre-set license
Built from '2022.3/staging' branch; Version is '2022.3.50f1 (c3db7f8bf9b1) revision 12835711'; Using compiler version '192829333'; Build Type 'Release'
OS: 'Windows 11  (10.0.26200) 64bit Core' Language: 'en' Physical Memory: 32605 MB
BatchMode: 1, IsHumanControllingUs: 0, StartBugReporterOnCrash: 0, Is64bit: 1, IsPro: 1

COMMAND LINE ARGUMENTS:
C:\Program Files\Unity\Hub\Editor\2022.3.50f1\Editor\Unity.exe
-adb2
-batchMode
-noUpm
-name
AssetImportWorker2
-projectPath
D:/Projects/Tattoo-Game/Tattoo Game
-logFile
Logs/AssetImportWorker2.log
-srvPort
52257
Successfully changed project path to: D:/Projects/Tattoo-Game/Tattoo Game
D:/Projects/Tattoo-Game/Tattoo Game
[UnityMemory] Configuration Parameters - Can be set up in boot.config
    "memorysetup-bucket-allocator-granularity=16"
    "memorysetup-bucket-allocator-bucket-count=8"
    "memorysetup-bucket-allocator-block-size=33554432"
    "memorysetup-bucket-allocator-block-count=8"
    "memorysetup-main-allocator-block-size=16777216"
    "memorysetup-thread-allocator-block-size=16777216"
    "memorysetup-gfx-main-allocator-block-size=16777216"
    "memorysetup-gfx-thread-allocator-block-size=16777216"
    "memorysetup-cache-allocator-block-size=4194304"
    "memorysetup-typetree-allocator-block-size=2097152"
    "memorysetup-profiler-bucket-allocator-granularity=16"
    "memorysetup-profiler-bucket-allocator-bucket-count=8"
    "memorysetup-profiler-bucket-allocator-block-size=33554432"
    "memorysetup-profiler-bucket-allocator-block-count=8"
    "memorysetup-profiler-allocator-block-size=16777216"
    "memorysetup-profiler-editor-allocator-block-size=1048576"
    "memorysetup-temp-allocator-size-main=16777216"
    "memorysetup-job-temp-allocator-block-size=2097152"
    "memorysetup-job-temp-allocator-block-size-background=1048576"
    "memorysetup-job-temp-allocator-reduction-small-platforms=262144"
    "memorysetup-allocator-temp-initial-block-size-main=262144"
    "memorysetup-allocator-temp-initial-block-size-worker=262144"
    "memorysetup-temp-allocator-size-background-worker=32768"
    "memorysetup-temp-allocator-size-job-worker=262144"
    "memorysetup-temp-allocator-size-preload-manager=33554432"
    "memorysetup-temp-allocator-size-nav-mesh-worker=65536"
    "memorysetup-temp-allocator-size-audio-worker=65536"
    "memorysetup-temp-allocator-size-cloud-worker=32768"
    "memorysetup-temp-allocator-size-gi-baking-worker=262144"
    "memorysetup-temp-allocator-size-gfx=262144"
Player connection [24120]  Target information:

Player connection [24120]  * "[IP] 192.168.133.1 [Port] 0 [Flags] 2 [Guid] 1588377817 [EditorId] 1588377817 [Version] 1048832 [Id] WindowsEditor(7,Tortuga) [Debug] 1 [PackageName] WindowsEditor [ProjectName] Editor" 

Player connection [24120]  * "[IP] 192.168.64.1 [Port] 0 [Flags] 2 [Guid] 1588377817 [EditorId] 1588377817 [Version] 1048832 [Id] WindowsEditor(7,Tortuga) [Debug] 1 [PackageName] WindowsEditor [ProjectName] Editor" 

Player connection [24120]  * "[IP] 192.168.0.179 [Port] 0 [Flags] 2 [Guid] 1588377817 [EditorId] 1588377817 [Version] 1048832 [Id] WindowsEditor(7,Tortuga) [Debug] 1 [PackageName] WindowsEditor [ProjectName] Editor" 

Player connection [24120] Host joined multi-casting on [225.0.0.222:54997]...
Player connection [24120] Host joined alternative multi-casting on [225.0.0.222:34997]...
[PhysX] Initialized MultithreadedTaskDispatcher with 12 workers.
Refreshing native plugins compatible for Editor in 16.60 ms, found 4 plugins.
Preloading 0 native plugins for Editor in 0.00 ms.
Initialize engine version: 2022.3.50f1 (c3db7f8bf9b1)
[Subsystems] Discovering subsystems at path C:/Program Files/Unity/Hub/Editor/2022.3.50f1/Editor/Data/Resources/UnitySubsystems
[Subsystems] Discovering subsystems at path D:/Projects/Tattoo-Game/Tattoo Game/Assets
GfxDevice: creating device client; threaded=0; jobified=0
Direct3D:
    Version:  Direct3D 11.0 [level 11.1]
    Renderer: NVIDIA GeForce RTX 3060 Laptop GPU (ID=0x2520)
    Vendor:   NVIDIA
    VRAM:     5994 MB
    Driver:   32.0.15.9597
Initialize mono
Mono path[0] = 'C:/Program Files/Unity/Hub/Editor/2022.3.50f1/Editor/Data/Managed'
Mono path[1] = 'C:/Program Files/Unity/Hub/Editor/2022.3.50f1/Editor/Data/MonoBleedingEdge/lib/mono/unityjit-win32'
Mono config path = 'C:/Program Files/Unity/Hub/Editor/2022.3.50f1/Editor/Data/MonoBleedingEdge/etc'
Using monoOptions --debugger-agent=transport=dt_socket,embedding=1,server=y,suspend=n,address=127.0.0.1:56416
Begin MonoManager ReloadAssembly
Registering precompiled unity dll's ...
Register platform support module: C:/Program Files/Unity/Hub/Editor/2022.3.50f1/Editor/Data/PlaybackEngines/AndroidPlayer/UnityEditor.Android.Extensions.dll
Register platform support module: C:/Program Files/Unity/Hub/Editor/2022.3.50f1/Editor/Data/PlaybackEngines/iOSSupport/UnityEditor.iOS.Extensions.dll
Register platform support module: C:/Program Files/Unity/Hub/Editor/2022.3.50f1/Editor/Data/PlaybackEngines/WindowsStandaloneSupport/UnityEditor.WindowsStandalone.Extensions.dll
Registered in 0.017566 seconds.
- Loaded All Assemblies, in  0.470 seconds
Native extension for WindowsStandalone target not found
[usbmuxd] Start listen thread
[usbmuxd] Listen thread started
Native extension for iOS target not found
Native extension for Android target not found
Android Extension - Scanning For ADB Devices 285 ms
Mono: successfully reloaded assembly
- Finished resetting the current domain, in  0.676 seconds
Domain Reload Profiling: 1143ms
	BeginReloadAssembly (142ms)
		ExecutionOrderSort (0ms)
		DisableScriptedObjects (0ms)
		BackupInstance (0ms)
		ReleaseScriptingObjects (0ms)
		CreateAndSetChildDomain (1ms)
	RebuildCommonClasses (46ms)
	RebuildNativeTypeToScriptingClass (13ms)
	initialDomainReloadingComplete (80ms)
	LoadAllAssembliesAndSetupDomain (185ms)
		LoadAssemblies (140ms)
		RebuildTransferFunctionScriptingTraits (0ms)
		AnalyzeDomain (182ms)
			TypeCache.Refresh (180ms)
				TypeCache.ScanAssembly (163ms)
			ScanForSourceGeneratedMonoScriptInfo (0ms)
			ResolveRequiredComponents (1ms)
	FinalizeReload (677ms)
		ReleaseScriptCaches (0ms)
		RebuildScriptCaches (0ms)
		SetupLoadedEditorAssemblies (622ms)
			LogAssemblyErrors (0ms)
			InitializePlatformSupportModulesInManaged (417ms)
			SetLoadedEditorAssemblies (5ms)
			RefreshPlugins (0ms)
			BeforeProcessingInitializeOnLoad (3ms)
			ProcessInitializeOnLoadAttributes (139ms)
			ProcessInitializeOnLoadMethodAttributes (59ms)
			AfterProcessingInitializeOnLoad (0ms)
			EditorAssembliesLoaded (0ms)
		ExecutionOrderSort2 (0ms)
		AwakeInstancesAfterBackupRestoration (0ms)
========================================================================
Worker process is ready to serve import requests
Caller must complete domain reload
Begin MonoManager ReloadAssembly
- Loaded All Assemblies, in  2.611 seconds
Native extension for WindowsStandalone target not found
Native extension for iOS target not found
Native extension for Android target not found
Mono: successfully reloaded assembly
Package Manager log level set to [2]
[Package Manager] Server::EnsureServerProcessIsRunning -- launch failed, reason: Unity was launched with the -noUpm command-line argument
[Package Manager] UpmClient::Send -- Unable to send message (not connected to UPM process).
[Package Manager] Cannot connect to Unity Package Manager local server
[Package Manager] Server::EnsureServerProcessIsRunning -- launch failed, reason: Unity was launched with the -noUpm command-line argument
[Package Manager] UpmClient::Send -- Unable to send message (not connected to UPM process).
[Package Manager] Cannot connect to Unity Package Manager local server
- Finished resetting the current domain, in  1.079 seconds
Domain Reload Profiling: 3685ms
	BeginReloadAssembly (194ms)
		ExecutionOrderSort (0ms)
		DisableScriptedObjects (7ms)
		BackupInstance (0ms)
		ReleaseScriptingObjects (0ms)
		CreateAndSetChildDomain (26ms)
	RebuildCommonClasses (44ms)
	RebuildNativeTypeToScriptingClass (13ms)
	initialDomainReloadingComplete (65ms)
	LoadAllAssembliesAndSetupDomain (2290ms)
		LoadAssemblies (1978ms)
		RebuildTransferFunctionScriptingTraits (0ms)
		AnalyzeDomain (421ms)
			TypeCache.Refresh (377ms)
				TypeCache.ScanAssembly (356ms)
			ScanForSourceGeneratedMonoScriptInfo (30ms)
			ResolveRequiredComponents (10ms)
	FinalizeReload (1080ms)
		ReleaseScriptCaches (0ms)
		RebuildScriptCaches (0ms)
		SetupLoadedEditorAssemblies (839ms)
			LogAssemblyErrors (0ms)
			InitializePlatformSupportModulesInManaged (35ms)
			SetLoadedEditorAssemblies (5ms)
			RefreshPlugins (0ms)
			BeforeProcessingInitializeOnLoad (98ms)
			ProcessInitializeOnLoadAttributes (505ms)
			ProcessInitializeOnLoadMethodAttributes (174ms)
			AfterProcessingInitializeOnLoad (22ms)
			EditorAssembliesLoaded (1ms)
		ExecutionOrderSort2 (0ms)
		AwakeInstancesAfterBackupRestoration (12ms)
Launched and connected shader compiler UnityShaderCompiler.exe after 0.05 seconds
Refreshing native plugins compatible for Editor in 10.77 ms, found 4 plugins.
Preloading 0 native plugins for Editor in 0.00 ms.
Unloading 5347 Unused Serialized files (Serialized files now loaded: 0)
Unloading 37 unused Assets / (510.5 KB). Loaded Objects now: 5813.
Memory consumption went from 182.4 MB to 181.9 MB.
Total: 6.597400 ms (FindLiveObjects: 0.604600 ms CreateObjectMapping: 0.679100 ms MarkObjects: 5.029100 ms  DeleteObjects: 0.283400 ms)

AssetImportParameters requested are different than current active one (requested -> active):
  custom:container-demuxer-ogg: 62fdf1f143b41e24485cea50d1cbac27 -> 
  custom:video-codec-MediaFoundation-h265: 746d11721c4dcdbdad8f713fa42b33f4 -> 
  custom:video-decoder-ogg-theora: a1e56fd34408186e4bbccfd4996cb3dc -> 
  custom:framework-win-MediaFoundation: 216162199b28c13a410421893ffa2e32 -> 
  custom:CustomObjectIndexerAttribute: 9a22284fe3817be447336de3de66b15e -> 
  custom:container-demuxer-webm: 4f35f7cbe854078d1ac9338744f61a02 -> 
  custom:container-muxer-webm: aa71ff27fc2769a1b78a27578f13a17b -> 
  custom:video-decoder-webm-vp8: 9c59270c3fd7afecdb556c50c9e8de78 -> 
  custom:SearchIndexIgnoredProperties: e643bd26f0fe6173181afceb89e7c659 -> 
  custom:AudioImporter_EditorPlatform: d09bf68614088b80899f8185d706f6e7 -> 
  custom:video-encoder-webm-vp8: eb34c28f22e8b96e1ab97ce403110664 -> 
  custom:audio-decoder-ogg-vorbis: bf7c407c2cedff20999df2af8eb42d56 -> 
  custom:audio-encoder-webm-vorbis: bf7c407c2cedff20999df2af8eb42d56 -> 
========================================================================
Received Import Request.
  Time since last request: 1211.389500 seconds.
  path: Assets/Scenes/MainScene back.unity
  artifactKey: Guid(5e9937032f086644f9c801695b572835) Importer(815301076,1909f56bfc062723c751e8b465ee728b)
Start importing Assets/Scenes/MainScene back.unity using Guid(5e9937032f086644f9c801695b572835) Importer(815301076,1909f56bfc062723c751e8b465ee728b) [PhysX] Initialized MultithreadedTaskDispatcher with 12 workers.
 -> (artifact id: 'fdcc16f740858d46f6dacd52ca1bda07') in 0.002937 seconds
Number of updated asset objects reloaded before import = 0
Number of asset objects unloaded after import = 0
========================================================================
Received Import Request.
  Time since last request: 0.000030 seconds.
  path: Assets/Synty/PolygonGeneric/Prefabs/Building
  artifactKey: Guid(1ca4a637e69904d43bf2c89a56b87447) Importer(815301076,1909f56bfc062723c751e8b465ee728b)
Start importing Assets/Synty/PolygonGeneric/Prefabs/Building using Guid(1ca4a637e69904d43bf2c89a56b87447) Importer(815301076,1909f56bfc062723c751e8b465ee728b) [PhysX] Initialized MultithreadedTaskDispatcher with 12 workers.
 -> (artifact id: '78fc6d0e6d8e58052892f82f73a3cc99') in 0.000445 seconds
Number of updated asset objects reloaded before import = 0
Number of asset objects unloaded after import = 0
========================================================================
Received Import Request.
  Time since last request: 0.000015 seconds.
  path: Assets/Synty/PolygonGeneric/Prefabs/Building/SM_Gen_Bld_Background_06.prefab
  artifactKey: Guid(59f8c79961637544ab1eea1a8f0c2281) Importer(815301076,1909f56bfc062723c751e8b465ee728b)
Start importing Assets/Synty/PolygonGeneric/Prefabs/Building/SM_Gen_Bld_Background_06.prefab using Guid(59f8c79961637544ab1eea1a8f0c2281) Importer(815301076,1909f56bfc062723c751e8b465ee728b) [PhysX] Initialized MultithreadedTaskDispatcher with 12 workers.
[PhysX] Initialized MultithreadedTaskDispatcher with 12 workers.
 -> (artifact id: '0940f6309f36087572cf76e059e9ab20') in 2.798592 seconds
Number of updated asset objects reloaded before import = 0
Number of asset objects unloaded after import = 22
========================================================================
Received Import Request.
  Time since last request: 0.000032 seconds.
  path: Assets/Synty/PolygonGeneric/Prefabs/Building/SM_Gen_Bld_Background_02.prefab
  artifactKey: Guid(9c328a2c1d009e7468ac66283d3b936c) Importer(815301076,1909f56bfc062723c751e8b465ee728b)
Start importing Assets/Synty/PolygonGeneric/Prefabs/Building/SM_Gen_Bld_Background_02.prefab using Guid(9c328a2c1d009e7468ac66283d3b936c) Importer(815301076,1909f56bfc062723c751e8b465ee728b) [PhysX] Initialized MultithreadedTaskDispatcher with 12 workers.
[PhysX] Initialized MultithreadedTaskDispatcher with 12 workers.
 -> (artifact id: '52c3d1c7cab66b7709dba8c19ff639c2') in 0.390095 seconds
Number of updated asset objects reloaded before import = 0
Number of asset objects unloaded after import = 22
========================================================================
Received Import Request.
  Time since last request: 0.000046 seconds.
  path: Assets/Synty/PolygonGeneric/Prefabs/Building/SM_Gen_Bld_Pipe_Straight_03.prefab
  artifactKey: Guid(74041acf00146d442b15dec90c15c5cc) Importer(815301076,1909f56bfc062723c751e8b465ee728b)
Start importing Assets/Synty/PolygonGeneric/Prefabs/Building/SM_Gen_Bld_Pipe_Straight_03.prefab using Guid(74041acf00146d442b15dec90c15c5cc) Importer(815301076,1909f56bfc062723c751e8b465ee728b) [PhysX] Initialized MultithreadedTaskDispatcher with 12 workers.
[PhysX] Initialized MultithreadedTaskDispatcher with 12 workers.
 -> (artifact id: '86adb96c459285c1e8772a718d2bd190') in 0.462670 seconds
Number of updated asset objects reloaded before import = 0
Number of asset objects unloaded after import = 13
========================================================================
Received Import Request.
  Time since last request: 0.000058 seconds.
  path: Assets/Synty/PolygonGeneric/Prefabs/Building/SM_Gen_Bld_Pipe_Cap_01.prefab
  artifactKey: Guid(39f923501b63df1409ef1a1adc312185) Importer(815301076,1909f56bfc062723c751e8b465ee728b)
Start importing Assets/Synty/PolygonGeneric/Prefabs/Building/SM_Gen_Bld_Pipe_Cap_01.prefab using Guid(39f923501b63df1409ef1a1adc312185) Importer(815301076,1909f56bfc062723c751e8b465ee728b) [PhysX] Initialized MultithreadedTaskDispatcher with 12 workers.
[PhysX] Initialized MultithreadedTaskDispatcher with 12 workers.
 -> (artifact id: '1f8bfc01bf34863f40df62b6ba43f018') in 0.426579 seconds
Number of updated asset objects reloaded before import = 0
Number of asset objects unloaded after import = 13
========================================================================
Received Import Request.
  Time since last request: 0.000045 seconds.
  path: Assets/Synty/PolygonGeneric/Prefabs/Building/SM_Gen_Bld_Beam_03.prefab
  artifactKey: Guid(1eebb6be7ef6d42428ce318b3f88f981) Importer(815301076,1909f56bfc062723c751e8b465ee728b)
Start importing Assets/Synty/PolygonGeneric/Prefabs/Building/SM_Gen_Bld_Beam_03.prefab using Guid(1eebb6be7ef6d42428ce318b3f88f981) Importer(815301076,1909f56bfc062723c751e8b465ee728b) [PhysX] Initialized MultithreadedTaskDispatcher with 12 workers.
[PhysX] Initialized MultithreadedTaskDispatcher with 12 workers.
 -> (artifact id: 'a392f451a43eda117ecb868781a341be') in 0.408165 seconds
Number of updated asset objects reloaded before import = 0
Number of asset objects unloaded after import = 13
========================================================================
Received Import Request.
  Time since last request: 0.000075 seconds.
  path: Assets/Synty/PolygonGeneric/Prefabs/Building/SM_Gen_Bld_Background_03.prefab
  artifactKey: Guid(95d4e707f622fd14ebebd29e5ce9433f) Importer(815301076,1909f56bfc062723c751e8b465ee728b)
Start importing Assets/Synty/PolygonGeneric/Prefabs/Building/SM_Gen_Bld_Background_03.prefab using Guid(95d4e707f622fd14ebebd29e5ce9433f) Importer(815301076,1909f56bfc062723c751e8b465ee728b) [PhysX] Initialized MultithreadedTaskDispatcher with 12 workers.
[PhysX] Initialized MultithreadedTaskDispatcher with 12 workers.
 -> (artifact id: '8cb25d7ff4f295dc2f67a61031f437c1') in 0.415677 seconds
Number of updated asset objects reloaded before import = 0
Number of asset objects unloaded after import = 22
========================================================================
Received Import Request.
  Time since last request: 0.000041 seconds.
  path: Assets/Synty/PolygonGeneric/Prefabs/Building/SM_Gen_Bld_Background_01.prefab
  artifactKey: Guid(c4d0d8e95c0a0c54790e3126cb769f22) Importer(815301076,1909f56bfc062723c751e8b465ee728b)
Start importing Assets/Synty/PolygonGeneric/Prefabs/Building/SM_Gen_Bld_Background_01.prefab using Guid(c4d0d8e95c0a0c54790e3126cb769f22) Importer(815301076,1909f56bfc062723c751e8b465ee728b) [PhysX] Initialized MultithreadedTaskDispatcher with 12 workers.
[PhysX] Initialized MultithreadedTaskDispatcher with 12 workers.
 -> (artifact id: '510804be197090087dc1ce61e049a696') in 0.449668 seconds
Number of updated asset objects reloaded before import = 0
Number of asset objects unloaded after import = 22
========================================================================
Received Import Request.
  Time since last request: 0.000034 seconds.
  path: Assets/Synty/PolygonGeneric/Prefabs/Building/SM_Gen_Bld_Background_11.prefab
  artifactKey: Guid(df8ec80861bc7b04a9e11ee64dcad2ad) Importer(815301076,1909f56bfc062723c751e8b465ee728b)
Start importing Assets/Synty/PolygonGeneric/Prefabs/Building/SM_Gen_Bld_Background_11.prefab using Guid(df8ec80861bc7b04a9e11ee64dcad2ad) Importer(815301076,1909f56bfc062723c751e8b465ee728b) [PhysX] Initialized MultithreadedTaskDispatcher with 12 workers.
[PhysX] Initialized MultithreadedTaskDispatcher with 12 workers.
 -> (artifact id: '8bdf70a381fd30eafcc1cae4316c2600') in 0.391608 seconds
Number of updated asset objects reloaded before import = 0
Number of asset objects unloaded after import = 21
========================================================================
Received Import Request.
  Time since last request: 0.000077 seconds.
  path: Assets/Synty/PolygonGeneric/Prefabs/Building/SM_Gen_Bld_Background_04.prefab
  artifactKey: Guid(280c33a9ac992ab4b955012050b43581) Importer(815301076,1909f56bfc062723c751e8b465ee728b)
Start importing Assets/Synty/PolygonGeneric/Prefabs/Building/SM_Gen_Bld_Background_04.prefab using Guid(280c33a9ac992ab4b955012050b43581) Importer(815301076,1909f56bfc062723c751e8b465ee728b) [PhysX] Initialized MultithreadedTaskDispatcher with 12 workers.
[PhysX] Initialized MultithreadedTaskDispatcher with 12 workers.
 -> (artifact id: '993fb1f1151da2d95396169331ef51f4') in 0.493328 seconds
Number of updated asset objects reloaded before import = 0
Number of asset objects unloaded after import = 22
========================================================================
Received Import Request.
  Time since last request: 0.000033 seconds.
  path: Assets/Synty/PolygonGeneric/Prefabs/Building/SM_Gen_Bld_Beam_01.prefab
  artifactKey: Guid(64e82695b53f5e04ba116078512986e4) Importer(815301076,1909f56bfc062723c751e8b465ee728b)
Start importing Assets/Synty/PolygonGeneric/Prefabs/Building/SM_Gen_Bld_Beam_01.prefab using Guid(64e82695b53f5e04ba116078512986e4) Importer(815301076,1909f56bfc062723c751e8b465ee728b) [PhysX] Initialized MultithreadedTaskDispatcher with 12 workers.
[PhysX] Initialized MultithreadedTaskDispatcher with 12 workers.
 -> (artifact id: '7f35b6c9ab37fef730a206e79c095f60') in 0.316531 seconds
Number of updated asset objects reloaded before import = 0
Number of asset objects unloaded after import = 13
========================================================================
Received Import Request.
  Time since last request: 19.505854 seconds.
  path: Assets/Synty/PolygonGeneric/Prefabs/Base
  artifactKey: Guid(345c990bec34b48479329641d874b6ba) Importer(815301076,1909f56bfc062723c751e8b465ee728b)
Start importing Assets/Synty/PolygonGeneric/Prefabs/Base using Guid(345c990bec34b48479329641d874b6ba) Importer(815301076,1909f56bfc062723c751e8b465ee728b) [PhysX] Initialized MultithreadedTaskDispatcher with 12 workers.
 -> (artifact id: '24a1e90ae0834cb8bfd7681a8323805f') in 0.000602 seconds
Number of updated asset objects reloaded before import = 0
Number of asset objects unloaded after import = 0
========================================================================
Received Import Request.
  Time since last request: 0.035575 seconds.
  path: Assets/Synty/PolygonGeneric/Prefabs/Base/SM_Bld_Base_45_Floor_01.prefab
  artifactKey: Guid(abc179049a4a01c4d915ed813ac55f1b) Importer(815301076,1909f56bfc062723c751e8b465ee728b)
Start importing Assets/Synty/PolygonGeneric/Prefabs/Base/SM_Bld_Base_45_Floor_01.prefab using Guid(abc179049a4a01c4d915ed813ac55f1b) Importer(815301076,1909f56bfc062723c751e8b465ee728b) [PhysX] Initialized MultithreadedTaskDispatcher with 12 workers.
[PhysX] Initialized MultithreadedTaskDispatcher with 12 workers.
 -> (artifact id: '2651437f111eadc1b440a8de74daf66a') in 0.108937 seconds
Number of updated asset objects reloaded before import = 0
Number of asset objects unloaded after import = 11
========================================================================
Received Import Request.
  Time since last request: 0.000018 seconds.
  path: Assets/Synty/PolygonGeneric/Prefabs/Base/SM_Bld_Base_Ceiling_01.prefab
  artifactKey: Guid(defb4cdc6208f004795f0160e8fb04ed) Importer(815301076,1909f56bfc062723c751e8b465ee728b)
Start importing Assets/Synty/PolygonGeneric/Prefabs/Base/SM_Bld_Base_Ceiling_01.prefab using Guid(defb4cdc6208f004795f0160e8fb04ed) Importer(815301076,1909f56bfc062723c751e8b465ee728b) [PhysX] Initialized MultithreadedTaskDispatcher with 12 workers.
[PhysX] Initialized MultithreadedTaskDispatcher with 12 workers.
 -> (artifact id: '6f5cab625e2ab44547848cf7b6d1a5be') in 0.113582 seconds
Number of updated asset objects reloaded before import = 0
Number of asset objects unloaded after import = 10
========================================================================
Received Import Request.
  Time since last request: 0.000023 seconds.
  path: Assets/Synty/PolygonGeneric/Prefabs/Base/SM_Bld_Base_Ceiling_Quarter_01.prefab
  artifactKey: Guid(982ab99fd829e8a48a3428c963e322eb) Importer(815301076,1909f56bfc062723c751e8b465ee728b)
Start importing Assets/Synty/PolygonGeneric/Prefabs/Base/SM_Bld_Base_Ceiling_Quarter_01.prefab using Guid(982ab99fd829e8a48a3428c963e322eb) Importer(815301076,1909f56bfc062723c751e8b465ee728b) [PhysX] Initialized MultithreadedTaskDispatcher with 12 workers.
[PhysX] Initialized MultithreadedTaskDispatcher with 12 workers.
 -> (artifact id: '9dc0e51770fa632e2136a14adce01049') in 0.092680 seconds
Number of updated asset objects reloaded before import = 0
Number of asset objects unloaded after import = 17
========================================================================
Received Import Request.
  Time since last request: 0.000050 seconds.
  path: Assets/Synty/PolygonGeneric/Prefabs/Base/SM_Bld_Base_Floor_01.prefab
  artifactKey: Guid(80278570906458d499abd6aa3ef03fc3) Importer(815301076,1909f56bfc062723c751e8b465ee728b)
Start importing Assets/Synty/PolygonGeneric/Prefabs/Base/SM_Bld_Base_Floor_01.prefab using Guid(80278570906458d499abd6aa3ef03fc3) Importer(815301076,1909f56bfc062723c751e8b465ee728b) [PhysX] Initialized MultithreadedTaskDispatcher with 12 workers.
[PhysX] Initialized MultithreadedTaskDispatcher with 12 workers.
 -> (artifact id: '9e719dedef2e98406b51a2b38506701a') in 0.082698 seconds
Number of updated asset objects reloaded before import = 0
Number of asset objects unloaded after import = 11
========================================================================
Received Import Request.
  Time since last request: 0.000035 seconds.
  path: Assets/Synty/PolygonGeneric/Prefabs/Base/SM_Bld_Base_Floor_Quarter_Combined_01.prefab
  artifactKey: Guid(073f2bcda0b458944a8d7718e8be85a5) Importer(815301076,1909f56bfc062723c751e8b465ee728b)
Start importing Assets/Synty/PolygonGeneric/Prefabs/Base/SM_Bld_Base_Floor_Quarter_Combined_01.prefab using Guid(073f2bcda0b458944a8d7718e8be85a5) Importer(815301076,1909f56bfc062723c751e8b465ee728b) [PhysX] Initialized MultithreadedTaskDispatcher with 12 workers.
[PhysX] Initialized MultithreadedTaskDispatcher with 12 workers.
 -> (artifact id: '095973b6ca6fc2b2affa31452a2f2322') in 0.149480 seconds
Number of updated asset objects reloaded before import = 0
Number of asset objects unloaded after import = 13
========================================================================
Received Import Request.
  Time since last request: 0.000033 seconds.
  path: Assets/Synty/PolygonGeneric/Prefabs/Base/SM_Bld_Base_Pillar_04.prefab
  artifactKey: Guid(d6d389d08968a18449ea24ac52b62781) Importer(815301076,1909f56bfc062723c751e8b465ee728b)
Start importing Assets/Synty/PolygonGeneric/Prefabs/Base/SM_Bld_Base_Pillar_04.prefab using Guid(d6d389d08968a18449ea24ac52b62781) Importer(815301076,1909f56bfc062723c751e8b465ee728b) [PhysX] Initialized MultithreadedTaskDispatcher with 12 workers.
[PhysX] Initialized MultithreadedTaskDispatcher with 12 workers.
 -> (artifact id: '825dc636ebb751bebc956cddca81f374') in 0.080227 seconds
Number of updated asset objects reloaded before import = 0
Number of asset objects unloaded after import = 11
========================================================================
Received Import Request.
  Time since last request: 0.001876 seconds.
  path: Assets/Synty/PolygonGeneric/Prefabs/Base/SM_Bld_Base_Floor_Half_01.prefab
  artifactKey: Guid(dee6d59846fc1a7418b44df1966c998e) Importer(815301076,1909f56bfc062723c751e8b465ee728b)
Start importing Assets/Synty/PolygonGeneric/Prefabs/Base/SM_Bld_Base_Floor_Half_01.prefab using Guid(dee6d59846fc1a7418b44df1966c998e) Importer(815301076,1909f56bfc062723c751e8b465ee728b) [PhysX] Initialized MultithreadedTaskDispatcher with 12 workers.
[PhysX] Initialized MultithreadedTaskDispatcher with 12 workers.
 -> (artifact id: '836c39c0e997d8b91ab32c3f09fa3fdd') in 0.085161 seconds
Number of updated asset objects reloaded before import = 0
Number of asset objects unloaded after import = 13
========================================================================
Received Import Request.
  Time since last request: 0.000021 seconds.
  path: Assets/Synty/PolygonGeneric/Prefabs/Base/SM_Bld_Base_45_Wall_Door_01.prefab
  artifactKey: Guid(e4f2100db3206f446a46fc9b56578423) Importer(815301076,1909f56bfc062723c751e8b465ee728b)
Start importing Assets/Synty/PolygonGeneric/Prefabs/Base/SM_Bld_Base_45_Wall_Door_01.prefab using Guid(e4f2100db3206f446a46fc9b56578423) Importer(815301076,1909f56bfc062723c751e8b465ee728b) [PhysX] Initialized MultithreadedTaskDispatcher with 12 workers.
[PhysX] Initialized MultithreadedTaskDispatcher with 12 workers.
 -> (artifact id: 'cd4bb68aa8b5b65447653948fdcf8149') in 0.391881 seconds
Number of updated asset objects reloaded before import = 0
Number of asset objects unloaded after import = 25
========================================================================
Received Import Request.
  Time since last request: 3.131370 seconds.
  path: Assets/Synty/PolygonGeneric/Prefabs/Environment
  artifactKey: Guid(c6e5f5e3457838842b3f1e3a88ef9c2e) Importer(815301076,1909f56bfc062723c751e8b465ee728b)
Start importing Assets/Synty/PolygonGeneric/Prefabs/Environment using Guid(c6e5f5e3457838842b3f1e3a88ef9c2e) Importer(815301076,1909f56bfc062723c751e8b465ee728b) [PhysX] Initialized MultithreadedTaskDispatcher with 12 workers.
 -> (artifact id: 'd583c426af33681366b2b779c9598053') in 0.000820 seconds
Number of updated asset objects reloaded before import = 0
Number of asset objects unloaded after import = 0
========================================================================
Received Import Request.
  Time since last request: 0.051142 seconds.
  path: Assets/Synty/PolygonGeneric/Prefabs/Environment/SM_Gen_Env_Background_Mountain_01.prefab
  artifactKey: Guid(3ec0e1c01c9ca62479f615e4b7590637) Importer(815301076,1909f56bfc062723c751e8b465ee728b)
Start importing Assets/Synty/PolygonGeneric/Prefabs/Environment/SM_Gen_Env_Background_Mountain_01.prefab using Guid(3ec0e1c01c9ca62479f615e4b7590637) Importer(815301076,1909f56bfc062723c751e8b465ee728b) [PhysX] Initialized MultithreadedTaskDispatcher with 12 workers.
[PhysX] Initialized MultithreadedTaskDispatcher with 12 workers.
 -> (artifact id: 'd22cf76656dc9cef6649ef09a3a50e92') in 0.478587 seconds
Number of updated asset objects reloaded before import = 0
Number of asset objects unloaded after import = 9
========================================================================
Received Import Request.
  Time since last request: 0.000034 seconds.
  path: Assets/Synty/PolygonGeneric/Prefabs/Environment/SM_Gen_Env_Bush_04.prefab
  artifactKey: Guid(046fcab6e891a844abfc53b520c8f394) Importer(815301076,1909f56bfc062723c751e8b465ee728b)
Start importing Assets/Synty/PolygonGeneric/Prefabs/Environment/SM_Gen_Env_Bush_04.prefab using Guid(046fcab6e891a844abfc53b520c8f394) Importer(815301076,1909f56bfc062723c751e8b465ee728b) [PhysX] Initialized MultithreadedTaskDispatcher with 12 workers.
[PhysX] Initialized MultithreadedTaskDispatcher with 12 workers.
 -> (artifact id: '0c41179c5183f06b470dca6c16b345ec') in 0.439369 seconds
Number of updated asset objects reloaded before import = 0
Number of asset objects unloaded after import = 12
========================================================================
Received Import Request.
  Time since last request: 0.000034 seconds.
  path: Assets/Synty/PolygonGeneric/Prefabs/Environment/SM_Gen_Env_Cliff_01.prefab
  artifactKey: Guid(ae1b00ab0436c534c8afc42e19ab6e96) Importer(815301076,1909f56bfc062723c751e8b465ee728b)
Start importing Assets/Synty/PolygonGeneric/Prefabs/Environment/SM_Gen_Env_Cliff_01.prefab using Guid(ae1b00ab0436c534c8afc42e19ab6e96) Importer(815301076,1909f56bfc062723c751e8b465ee728b) [PhysX] Initialized MultithreadedTaskDispatcher with 12 workers.
[PhysX] Initialized MultithreadedTaskDispatcher with 12 workers.
 -> (artifact id: 'b55ebf3d3989a133a58dab964779140c') in 0.480067 seconds
Number of updated asset objects reloaded before import = 0
Number of asset objects unloaded after import = 19
========================================================================
Received Import Request.
  Time since last request: 0.000045 seconds.
  path: Assets/Synty/PolygonGeneric/Prefabs/Environment/SM_Gen_Env_Bush_Part_02.prefab
  artifactKey: Guid(f3eb9ea900899d340a38cf8b4fc2c8de) Importer(815301076,1909f56bfc062723c751e8b465ee728b)
Start importing Assets/Synty/PolygonGeneric/Prefabs/Environment/SM_Gen_Env_Bush_Part_02.prefab using Guid(f3eb9ea900899d340a38cf8b4fc2c8de) Importer(815301076,1909f56bfc062723c751e8b465ee728b) [PhysX] Initialized MultithreadedTaskDispatcher with 12 workers.
[PhysX] Initialized MultithreadedTaskDispatcher with 12 workers.
 -> (artifact id: '8bfc10bea259e08c5978f73c105074be') in 0.416360 seconds
Number of updated asset objects reloaded before import = 0
Number of asset objects unloaded after import = 12
========================================================================
Received Import Request.
  Time since last request: 0.000046 seconds.
  path: Assets/Synty/PolygonGeneric/Prefabs/Environment/SM_Gen_Env_Dirt_Cliff_02.prefab
  artifactKey: Guid(f66e9025bf3f814478d0a0927c302226) Importer(815301076,1909f56bfc062723c751e8b465ee728b)
Start importing Assets/Synty/PolygonGeneric/Prefabs/Environment/SM_Gen_Env_Dirt_Cliff_02.prefab using Guid(f66e9025bf3f814478d0a0927c302226) Importer(815301076,1909f56bfc062723c751e8b465ee728b) [PhysX] Initialized MultithreadedTaskDispatcher with 12 workers.
[PhysX] Initialized MultithreadedTaskDispatcher with 12 workers.
 -> (artifact id: '9f712b85e62877a2d47ff08787f90aa3') in 1.658114 seconds
Number of updated asset objects reloaded before import = 0
Number of asset objects unloaded after import = 22
========================================================================
Received Import Request.
  Time since last request: 0.000031 seconds.
  path: Assets/Synty/PolygonGeneric/Prefabs/Environment/SM_Gen_Env_Fern_01.prefab
  artifactKey: Guid(a25dfe0a7afa444499605d59689b3287) Importer(815301076,1909f56bfc062723c751e8b465ee728b)
Start importing Assets/Synty/PolygonGeneric/Prefabs/Environment/SM_Gen_Env_Fern_01.prefab using Guid(a25dfe0a7afa444499605d59689b3287) Importer(815301076,1909f56bfc062723c751e8b465ee728b) [PhysX] Initialized MultithreadedTaskDispatcher with 12 workers.
[PhysX] Initialized MultithreadedTaskDispatcher with 12 workers.
 -> (artifact id: 'a0002acef290fb8ac0ba082975ca11ca') in 0.566087 seconds
Number of updated asset objects reloaded before import = 0
Number of asset objects unloaded after import = 12
========================================================================
Received Import Request.
  Time since last request: 0.000036 seconds.
  path: Assets/Synty/PolygonGeneric/Prefabs/Environment/SM_Gen_Env_Flowers_02.prefab
  artifactKey: Guid(aa35f0d597b8d974ea145589b1b16031) Importer(815301076,1909f56bfc062723c751e8b465ee728b)
Start importing Assets/Synty/PolygonGeneric/Prefabs/Environment/SM_Gen_Env_Flowers_02.prefab using Guid(aa35f0d597b8d974ea145589b1b16031) Importer(815301076,1909f56bfc062723c751e8b465ee728b) [PhysX] Initialized MultithreadedTaskDispatcher with 12 workers.
[PhysX] Initialized MultithreadedTaskDispatcher with 12 workers.
 -> (artifact id: '384a4706cdeb307688a60e34250dde57') in 0.464942 seconds
Number of updated asset objects reloaded before import = 0
Number of asset objects unloaded after import = 12
========================================================================
Received Import Request.
  Time since last request: 0.000026 seconds.
  path: Assets/Synty/PolygonGeneric/Prefabs/Environment/SM_Gen_Env_Bush_03.prefab
  artifactKey: Guid(a7366d14de7f1d2428a73c854ca3e093) Importer(815301076,1909f56bfc062723c751e8b465ee728b)
Start importing Assets/Synty/PolygonGeneric/Prefabs/Environment/SM_Gen_Env_Bush_03.prefab using Guid(a7366d14de7f1d2428a73c854ca3e093) Importer(815301076,1909f56bfc062723c751e8b465ee728b) [PhysX] Initialized MultithreadedTaskDispatcher with 12 workers.
[PhysX] Initialized MultithreadedTaskDispatcher with 12 workers.
 -> (artifact id: 'c9fd3926a9ba4d3ea6b8eb5cb996945b') in 0.472778 seconds
Number of updated asset objects reloaded before import = 0
Number of asset objects unloaded after import = 12
========================================================================
Received Import Request.
  Time since last request: 0.000068 seconds.
  path: Assets/Synty/PolygonGeneric/Prefabs/Environment/SM_Gen_Env_Cloud_02.prefab
  artifactKey: Guid(41808df6b98baea42937230454fa246f) Importer(815301076,1909f56bfc062723c751e8b465ee728b)
Start importing Assets/Synty/PolygonGeneric/Prefabs/Environment/SM_Gen_Env_Cloud_02.prefab using Guid(41808df6b98baea42937230454fa246f) Importer(815301076,1909f56bfc062723c751e8b465ee728b) [PhysX] Initialized MultithreadedTaskDispatcher with 12 workers.
[PhysX] Initialized MultithreadedTaskDispatcher with 12 workers.
 -> (artifact id: '3d1081d71410945fa7b1fc4039818cd1') in 0.030613 seconds
Number of updated asset objects reloaded before import = 0
Number of asset objects unloaded after import = 9
========================================================================
Received Import Request.
  Time since last request: 0.000028 seconds.
  path: Assets/Synty/PolygonGeneric/Prefabs/Environment/SM_Gen_Env_Dirt_Cliff_08.prefab
  artifactKey: Guid(8961f72670410b349bc2b8be42cdd12e) Importer(815301076,1909f56bfc062723c751e8b465ee728b)
Start importing Assets/Synty/PolygonGeneric/Prefabs/Environment/SM_Gen_Env_Dirt_Cliff_08.prefab using Guid(8961f72670410b349bc2b8be42cdd12e) Importer(815301076,1909f56bfc062723c751e8b465ee728b) [PhysX] Initialized MultithreadedTaskDispatcher with 12 workers.
[PhysX] Initialized MultithreadedTaskDispatcher with 12 workers.
 -> (artifact id: '56d416f729b86cafa53c032ae3a49f0c') in 0.545475 seconds
Number of updated asset objects reloaded before import = 0
Number of asset objects unloaded after import = 22
========================================================================
Received Import Request.
  Time since last request: 0.000023 seconds.
  path: Assets/Synty/PolygonGeneric/Prefabs/Environment/SM_Gen_Env_Bush_01.prefab
  artifactKey: Guid(37c84c10bc09ad14eb8854f863ea5b82) Importer(815301076,1909f56bfc062723c751e8b465ee728b)
Start importing Assets/Synty/PolygonGeneric/Prefabs/Environment/SM_Gen_Env_Bush_01.prefab using Guid(37c84c10bc09ad14eb8854f863ea5b82) Importer(815301076,1909f56bfc062723c751e8b465ee728b) [PhysX] Initialized MultithreadedTaskDispatcher with 12 workers.
[PhysX] Initialized MultithreadedTaskDispatcher with 12 workers.
 -> (artifact id: '46103641acc930fadafc25acb420347c') in 0.603139 seconds
Number of updated asset objects reloaded before import = 0
Number of asset objects unloaded after import = 12
========================================================================
Received Import Request.
  Time since last request: 0.000093 seconds.
  path: Assets/Synty/PolygonGeneric/Prefabs/Environment/SM_Gen_Env_Bush_Part_04.prefab
  artifactKey: Guid(66ac80e5433ccc449bef8f4363dac41c) Importer(815301076,1909f56bfc062723c751e8b465ee728b)
Start importing Assets/Synty/PolygonGeneric/Prefabs/Environment/SM_Gen_Env_Bush_Part_04.prefab using Guid(66ac80e5433ccc449bef8f4363dac41c) Importer(815301076,1909f56bfc062723c751e8b465ee728b) [PhysX] Initialized MultithreadedTaskDispatcher with 12 workers.
[PhysX] Initialized MultithreadedTaskDispatcher with 12 workers.
 -> (artifact id: '2766a918f22c4fff9cb35d6b6a85eea3') in 0.466992 seconds
Number of updated asset objects reloaded before import = 0
Number of asset objects unloaded after import = 12
========================================================================
Received Import Request.
  Time since last request: 1.165715 seconds.
  path: Assets/Synty/PolygonGeneric/Models/SM_Gen_Bld_Background_01.fbx
  artifactKey: Guid(3956c18b4bc2fe946b24ae101119f67e) Importer(815301076,1909f56bfc062723c751e8b465ee728b)
Start importing Assets/Synty/PolygonGeneric/Models/SM_Gen_Bld_Background_01.fbx using Guid(3956c18b4bc2fe946b24ae101119f67e) Importer(815301076,1909f56bfc062723c751e8b465ee728b) [PhysX] Initialized MultithreadedTaskDispatcher with 12 workers.
[PhysX] Initialized MultithreadedTaskDispatcher with 12 workers.
[PhysX] Initialized MultithreadedTaskDispatcher with 12 workers.
 -> (artifact id: 'aa90fce354d947b48df70502b709d028') in 0.058474 seconds
Number of updated asset objects reloaded before import = 0
Number of asset objects unloaded after import = 7
========================================================================
Received Import Request.
  Time since last request: 0.000034 seconds.
  path: Assets/Synty/PolygonGeneric/Models/SM_Gen_Bld_Background_09.fbx
  artifactKey: Guid(6ed3d38cbb9e05a4fa6e7de464cce10f) Importer(815301076,1909f56bfc062723c751e8b465ee728b)
Start importing Assets/Synty/PolygonGeneric/Models/SM_Gen_Bld_Background_09.fbx using Guid(6ed3d38cbb9e05a4fa6e7de464cce10f) Importer(815301076,1909f56bfc062723c751e8b465ee728b) [PhysX] Initialized MultithreadedTaskDispatcher with 12 workers.
[PhysX] Initialized MultithreadedTaskDispatcher with 12 workers.
[PhysX] Initialized MultithreadedTaskDispatcher with 12 workers.
 -> (artifact id: 'a85eec701d6d048397ae63355833391f') in 0.022407 seconds
Number of updated asset objects reloaded before import = 0
Number of asset objects unloaded after import = 7
========================================================================
Received Import Request.
  Time since last request: 0.000033 seconds.
  path: Assets/Synty/PolygonGeneric/Models/SM_Gen_Bld_Background_06.fbx
  artifactKey: Guid(eecd8c2baaf5741419fbdd66b96866cb) Importer(815301076,1909f56bfc062723c751e8b465ee728b)
Start importing Assets/Synty/PolygonGeneric/Models/SM_Gen_Bld_Background_06.fbx using Guid(eecd8c2baaf5741419fbdd66b96866cb) Importer(815301076,1909f56bfc062723c751e8b465ee728b) [PhysX] Initialized MultithreadedTaskDispatcher with 12 workers.
[PhysX] Initialized MultithreadedTaskDispatcher with 12 workers.
[PhysX] Initialized MultithreadedTaskDispatcher with 12 workers.
 -> (artifact id: '4c2a0a88c646d9be8f739c2a2c443a6b') in 0.018498 seconds
Number of updated asset objects reloaded before import = 0
Number of asset objects unloaded after import = 7
========================================================================
Received Import Request.
  Time since last request: 0.000019 seconds.
  path: Assets/Synty/PolygonGeneric/Models/SM_Gen_Bld_Pipe_Straight_01.fbx
  artifactKey: Guid(d10eca00e168e8b41a8750dbdc00f25b) Importer(815301076,1909f56bfc062723c751e8b465ee728b)
Start importing Assets/Synty/PolygonGeneric/Models/SM_Gen_Bld_Pipe_Straight_01.fbx using Guid(d10eca00e168e8b41a8750dbdc00f25b) Importer(815301076,1909f56bfc062723c751e8b465ee728b) [PhysX] Initialized MultithreadedTaskDispatcher with 12 workers.
[PhysX] Initialized MultithreadedTaskDispatcher with 12 workers.
[PhysX] Initialized MultithreadedTaskDispatcher with 12 workers.
 -> (artifact id: '943efdeaa8433ad354007f0fdda27479') in 0.018064 seconds
Number of updated asset objects reloaded before import = 0
Number of asset objects unloaded after import = 7
========================================================================
Received Import Request.
  Time since last request: 0.000019 seconds.
  path: Assets/Synty/PolygonGeneric/Models/SM_Gen_Bld_Pipe_Cross_01.fbx
  artifactKey: Guid(3c1188d8bc64a534d8ab9991c9c60398) Importer(815301076,1909f56bfc062723c751e8b465ee728b)
Start importing Assets/Synty/PolygonGeneric/Models/SM_Gen_Bld_Pipe_Cross_01.fbx using Guid(3c1188d8bc64a534d8ab9991c9c60398) Importer(815301076,1909f56bfc062723c751e8b465ee728b) [PhysX] Initialized MultithreadedTaskDispatcher with 12 workers.
[PhysX] Initialized MultithreadedTaskDispatcher with 12 workers.
[PhysX] Initialized MultithreadedTaskDispatcher with 12 workers.
 -> (artifact id: '56fb78d5f8697c057735320f618efb7b') in 0.018893 seconds
Number of updated asset objects reloaded before import = 0
Number of asset objects unloaded after import = 7
========================================================================
Received Import Request.
  Time since last request: 0.000025 seconds.
  path: Assets/Synty/PolygonGeneric/Models/SM_Gen_Bld_Pipe_Straight_02.fbx
  artifactKey: Guid(c980d8b7138464d47a68e0623676448a) Importer(815301076,1909f56bfc062723c751e8b465ee728b)
Start importing Assets/Synty/PolygonGeneric/Models/SM_Gen_Bld_Pipe_Straight_02.fbx using Guid(c980d8b7138464d47a68e0623676448a) Importer(815301076,1909f56bfc062723c751e8b465ee728b) [PhysX] Initialized MultithreadedTaskDispatcher with 12 workers.
[PhysX] Initialized MultithreadedTaskDispatcher with 12 workers.
[PhysX] Initialized MultithreadedTaskDispatcher with 12 workers.
 -> (artifact id: '5b0aa00e85d2ed07378b4924f163ebfe') in 0.017319 seconds
Number of updated asset objects reloaded before import = 0
Number of asset objects unloaded after import = 7
========================================================================
Received Import Request.
  Time since last request: 0.000021 seconds.
  path: Assets/Synty/PolygonGeneric/Models/SM_Gen_Bld_Background_04.fbx
  artifactKey: Guid(51da637f0c849154b980f25b75d18301) Importer(815301076,1909f56bfc062723c751e8b465ee728b)
Start importing Assets/Synty/PolygonGeneric/Models/SM_Gen_Bld_Background_04.fbx using Guid(51da637f0c849154b980f25b75d18301) Importer(815301076,1909f56bfc062723c751e8b465ee728b) [PhysX] Initialized MultithreadedTaskDispatcher with 12 workers.
[PhysX] Initialized MultithreadedTaskDispatcher with 12 workers.
[PhysX] Initialized MultithreadedTaskDispatcher with 12 workers.
 -> (artifact id: '9a1a8993afdbe038d4a97926158a2e1f') in 0.019337 seconds
Number of updated asset objects reloaded before import = 0
Number of asset objects unloaded after import = 7
========================================================================
Received Import Request.
  Time since last request: 3.579448 seconds.
  path: Assets/Synty/PolygonGeneric/Models/Base
  artifactKey: Guid(6f77f02a197e962418b782619883a0da) Importer(815301076,1909f56bfc062723c751e8b465ee728b)
Start importing Assets/Synty/PolygonGeneric/Models/Base using Guid(6f77f02a197e962418b782619883a0da) Importer(815301076,1909f56bfc062723c751e8b465ee728b) [PhysX] Initialized MultithreadedTaskDispatcher with 12 workers.
 -> (artifact id: '75c0a79496871c7812096e40cd2a594c') in 0.000637 seconds
Number of updated asset objects reloaded before import = 0
Number of asset objects unloaded after import = 0
========================================================================
Received Import Request.
  Time since last request: 0.059332 seconds.
  path: Assets/Synty/PolygonGeneric/Models/Base/SM_Bld_Base_45_Floor_01.fbx
  artifactKey: Guid(03af040de91fc38428d1f3eccf6b0298) Importer(815301076,1909f56bfc062723c751e8b465ee728b)
Start importing Assets/Synty/PolygonGeneric/Models/Base/SM_Bld_Base_45_Floor_01.fbx using Guid(03af040de91fc38428d1f3eccf6b0298) Importer(815301076,1909f56bfc062723c751e8b465ee728b) [PhysX] Initialized MultithreadedTaskDispatcher with 12 workers.
[PhysX] Initialized MultithreadedTaskDispatcher with 12 workers.
[PhysX] Initialized MultithreadedTaskDispatcher with 12 workers.
 -> (artifact id: 'd4b89666aa94aa7f8a7dc758d7aa131f') in 0.024094 seconds
Number of updated asset objects reloaded before import = 0
Number of asset objects unloaded after import = 7
========================================================================
Received Import Request.
  Time since last request: 0.000025 seconds.
  path: Assets/Synty/PolygonGeneric/Models/Base/SM_Bld_Base_Door_Large_01.fbx
  artifactKey: Guid(72fc38fbbe360064bac002a24a435538) Importer(815301076,1909f56bfc062723c751e8b465ee728b)
Start importing Assets/Synty/PolygonGeneric/Models/Base/SM_Bld_Base_Door_Large_01.fbx using Guid(72fc38fbbe360064bac002a24a435538) Importer(815301076,1909f56bfc062723c751e8b465ee728b) [PhysX] Initialized MultithreadedTaskDispatcher with 12 workers.
[PhysX] Initialized MultithreadedTaskDispatcher with 12 workers.
[PhysX] Initialized MultithreadedTaskDispatcher with 12 workers.
 -> (artifact id: '0729b2b39c42cf46dd3b0a44d49b48c6') in 0.117471 seconds
Number of updated asset objects reloaded before import = 0
Number of asset objects unloaded after import = 7
========================================================================
Received Import Request.
  Time since last request: 0.000026 seconds.
  path: Assets/Synty/PolygonGeneric/Models/Base/SM_Bld_Base_Floor_Combined_01.fbx
  artifactKey: Guid(8b73b57c6354adb4b962d4588d5dd3f1) Importer(815301076,1909f56bfc062723c751e8b465ee728b)
Start importing Assets/Synty/PolygonGeneric/Models/Base/SM_Bld_Base_Floor_Combined_01.fbx using Guid(8b73b57c6354adb4b962d4588d5dd3f1) Importer(815301076,1909f56bfc062723c751e8b465ee728b) [PhysX] Initialized MultithreadedTaskDispatcher with 12 workers.
[PhysX] Initialized MultithreadedTaskDispatcher with 12 workers.
[PhysX] Initialized MultithreadedTaskDispatcher with 12 workers.
 -> (artifact id: '193a611dc44ef2650deaf68266eb997f') in 0.037941 seconds
Number of updated asset objects reloaded before import = 0
Number of asset objects unloaded after import = 7
========================================================================
Received Import Request.
  Time since last request: 0.000031 seconds.
  path: Assets/Synty/PolygonGeneric/Models/Base/SM_Bld_Base_Floor_Round_01.fbx
  artifactKey: Guid(83bc277ffe4761945976ef37765dff4a) Importer(815301076,1909f56bfc062723c751e8b465ee728b)
Start importing Assets/Synty/PolygonGeneric/Models/Base/SM_Bld_Base_Floor_Round_01.fbx using Guid(83bc277ffe4761945976ef37765dff4a) Importer(815301076,1909f56bfc062723c751e8b465ee728b) [PhysX] Initialized MultithreadedTaskDispatcher with 12 workers.
[PhysX] Initialized MultithreadedTaskDispatcher with 12 workers.
[PhysX] Initialized MultithreadedTaskDispatcher with 12 workers.
 -> (artifact id: 'c1e55fdaabbacb61cfe894cab322ca64') in 0.025440 seconds
Number of updated asset objects reloaded before import = 0
Number of asset objects unloaded after import = 7
========================================================================
Received Import Request.
  Time since last request: 0.000038 seconds.
  path: Assets/Synty/PolygonGeneric/Models/Base/SM_Bld_Base_Ceiling_Half_01.fbx
  artifactKey: Guid(e94104464a0554d44a353482197d5a2a) Importer(815301076,1909f56bfc062723c751e8b465ee728b)
Start importing Assets/Synty/PolygonGeneric/Models/Base/SM_Bld_Base_Ceiling_Half_01.fbx using Guid(e94104464a0554d44a353482197d5a2a) Importer(815301076,1909f56bfc062723c751e8b465ee728b) [PhysX] Initialized MultithreadedTaskDispatcher with 12 workers.
[PhysX] Initialized MultithreadedTaskDispatcher with 12 workers.
[PhysX] Initialized MultithreadedTaskDispatcher with 12 workers.
 -> (artifact id: 'b272aabbb1108c9e38c2facfdb139ea0') in 0.021377 seconds
Number of updated asset objects reloaded before import = 0
Number of asset objects unloaded after import = 7
========================================================================
Received Import Request.
  Time since last request: 0.000022 seconds.
  path: Assets/Synty/PolygonGeneric/Models/Base/SM_Bld_Base_Floor_Quarter_Combined_01.fbx
  artifactKey: Guid(de8a587e0ef469d408222ea1d60262c6) Importer(815301076,1909f56bfc062723c751e8b465ee728b)
Start importing Assets/Synty/PolygonGeneric/Models/Base/SM_Bld_Base_Floor_Quarter_Combined_01.fbx using Guid(de8a587e0ef469d408222ea1d60262c6) Importer(815301076,1909f56bfc062723c751e8b465ee728b) [PhysX] Initialized MultithreadedTaskDispatcher with 12 workers.
[PhysX] Initialized MultithreadedTaskDispatcher with 12 workers.
[PhysX] Initialized MultithreadedTaskDispatcher with 12 workers.
 -> (artifact id: '73a22bf244d4af3300f7dfc52fda5111') in 0.021932 seconds
Number of updated asset objects reloaded before import = 0
Number of asset objects unloaded after import = 7
========================================================================
Received Import Request.
  Time since last request: 0.000022 seconds.
  path: Assets/Synty/PolygonGeneric/Models/Base/SM_Bld_Base_Ceiling_45_01.fbx
  artifactKey: Guid(0caea0e741bbd6849a83a6067f98c939) Importer(815301076,1909f56bfc062723c751e8b465ee728b)
Start importing Assets/Synty/PolygonGeneric/Models/Base/SM_Bld_Base_Ceiling_45_01.fbx using Guid(0caea0e741bbd6849a83a6067f98c939) Importer(815301076,1909f56bfc062723c751e8b465ee728b) [PhysX] Initialized MultithreadedTaskDispatcher with 12 workers.
[PhysX] Initialized MultithreadedTaskDispatcher with 12 workers.
[PhysX] Initialized MultithreadedTaskDispatcher with 12 workers.
 -> (artifact id: 'e39698fed059d85e59ab3327103635c8') in 0.029794 seconds
Number of updated asset objects reloaded before import = 0
Number of asset objects unloaded after import = 7
========================================================================
Received Import Request.
  Time since last request: 0.000025 seconds.
  path: Assets/Synty/PolygonGeneric/Models/Base/SM_Bld_Base_Pillar_03.fbx
  artifactKey: Guid(3a83c3a2347f0594a87858b35f7eb788) Importer(815301076,1909f56bfc062723c751e8b465ee728b)
Start importing Assets/Synty/PolygonGeneric/Models/Base/SM_Bld_Base_Pillar_03.fbx using Guid(3a83c3a2347f0594a87858b35f7eb788) Importer(815301076,1909f56bfc062723c751e8b465ee728b) [PhysX] Initialized MultithreadedTaskDispatcher with 12 workers.
[PhysX] Initialized MultithreadedTaskDispatcher with 12 workers.
[PhysX] Initialized MultithreadedTaskDispatcher with 12 workers.
 -> (artifact id: '4dce3d707af0fc683dd6924503e3ed54') in 0.021032 seconds
Number of updated asset objects reloaded before import = 0
Number of asset objects unloaded after import = 7
========================================================================
Received Prepare
Caller must complete domain reload
Begin MonoManager ReloadAssembly
- Loaded All Assemblies, in  0.566 seconds
Native extension for WindowsStandalone target not found
Native extension for iOS target not found
Native extension for Android target not found
Mono: successfully reloaded assembly
[Package Manager] Server::EnsureServerProcessIsRunning -- launch failed, reason: Unity was launched with the -noUpm command-line argument
[Package Manager] UpmClient::Send -- Unable to send message (not connected to UPM process).
[Package Manager] Cannot connect to Unity Package Manager local server
- Finished resetting the current domain, in  1.778 seconds
Domain Reload Profiling: 2340ms
	BeginReloadAssembly (171ms)
		ExecutionOrderSort (0ms)
		DisableScriptedObjects (4ms)
		BackupInstance (0ms)
		ReleaseScriptingObjects (0ms)
		CreateAndSetChildDomain (44ms)
	RebuildCommonClasses (37ms)
	RebuildNativeTypeToScriptingClass (12ms)
	initialDomainReloadingComplete (41ms)
	LoadAllAssembliesAndSetupDomain (301ms)
		LoadAssemblies (366ms)
		RebuildTransferFunctionScriptingTraits (0ms)
		AnalyzeDomain (24ms)
			TypeCache.Refresh (12ms)
				TypeCache.ScanAssembly (0ms)
			ScanForSourceGeneratedMonoScriptInfo (0ms)
			ResolveRequiredComponents (10ms)
	FinalizeReload (1779ms)
		ReleaseScriptCaches (0ms)
		RebuildScriptCaches (0ms)
		SetupLoadedEditorAssemblies (636ms)
			LogAssemblyErrors (0ms)
			InitializePlatformSupportModulesInManaged (38ms)
			SetLoadedEditorAssemblies (6ms)
			RefreshPlugins (0ms)
			BeforeProcessingInitializeOnLoad (103ms)
			ProcessInitializeOnLoadAttributes (388ms)
			ProcessInitializeOnLoadMethodAttributes (85ms)
			AfterProcessingInitializeOnLoad (16ms)
			EditorAssembliesLoaded (0ms)
		ExecutionOrderSort2 (0ms)
		AwakeInstancesAfterBackupRestoration (13ms)
Refreshing native plugins compatible for Editor in 8.43 ms, found 4 plugins.
Preloading 0 native plugins for Editor in 0.00 ms.
Unloading 5299 Unused Serialized files (Serialized files now loaded: 0)
Unloading 19 unused Assets / (481.5 KB). Loaded Objects now: 5845.
Memory consumption went from 181.9 MB to 181.4 MB.
Total: 3.866400 ms (FindLiveObjects: 0.421100 ms CreateObjectMapping: 0.505800 ms MarkObjects: 2.765300 ms  DeleteObjects: 0.173500 ms)

Prepare: number of updated asset objects reloaded= 0
AssetImportParameters requested are different than current active one (requested -> active):
  custom:container-demuxer-ogg: 62fdf1f143b41e24485cea50d1cbac27 -> 
  custom:video-codec-MediaFoundation-h265: 746d11721c4dcdbdad8f713fa42b33f4 -> 
  custom:video-decoder-ogg-theora: a1e56fd34408186e4bbccfd4996cb3dc -> 
  custom:framework-win-MediaFoundation: 216162199b28c13a410421893ffa2e32 -> 
  custom:CustomObjectIndexerAttribute: 9a22284fe3817be447336de3de66b15e -> 
  custom:container-demuxer-webm: 4f35f7cbe854078d1ac9338744f61a02 -> 
  custom:container-muxer-webm: aa71ff27fc2769a1b78a27578f13a17b -> 
  custom:video-decoder-webm-vp8: 9c59270c3fd7afecdb556c50c9e8de78 -> 
  custom:SearchIndexIgnoredProperties: e643bd26f0fe6173181afceb89e7c659 -> 
  custom:AudioImporter_EditorPlatform: d09bf68614088b80899f8185d706f6e7 -> 
  custom:video-encoder-webm-vp8: eb34c28f22e8b96e1ab97ce403110664 -> 
  custom:audio-decoder-ogg-vorbis: bf7c407c2cedff20999df2af8eb42d56 -> 
  custom:audio-encoder-webm-vorbis: bf7c407c2cedff20999df2af8eb42d56 -> 
========================================================================
Received Import Request.
  Time since last request: 182.140396 seconds.
  path: Assets/Synty/PolygonGeneric/Models/SM_Gen_Bld_Pipe_Straight_03.fbx
  artifactKey: Guid(d692ca05e77d9c148b66c08bee9bd9cd) Importer(815301076,1909f56bfc062723c751e8b465ee728b)
Start importing Assets/Synty/PolygonGeneric/Models/SM_Gen_Bld_Pipe_Straight_03.fbx using Guid(d692ca05e77d9c148b66c08bee9bd9cd) Importer(815301076,1909f56bfc062723c751e8b465ee728b) [PhysX] Initialized MultithreadedTaskDispatcher with 12 workers.
[PhysX] Initialized MultithreadedTaskDispatcher with 12 workers.
[PhysX] Initialized MultithreadedTaskDispatcher with 12 workers.
 -> (artifact id: 'a0f1df90d879e0c1684996faefaf4e83') in 0.112760 seconds
Number of updated asset objects reloaded before import = 0
Number of asset objects unloaded after import = 7
========================================================================
Received Import Request.
  Time since last request: 0.000025 seconds.
  path: Assets/Synty/PolygonGeneric/Models/SM_Gen_Env_Bush_02.fbx
  artifactKey: Guid(7a585de584c403448a31dbb94917dcc8) Importer(815301076,1909f56bfc062723c751e8b465ee728b)
Start importing Assets/Synty/PolygonGeneric/Models/SM_Gen_Env_Bush_02.fbx using Guid(7a585de584c403448a31dbb94917dcc8) Importer(815301076,1909f56bfc062723c751e8b465ee728b) [PhysX] Initialized MultithreadedTaskDispatcher with 12 workers.
[PhysX] Initialized MultithreadedTaskDispatcher with 12 workers.
[PhysX] Initialized MultithreadedTaskDispatcher with 12 workers.
 -> (artifact id: 'd7a06a814b1f77c00eda3f175d812c02') in 0.021174 seconds
Number of updated asset objects reloaded before import = 0
Number of asset objects unloaded after import = 7
========================================================================
Received Import Request.
  Time since last request: 0.000021 seconds.
  path: Assets/Synty/PolygonGeneric/Models/SM_Gen_Env_Background_Mountain_03.fbx
  artifactKey: Guid(91bcbc2ebd29cff48bc392143620974e) Importer(815301076,1909f56bfc062723c751e8b465ee728b)
Start importing Assets/Synty/PolygonGeneric/Models/SM_Gen_Env_Background_Mountain_03.fbx using Guid(91bcbc2ebd29cff48bc392143620974e) Importer(815301076,1909f56bfc062723c751e8b465ee728b) [PhysX] Initialized MultithreadedTaskDispatcher with 12 workers.
[PhysX] Initialized MultithreadedTaskDispatcher with 12 workers.
[PhysX] Initialized MultithreadedTaskDispatcher with 12 workers.
 -> (artifact id: '01549ce4f68b76040451c952ec3cae08') in 0.018147 seconds
Number of updated asset objects reloaded before import = 0
Number of asset objects unloaded after import = 7
========================================================================
Received Import Request.
  Time since last request: 0.000023 seconds.
  path: Assets/Synty/PolygonGeneric/Models/SM_Gen_Env_Background_Mountain_02.fbx
  artifactKey: Guid(2ae915ed8a085d440bb1587652187911) Importer(815301076,1909f56bfc062723c751e8b465ee728b)
Start importing Assets/Synty/PolygonGeneric/Models/SM_Gen_Env_Background_Mountain_02.fbx using Guid(2ae915ed8a085d440bb1587652187911) Importer(815301076,1909f56bfc062723c751e8b465ee728b) [PhysX] Initialized MultithreadedTaskDispatcher with 12 workers.
[PhysX] Initialized MultithreadedTaskDispatcher with 12 workers.
[PhysX] Initialized MultithreadedTaskDispatcher with 12 workers.
 -> (artifact id: 'd1fea106de31b0f8dbf58739449cc9e3') in 0.016437 seconds
Number of updated asset objects reloaded before import = 0
Number of asset objects unloaded after import = 7
========================================================================
Received Import Request.
  Time since last request: 0.214774 seconds.
  path: Assets/Synty/PolygonGeneric/Models/SM_Gen_Env_Bush_03.fbx
  artifactKey: Guid(9e8918d1557d49c4ba16e25bec801834) Importer(815301076,1909f56bfc062723c751e8b465ee728b)
Start importing Assets/Synty/PolygonGeneric/Models/SM_Gen_Env_Bush_03.fbx using Guid(9e8918d1557d49c4ba16e25bec801834) Importer(815301076,1909f56bfc062723c751e8b465ee728b) [PhysX] Initialized MultithreadedTaskDispatcher with 12 workers.
[PhysX] Initialized MultithreadedTaskDispatcher with 12 workers.
[PhysX] Initialized MultithreadedTaskDispatcher with 12 workers.
 -> (artifact id: '36dace012150c6c15a782e1a5961be2f') in 0.017922 seconds
Number of updated asset objects reloaded before import = 0
Number of asset objects unloaded after import = 7
========================================================================
Received Import Request.
  Time since last request: 0.000015 seconds.
  path: Assets/Synty/PolygonGeneric/Models/SM_Gen_Env_Bush_Large_02.fbx
  artifactKey: Guid(2e774b33561a6164896f3304b07526e1) Importer(815301076,1909f56bfc062723c751e8b465ee728b)
Start importing Assets/Synty/PolygonGeneric/Models/SM_Gen_Env_Bush_Large_02.fbx using Guid(2e774b33561a6164896f3304b07526e1) Importer(815301076,1909f56bfc062723c751e8b465ee728b) [PhysX] Initialized MultithreadedTaskDispatcher with 12 workers.
[PhysX] Initialized MultithreadedTaskDispatcher with 12 workers.
[PhysX] Initialized MultithreadedTaskDispatcher with 12 workers.
 -> (artifact id: '4a24b36bca091b6c16d70cfa67e1a2c3') in 0.017492 seconds
Number of updated asset objects reloaded before import = 0
Number of asset objects unloaded after import = 7
========================================================================
Received Import Request.
  Time since last request: 0.000021 seconds.
  path: Assets/Synty/PolygonGeneric/Models/SM_Gen_Env_Bush_Part_02.fbx
  artifactKey: Guid(79255d8333d113e4c9307a3142a991ac) Importer(815301076,1909f56bfc062723c751e8b465ee728b)
Start importing Assets/Synty/PolygonGeneric/Models/SM_Gen_Env_Bush_Part_02.fbx using Guid(79255d8333d113e4c9307a3142a991ac) Importer(815301076,1909f56bfc062723c751e8b465ee728b) [PhysX] Initialized MultithreadedTaskDispatcher with 12 workers.
[PhysX] Initialized MultithreadedTaskDispatcher with 12 workers.
[PhysX] Initialized MultithreadedTaskDispatcher with 12 workers.
 -> (artifact id: '0d489860a59892e949f497c31bb3a9ca') in 0.018948 seconds
Number of updated asset objects reloaded before import = 0
Number of asset objects unloaded after import = 7
========================================================================
Received Import Request.
  Time since last request: 0.000015 seconds.
  path: Assets/Synty/PolygonGeneric/Models/SM_Gen_Env_Bush_Part_01.fbx
  artifactKey: Guid(d644098581a4b43468d9192ec8fa4b2f) Importer(815301076,1909f56bfc062723c751e8b465ee728b)
Start importing Assets/Synty/PolygonGeneric/Models/SM_Gen_Env_Bush_Part_01.fbx using Guid(d644098581a4b43468d9192ec8fa4b2f) Importer(815301076,1909f56bfc062723c751e8b465ee728b) [PhysX] Initialized MultithreadedTaskDispatcher with 12 workers.
[PhysX] Initialized MultithreadedTaskDispatcher with 12 workers.
[PhysX] Initialized MultithreadedTaskDispatcher with 12 workers.
 -> (artifact id: '9c937d4681e058f769d92a0e13119f79') in 0.017530 seconds
Number of updated asset objects reloaded before import = 0
Number of asset objects unloaded after import = 7
========================================================================
Received Import Request.
  Time since last request: 1.366799 seconds.
  path: Assets/Synty/PolygonGeneric/Models/SM_Gen_Env_Bush_Part_03.fbx
  artifactKey: Guid(8f933770e4678a341b8a0fb916264a58) Importer(815301076,1909f56bfc062723c751e8b465ee728b)
Start importing Assets/Synty/PolygonGeneric/Models/SM_Gen_Env_Bush_Part_03.fbx using Guid(8f933770e4678a341b8a0fb916264a58) Importer(815301076,1909f56bfc062723c751e8b465ee728b) [PhysX] Initialized MultithreadedTaskDispatcher with 12 workers.
[PhysX] Initialized MultithreadedTaskDispatcher with 12 workers.
[PhysX] Initialized MultithreadedTaskDispatcher with 12 workers.
 -> (artifact id: 'b51f59fdb70c5c89cf2c508bcf86c87f') in 0.018775 seconds
Number of updated asset objects reloaded before import = 0
Number of asset objects unloaded after import = 7
========================================================================
Received Import Request.
  Time since last request: 0.000020 seconds.
  path: Assets/Synty/PolygonGeneric/Models/SM_Gen_Env_Cliff_02.fbx
  artifactKey: Guid(d6b5ff59ba1d97947a25d8882bbe944f) Importer(815301076,1909f56bfc062723c751e8b465ee728b)
Start importing Assets/Synty/PolygonGeneric/Models/SM_Gen_Env_Cliff_02.fbx using Guid(d6b5ff59ba1d97947a25d8882bbe944f) Importer(815301076,1909f56bfc062723c751e8b465ee728b) [PhysX] Initialized MultithreadedTaskDispatcher with 12 workers.
[PhysX] Initialized MultithreadedTaskDispatcher with 12 workers.
[PhysX] Initialized MultithreadedTaskDispatcher with 12 workers.
 -> (artifact id: '92c19ee329aea48d8573c83c0f60f0ba') in 0.020179 seconds
Number of updated asset objects reloaded before import = 0
Number of asset objects unloaded after import = 7
========================================================================
Received Import Request.
  Time since last request: 0.000015 seconds.
  path: Assets/Synty/PolygonGeneric/Models/SM_Gen_Env_Cliff_04.fbx
  artifactKey: Guid(dcb482a77d280234989bd2eac1b0a3fd) Importer(815301076,1909f56bfc062723c751e8b465ee728b)
Start importing Assets/Synty/PolygonGeneric/Models/SM_Gen_Env_Cliff_04.fbx using Guid(dcb482a77d280234989bd2eac1b0a3fd) Importer(815301076,1909f56bfc062723c751e8b465ee728b) [PhysX] Initialized MultithreadedTaskDispatcher with 12 workers.
[PhysX] Initialized MultithreadedTaskDispatcher with 12 workers.
[PhysX] Initialized MultithreadedTaskDispatcher with 12 workers.
 -> (artifact id: 'df758367b7092fc8a938a297d308316b') in 0.017666 seconds
Number of updated asset objects reloaded before import = 0
Number of asset objects unloaded after import = 7
========================================================================
Received Import Request.
  Time since last request: 0.000016 seconds.
  path: Assets/Synty/PolygonGeneric/Models/SM_Gen_Env_Bush_Part_06.fbx
  artifactKey: Guid(fd89957c990d020418ebc657d3f8c0e1) Importer(815301076,1909f56bfc062723c751e8b465ee728b)
Start importing Assets/Synty/PolygonGeneric/Models/SM_Gen_Env_Bush_Part_06.fbx using Guid(fd89957c990d020418ebc657d3f8c0e1) Importer(815301076,1909f56bfc062723c751e8b465ee728b) [PhysX] Initialized MultithreadedTaskDispatcher with 12 workers.
[PhysX] Initialized MultithreadedTaskDispatcher with 12 workers.
[PhysX] Initialized MultithreadedTaskDispatcher with 12 workers.
 -> (artifact id: 'ba758b61de36d70fcb17662eb1223e6d') in 0.017629 seconds
Number of updated asset objects reloaded before import = 0
Number of asset objects unloaded after import = 7
========================================================================
Received Import Request.
  Time since last request: 0.303436 seconds.
  path: Assets/Synty/PolygonGeneric/Models/SM_Gen_Env_Cliff_Arch_01.fbx
  artifactKey: Guid(7dd872f3350a21f44815831e33aaa23d) Importer(815301076,1909f56bfc062723c751e8b465ee728b)
Start importing Assets/Synty/PolygonGeneric/Models/SM_Gen_Env_Cliff_Arch_01.fbx using Guid(7dd872f3350a21f44815831e33aaa23d) Importer(815301076,1909f56bfc062723c751e8b465ee728b) [PhysX] Initialized MultithreadedTaskDispatcher with 12 workers.
[PhysX] Initialized MultithreadedTaskDispatcher with 12 workers.
[PhysX] Initialized MultithreadedTaskDispatcher with 12 workers.
 -> (artifact id: 'a6b68ef06735c6123500ca20bf61a476') in 0.017225 seconds
Number of updated asset objects reloaded before import = 0
Number of asset objects unloaded after import = 7
========================================================================
Received Import Request.
  Time since last request: 0.000016 seconds.
  path: Assets/Synty/PolygonGeneric/Models/SM_Gen_Env_Cloud_Ring_01.fbx
  artifactKey: Guid(7d6f45bd4afb0a6408dec6abce521c1b) Importer(815301076,1909f56bfc062723c751e8b465ee728b)
Start importing Assets/Synty/PolygonGeneric/Models/SM_Gen_Env_Cloud_Ring_01.fbx using Guid(7d6f45bd4afb0a6408dec6abce521c1b) Importer(815301076,1909f56bfc062723c751e8b465ee728b) [PhysX] Initialized MultithreadedTaskDispatcher with 12 workers.
[PhysX] Initialized MultithreadedTaskDispatcher with 12 workers.
[PhysX] Initialized MultithreadedTaskDispatcher with 12 workers.
 -> (artifact id: '4eec1360f5b3cfaed4e3ce995da7268e') in 0.021581 seconds
Number of updated asset objects reloaded before import = 0
Number of asset objects unloaded after import = 7
========================================================================
Received Import Request.
  Time since last request: 0.000017 seconds.
  path: Assets/Synty/PolygonGeneric/Models/SM_Gen_Env_Cloud_03.fbx
  artifactKey: Guid(e8abe15fa4858004199780b16a79d061) Importer(815301076,1909f56bfc062723c751e8b465ee728b)
Start importing Assets/Synty/PolygonGeneric/Models/SM_Gen_Env_Cloud_03.fbx using Guid(e8abe15fa4858004199780b16a79d061) Importer(815301076,1909f56bfc062723c751e8b465ee728b) [PhysX] Initialized MultithreadedTaskDispatcher with 12 workers.
[PhysX] Initialized MultithreadedTaskDispatcher with 12 workers.
[PhysX] Initialized MultithreadedTaskDispatcher with 12 workers.
 -> (artifact id: 'd4259310e4a9612fe22446ecd826e66c') in 0.021817 seconds
Number of updated asset objects reloaded before import = 0
Number of asset objects unloaded after import = 7
========================================================================
Received Import Request.
  Time since last request: 0.000022 seconds.
  path: Assets/Synty/PolygonGeneric/Models/SM_Gen_Env_Cloud_01.fbx
  artifactKey: Guid(9e1c9dedb2a161d4ea71d7ec42e5a12a) Importer(815301076,1909f56bfc062723c751e8b465ee728b)
Start importing Assets/Synty/PolygonGeneric/Models/SM_Gen_Env_Cloud_01.fbx using Guid(9e1c9dedb2a161d4ea71d7ec42e5a12a) Importer(815301076,1909f56bfc062723c751e8b465ee728b) [PhysX] Initialized MultithreadedTaskDispatcher with 12 workers.
[PhysX] Initialized MultithreadedTaskDispatcher with 12 workers.
[PhysX] Initialized MultithreadedTaskDispatcher with 12 workers.
 -> (artifact id: '42089833a334ed43194006563258c025') in 0.019261 seconds
Number of updated asset objects reloaded before import = 0
Number of asset objects unloaded after import = 7
========================================================================
Received Import Request.
  Time since last request: 0.000020 seconds.
  path: Assets/Synty/PolygonGeneric/Models/SM_Gen_Env_Dirt_Cliff_06.fbx
  artifactKey: Guid(40b2ed4691082264b806efbd36ad1119) Importer(815301076,1909f56bfc062723c751e8b465ee728b)
Start importing Assets/Synty/PolygonGeneric/Models/SM_Gen_Env_Dirt_Cliff_06.fbx using Guid(40b2ed4691082264b806efbd36ad1119) Importer(815301076,1909f56bfc062723c751e8b465ee728b) [PhysX] Initialized MultithreadedTaskDispatcher with 12 workers.
[PhysX] Initialized MultithreadedTaskDispatcher with 12 workers.
[PhysX] Initialized MultithreadedTaskDispatcher with 12 workers.
 -> (artifact id: 'fdd4cf541c9fd20fd67f30a1ff99b4f9') in 0.017358 seconds
Number of updated asset objects reloaded before import = 0
Number of asset objects unloaded after import = 7
========================================================================
Received Import Request.
  Time since last request: 0.000023 seconds.
  path: Assets/Synty/PolygonGeneric/Models/SM_Gen_Env_Dirt_Cliff_03.fbx
  artifactKey: Guid(cac1cd632b1f3c24d9072c35eefe44ad) Importer(815301076,1909f56bfc062723c751e8b465ee728b)
Start importing Assets/Synty/PolygonGeneric/Models/SM_Gen_Env_Dirt_Cliff_03.fbx using Guid(cac1cd632b1f3c24d9072c35eefe44ad) Importer(815301076,1909f56bfc062723c751e8b465ee728b) [PhysX] Initialized MultithreadedTaskDispatcher with 12 workers.
[PhysX] Initialized MultithreadedTaskDispatcher with 12 workers.
[PhysX] Initialized MultithreadedTaskDispatcher with 12 workers.
 -> (artifact id: '945371de86a84561b56cd54a69d038f7') in 0.018759 seconds
Number of updated asset objects reloaded before import = 0
Number of asset objects unloaded after import = 7
========================================================================
Received Import Request.
  Time since last request: 0.000016 seconds.
  path: Assets/Synty/PolygonGeneric/Models/SM_Gen_Env_Dirt_Cliff_04.fbx
  artifactKey: Guid(a863a657240c1504290d3c5739bacc93) Importer(815301076,1909f56bfc062723c751e8b465ee728b)
Start importing Assets/Synty/PolygonGeneric/Models/SM_Gen_Env_Dirt_Cliff_04.fbx using Guid(a863a657240c1504290d3c5739bacc93) Importer(815301076,1909f56bfc062723c751e8b465ee728b) [PhysX] Initialized MultithreadedTaskDispatcher with 12 workers.
[PhysX] Initialized MultithreadedTaskDispatcher with 12 workers.
[PhysX] Initialized MultithreadedTaskDispatcher with 12 workers.
 -> (artifact id: '6025e39b2c12b877dddf216886d73b7f') in 0.018157 seconds
Number of updated asset objects reloaded before import = 0
Number of asset objects unloaded after import = 7
========================================================================
Received Import Request.
  Time since last request: 0.000021 seconds.
  path: Assets/Synty/PolygonGeneric/Models/SM_Gen_Env_Fern_01.fbx
  artifactKey: Guid(32920698945b72c4aaca367952f86dea) Importer(815301076,1909f56bfc062723c751e8b465ee728b)
Start importing Assets/Synty/PolygonGeneric/Models/SM_Gen_Env_Fern_01.fbx using Guid(32920698945b72c4aaca367952f86dea) Importer(815301076,1909f56bfc062723c751e8b465ee728b) [PhysX] Initialized MultithreadedTaskDispatcher with 12 workers.
[PhysX] Initialized MultithreadedTaskDispatcher with 12 workers.
[PhysX] Initialized MultithreadedTaskDispatcher with 12 workers.
 -> (artifact id: '2a1f6bc0ecd1a4b1098fea730914a966') in 0.018145 seconds
Number of updated asset objects reloaded before import = 0
Number of asset objects unloaded after import = 7
========================================================================
Received Import Request.
  Time since last request: 0.488627 seconds.
  path: Assets/Synty/PolygonGeneric/Models/SM_Gen_Env_Fern_02.fbx
  artifactKey: Guid(b28fd0c70c5433c4d9c599fb16cd3a93) Importer(815301076,1909f56bfc062723c751e8b465ee728b)
Start importing Assets/Synty/PolygonGeneric/Models/SM_Gen_Env_Fern_02.fbx using Guid(b28fd0c70c5433c4d9c599fb16cd3a93) Importer(815301076,1909f56bfc062723c751e8b465ee728b) [PhysX] Initialized MultithreadedTaskDispatcher with 12 workers.
[PhysX] Initialized MultithreadedTaskDispatcher with 12 workers.
[PhysX] Initialized MultithreadedTaskDispatcher with 12 workers.
 -> (artifact id: '932b7a7c3c3743a43cfbd9fb29e407b5') in 0.017821 seconds
Number of updated asset objects reloaded before import = 0
Number of asset objects unloaded after import = 7
========================================================================
Received Import Request.
  Time since last request: 0.000095 seconds.
  path: Assets/Synty/PolygonGeneric/Models/SM_Gen_Env_Flowers_04.fbx
  artifactKey: Guid(e6e0b1949fee77d44af84a71fa426764) Importer(815301076,1909f56bfc062723c751e8b465ee728b)
Start importing Assets/Synty/PolygonGeneric/Models/SM_Gen_Env_Flowers_04.fbx using Guid(e6e0b1949fee77d44af84a71fa426764) Importer(815301076,1909f56bfc062723c751e8b465ee728b) [PhysX] Initialized MultithreadedTaskDispatcher with 12 workers.
[PhysX] Initialized MultithreadedTaskDispatcher with 12 workers.
[PhysX] Initialized MultithreadedTaskDispatcher with 12 workers.
 -> (artifact id: 'a25edc3266a8e16c7e2d6885a46fb62c') in 0.018436 seconds
Number of updated asset objects reloaded before import = 0
Number of asset objects unloaded after import = 7
========================================================================
Received Import Request.
  Time since last request: 0.000019 seconds.
  path: Assets/Synty/PolygonGeneric/Models/SM_Gen_Env_Flowers_06.fbx
  artifactKey: Guid(bba8dd5d4b118c549a36e542cb488049) Importer(815301076,1909f56bfc062723c751e8b465ee728b)
Start importing Assets/Synty/PolygonGeneric/Models/SM_Gen_Env_Flowers_06.fbx using Guid(bba8dd5d4b118c549a36e542cb488049) Importer(815301076,1909f56bfc062723c751e8b465ee728b) [PhysX] Initialized MultithreadedTaskDispatcher with 12 workers.
[PhysX] Initialized MultithreadedTaskDispatcher with 12 workers.
[PhysX] Initialized MultithreadedTaskDispatcher with 12 workers.
 -> (artifact id: 'be4a8d27f7563c96e6696c689dd98d3d') in 0.019771 seconds
Number of updated asset objects reloaded before import = 0
Number of asset objects unloaded after import = 7
========================================================================
Received Import Request.
  Time since last request: 0.000024 seconds.
  path: Assets/Synty/PolygonGeneric/Models/SM_Gen_Env_Flowers_05.fbx
  artifactKey: Guid(882bf0e6168d7134fb7dcf023f9dd0db) Importer(815301076,1909f56bfc062723c751e8b465ee728b)
Start importing Assets/Synty/PolygonGeneric/Models/SM_Gen_Env_Flowers_05.fbx using Guid(882bf0e6168d7134fb7dcf023f9dd0db) Importer(815301076,1909f56bfc062723c751e8b465ee728b) [PhysX] Initialized MultithreadedTaskDispatcher with 12 workers.
[PhysX] Initialized MultithreadedTaskDispatcher with 12 workers.
[PhysX] Initialized MultithreadedTaskDispatcher with 12 workers.
 -> (artifact id: 'ba1a6ab54929ae5f31263dca39c8d4a1') in 0.018064 seconds
Number of updated asset objects reloaded before import = 0
Number of asset objects unloaded after import = 7
========================================================================
Received Import Request.
  Time since last request: 0.354297 seconds.
  path: Assets/Synty/PolygonGeneric/Models/SM_Gen_Env_Flowers_07.fbx
  artifactKey: Guid(fb95186f12330a946a2f786b4ca05e2d) Importer(815301076,1909f56bfc062723c751e8b465ee728b)
Start importing Assets/Synty/PolygonGeneric/Models/SM_Gen_Env_Flowers_07.fbx using Guid(fb95186f12330a946a2f786b4ca05e2d) Importer(815301076,1909f56bfc062723c751e8b465ee728b) [PhysX] Initialized MultithreadedTaskDispatcher with 12 workers.
[PhysX] Initialized MultithreadedTaskDispatcher with 12 workers.
[PhysX] Initialized MultithreadedTaskDispatcher with 12 workers.
 -> (artifact id: '5e919bc032f7ef92019a104d08da1e79') in 0.019041 seconds
Number of updated asset objects reloaded before import = 0
Number of asset objects unloaded after import = 7
========================================================================
Received Import Request.
  Time since last request: 0.000017 seconds.
  path: Assets/Synty/PolygonGeneric/Models/SM_Gen_Env_Grass_05.fbx
  artifactKey: Guid(36ad3c1daaa4b5e4b9b5c038fb03b95a) Importer(815301076,1909f56bfc062723c751e8b465ee728b)
Start importing Assets/Synty/PolygonGeneric/Models/SM_Gen_Env_Grass_05.fbx using Guid(36ad3c1daaa4b5e4b9b5c038fb03b95a) Importer(815301076,1909f56bfc062723c751e8b465ee728b) [PhysX] Initialized MultithreadedTaskDispatcher with 12 workers.
[PhysX] Initialized MultithreadedTaskDispatcher with 12 workers.
[PhysX] Initialized MultithreadedTaskDispatcher with 12 workers.
 -> (artifact id: '5464df61f9d28d49a6efc145f94fce97') in 0.017929 seconds
Number of updated asset objects reloaded before import = 0
Number of asset objects unloaded after import = 7
========================================================================
Received Import Request.
  Time since last request: 0.000019 seconds.
  path: Assets/Synty/PolygonGeneric/Models/SM_Gen_Env_Grass_04.fbx
  artifactKey: Guid(bf5a7921f8fa50f4ea16d27a10d89a09) Importer(815301076,1909f56bfc062723c751e8b465ee728b)
Start importing Assets/Synty/PolygonGeneric/Models/SM_Gen_Env_Grass_04.fbx using Guid(bf5a7921f8fa50f4ea16d27a10d89a09) Importer(815301076,1909f56bfc062723c751e8b465ee728b) [PhysX] Initialized MultithreadedTaskDispatcher with 12 workers.
[PhysX] Initialized MultithreadedTaskDispatcher with 12 workers.
[PhysX] Initialized MultithreadedTaskDispatcher with 12 workers.
 -> (artifact id: '2903b42756f6a2d5ce8dd9cd4506f5d0') in 0.020247 seconds
Number of updated asset objects reloaded before import = 0
Number of asset objects unloaded after import = 7
========================================================================
Received Import Request.
  Time since last request: 0.000017 seconds.
  path: Assets/Synty/PolygonGeneric/Models/SM_Gen_Env_Ground_Dirt_02.fbx
  artifactKey: Guid(f1f4999fff8548d42aa90af1083c8057) Importer(815301076,1909f56bfc062723c751e8b465ee728b)
Start importing Assets/Synty/PolygonGeneric/Models/SM_Gen_Env_Ground_Dirt_02.fbx using Guid(f1f4999fff8548d42aa90af1083c8057) Importer(815301076,1909f56bfc062723c751e8b465ee728b) [PhysX] Initialized MultithreadedTaskDispatcher with 12 workers.
[PhysX] Initialized MultithreadedTaskDispatcher with 12 workers.
[PhysX] Initialized MultithreadedTaskDispatcher with 12 workers.
 -> (artifact id: '9fbff8f867a81886da65513e1fd66021') in 0.020432 seconds
Number of updated asset objects reloaded before import = 0
Number of asset objects unloaded after import = 7
========================================================================
Received Import Request.
  Time since last request: 0.000015 seconds.
  path: Assets/Synty/PolygonGeneric/Models/SM_Gen_Env_Ground_Dirt_01.fbx
  artifactKey: Guid(839f95ad66158154598043b59e590f01) Importer(815301076,1909f56bfc062723c751e8b465ee728b)
Start importing Assets/Synty/PolygonGeneric/Models/SM_Gen_Env_Ground_Dirt_01.fbx using Guid(839f95ad66158154598043b59e590f01) Importer(815301076,1909f56bfc062723c751e8b465ee728b) [PhysX] Initialized MultithreadedTaskDispatcher with 12 workers.
[PhysX] Initialized MultithreadedTaskDispatcher with 12 workers.
[PhysX] Initialized MultithreadedTaskDispatcher with 12 workers.
 -> (artifact id: '3201e5012b2ebe3e9b6a087fefabcd30') in 0.022190 seconds
Number of updated asset objects reloaded before import = 0
Number of asset objects unloaded after import = 7
========================================================================
Received Import Request.
  Time since last request: 0.000019 seconds.
  path: Assets/Synty/PolygonGeneric/Models/SM_Gen_Env_Ground_Dirt_04.fbx
  artifactKey: Guid(1fc7d8fa5497eb44a96fe8439397aa77) Importer(815301076,1909f56bfc062723c751e8b465ee728b)
Start importing Assets/Synty/PolygonGeneric/Models/SM_Gen_Env_Ground_Dirt_04.fbx using Guid(1fc7d8fa5497eb44a96fe8439397aa77) Importer(815301076,1909f56bfc062723c751e8b465ee728b) [PhysX] Initialized MultithreadedTaskDispatcher with 12 workers.
[PhysX] Initialized MultithreadedTaskDispatcher with 12 workers.
[PhysX] Initialized MultithreadedTaskDispatcher with 12 workers.
 -> (artifact id: '0e99933b4fb63c484e65ff9d6f77d332') in 0.024075 seconds
Number of updated asset objects reloaded before import = 0
Number of asset objects unloaded after import = 7
========================================================================
Received Import Request.
  Time since last request: 0.000027 seconds.
  path: Assets/Synty/PolygonGeneric/Models/SM_Gen_Env_Ground_Edge_04.fbx
  artifactKey: Guid(8d6f9be8460dae64e90bb7d443d5b86a) Importer(815301076,1909f56bfc062723c751e8b465ee728b)
Start importing Assets/Synty/PolygonGeneric/Models/SM_Gen_Env_Ground_Edge_04.fbx using Guid(8d6f9be8460dae64e90bb7d443d5b86a) Importer(815301076,1909f56bfc062723c751e8b465ee728b) [PhysX] Initialized MultithreadedTaskDispatcher with 12 workers.
[PhysX] Initialized MultithreadedTaskDispatcher with 12 workers.
[PhysX] Initialized MultithreadedTaskDispatcher with 12 workers.
 -> (artifact id: '007a2ef6c22693019c23f87ce0e859d7') in 0.020806 seconds
Number of updated asset objects reloaded before import = 0
Number of asset objects unloaded after import = 7
========================================================================
Received Import Request.
  Time since last request: 0.000024 seconds.
  path: Assets/Synty/PolygonGeneric/Models/SM_Gen_Env_Ground_Grass_01.fbx
  artifactKey: Guid(0fca4aa6459c4524090e075785f1209f) Importer(815301076,1909f56bfc062723c751e8b465ee728b)
Start importing Assets/Synty/PolygonGeneric/Models/SM_Gen_Env_Ground_Grass_01.fbx using Guid(0fca4aa6459c4524090e075785f1209f) Importer(815301076,1909f56bfc062723c751e8b465ee728b) [PhysX] Initialized MultithreadedTaskDispatcher with 12 workers.
[PhysX] Initialized MultithreadedTaskDispatcher with 12 workers.
[PhysX] Initialized MultithreadedTaskDispatcher with 12 workers.
 -> (artifact id: '0d23856fe6fc308ffde9ea059b51d12e') in 0.021116 seconds
Number of updated asset objects reloaded before import = 0
Number of asset objects unloaded after import = 7
========================================================================
Received Import Request.
  Time since last request: 0.000026 seconds.
  path: Assets/Synty/PolygonGeneric/Models/SM_Gen_Env_Ground_Grass_Large_01.fbx
  artifactKey: Guid(00ab310ff1c45eb4c9d73550c08d3c7c) Importer(815301076,1909f56bfc062723c751e8b465ee728b)
Start importing Assets/Synty/PolygonGeneric/Models/SM_Gen_Env_Ground_Grass_Large_01.fbx using Guid(00ab310ff1c45eb4c9d73550c08d3c7c) Importer(815301076,1909f56bfc062723c751e8b465ee728b) [PhysX] Initialized MultithreadedTaskDispatcher with 12 workers.
[PhysX] Initialized MultithreadedTaskDispatcher with 12 workers.
[PhysX] Initialized MultithreadedTaskDispatcher with 12 workers.
 -> (artifact id: '78c0b1d1c90dc6efa90e74b3c4df9c0c') in 0.020102 seconds
Number of updated asset objects reloaded before import = 0
Number of asset objects unloaded after import = 7
========================================================================
Received Import Request.
  Time since last request: 0.000021 seconds.
  path: Assets/Synty/PolygonGeneric/Models/SM_Gen_Env_Grass_Tall_03.fbx
  artifactKey: Guid(5c02ecb51387dc945a8eee97ba9b107d) Importer(815301076,1909f56bfc062723c751e8b465ee728b)
Start importing Assets/Synty/PolygonGeneric/Models/SM_Gen_Env_Grass_Tall_03.fbx using Guid(5c02ecb51387dc945a8eee97ba9b107d) Importer(815301076,1909f56bfc062723c751e8b465ee728b) [PhysX] Initialized MultithreadedTaskDispatcher with 12 workers.
[PhysX] Initialized MultithreadedTaskDispatcher with 12 workers.
[PhysX] Initialized MultithreadedTaskDispatcher with 12 workers.
 -> (artifact id: '0e4b7b9d37b303a64dd6ed138e9f8d29') in 0.022003 seconds
Number of updated asset objects reloaded before import = 0
Number of asset objects unloaded after import = 7
========================================================================
Received Import Request.
  Time since last request: 0.000025 seconds.
  path: Assets/Synty/PolygonGeneric/Models/SM_Gen_Env_Grass_07.fbx
  artifactKey: Guid(b51de670d42c16c488b4f5c3fbe8c71a) Importer(815301076,1909f56bfc062723c751e8b465ee728b)
Start importing Assets/Synty/PolygonGeneric/Models/SM_Gen_Env_Grass_07.fbx using Guid(b51de670d42c16c488b4f5c3fbe8c71a) Importer(815301076,1909f56bfc062723c751e8b465ee728b) [PhysX] Initialized MultithreadedTaskDispatcher with 12 workers.
[PhysX] Initialized MultithreadedTaskDispatcher with 12 workers.
[PhysX] Initialized MultithreadedTaskDispatcher with 12 workers.
 -> (artifact id: '0bb3c7d70ede7a1fad43564b9aad1ef6') in 0.019923 seconds
Number of updated asset objects reloaded before import = 0
Number of asset objects unloaded after import = 7
========================================================================
Received Import Request.
  Time since last request: 0.000018 seconds.
  path: Assets/Synty/PolygonGeneric/Models/SM_Gen_Env_Ground_Edge_01.fbx
  artifactKey: Guid(ddfb68626206a534c8e2aa4bd304a434) Importer(815301076,1909f56bfc062723c751e8b465ee728b)
Start importing Assets/Synty/PolygonGeneric/Models/SM_Gen_Env_Ground_Edge_01.fbx using Guid(ddfb68626206a534c8e2aa4bd304a434) Importer(815301076,1909f56bfc062723c751e8b465ee728b) [PhysX] Initialized MultithreadedTaskDispatcher with 12 workers.
[PhysX] Initialized MultithreadedTaskDispatcher with 12 workers.
[PhysX] Initialized MultithreadedTaskDispatcher with 12 workers.
 -> (artifact id: 'd35e23e46733f2b7007ef7381d446f6d') in 0.023462 seconds
Number of updated asset objects reloaded before import = 0
Number of asset objects unloaded after import = 7
========================================================================
Received Import Request.
  Time since last request: 0.000022 seconds.
  path: Assets/Synty/PolygonGeneric/Models/SM_Gen_Env_Ground_Grass_03.fbx
  artifactKey: Guid(f2d871672942ab14d92a99ceaf365db2) Importer(815301076,1909f56bfc062723c751e8b465ee728b)
Start importing Assets/Synty/PolygonGeneric/Models/SM_Gen_Env_Ground_Grass_03.fbx using Guid(f2d871672942ab14d92a99ceaf365db2) Importer(815301076,1909f56bfc062723c751e8b465ee728b) [PhysX] Initialized MultithreadedTaskDispatcher with 12 workers.
[PhysX] Initialized MultithreadedTaskDispatcher with 12 workers.
[PhysX] Initialized MultithreadedTaskDispatcher with 12 workers.
 -> (artifact id: '55e6d0c5e490fa2028aff4748d5a68c5') in 0.018965 seconds
Number of updated asset objects reloaded before import = 0
Number of asset objects unloaded after import = 7
========================================================================
Received Import Request.
  Time since last request: 0.000024 seconds.
  path: Assets/Synty/PolygonGeneric/Models/SM_Gen_Env_Grass_Tall_02.fbx
  artifactKey: Guid(254eee66e120f6545848042f6c549a9b) Importer(815301076,1909f56bfc062723c751e8b465ee728b)
Start importing Assets/Synty/PolygonGeneric/Models/SM_Gen_Env_Grass_Tall_02.fbx using Guid(254eee66e120f6545848042f6c549a9b) Importer(815301076,1909f56bfc062723c751e8b465ee728b) [PhysX] Initialized MultithreadedTaskDispatcher with 12 workers.
[PhysX] Initialized MultithreadedTaskDispatcher with 12 workers.
[PhysX] Initialized MultithreadedTaskDispatcher with 12 workers.
 -> (artifact id: '2c134e3de275fb4eca0bd15b99ad58f9') in 0.028335 seconds
Number of updated asset objects reloaded before import = 0
Number of asset objects unloaded after import = 7
========================================================================
Received Import Request.
  Time since last request: 0.000024 seconds.
  path: Assets/Synty/PolygonGeneric/Models/SM_Gen_Env_Grass_01.fbx
  artifactKey: Guid(a63c15d620397a046bfe4634671f5fbe) Importer(815301076,1909f56bfc062723c751e8b465ee728b)
Start importing Assets/Synty/PolygonGeneric/Models/SM_Gen_Env_Grass_01.fbx using Guid(a63c15d620397a046bfe4634671f5fbe) Importer(815301076,1909f56bfc062723c751e8b465ee728b) [PhysX] Initialized MultithreadedTaskDispatcher with 12 workers.
[PhysX] Initialized MultithreadedTaskDispatcher with 12 workers.
[PhysX] Initialized MultithreadedTaskDispatcher with 12 workers.
 -> (artifact id: 'b5333f23f02ca0317607ec35d38f9b69') in 0.021933 seconds
Number of updated asset objects reloaded before import = 0
Number of asset objects unloaded after import = 7
========================================================================
Received Import Request.
  Time since last request: 0.377738 seconds.
  path: Assets/Synty/PolygonGeneric/Models/SM_Gen_Env_Ground_River_Dirt_01.fbx
  artifactKey: Guid(51e82b177b74dab448fc3d9a27cf8292) Importer(815301076,1909f56bfc062723c751e8b465ee728b)
Start importing Assets/Synty/PolygonGeneric/Models/SM_Gen_Env_Ground_River_Dirt_01.fbx using Guid(51e82b177b74dab448fc3d9a27cf8292) Importer(815301076,1909f56bfc062723c751e8b465ee728b) [PhysX] Initialized MultithreadedTaskDispatcher with 12 workers.
[PhysX] Initialized MultithreadedTaskDispatcher with 12 workers.
[PhysX] Initialized MultithreadedTaskDispatcher with 12 workers.
 -> (artifact id: '915ceefb355afa2dac5ce73c4a031770') in 0.018354 seconds
Number of updated asset objects reloaded before import = 0
Number of asset objects unloaded after import = 7
========================================================================
Received Import Request.
  Time since last request: 0.000019 seconds.
  path: Assets/Synty/PolygonGeneric/Models/SM_Gen_Env_Ground_River_Dirt_03.fbx
  artifactKey: Guid(2dd52b3401c463649a24c3cec06c3041) Importer(815301076,1909f56bfc062723c751e8b465ee728b)
Start importing Assets/Synty/PolygonGeneric/Models/SM_Gen_Env_Ground_River_Dirt_03.fbx using Guid(2dd52b3401c463649a24c3cec06c3041) Importer(815301076,1909f56bfc062723c751e8b465ee728b) [PhysX] Initialized MultithreadedTaskDispatcher with 12 workers.
[PhysX] Initialized MultithreadedTaskDispatcher with 12 workers.
[PhysX] Initialized MultithreadedTaskDispatcher with 12 workers.
 -> (artifact id: 'e299c219703e0da5682d2fa93abd05c3') in 0.019910 seconds
Number of updated asset objects reloaded before import = 0
Number of asset objects unloaded after import = 7
========================================================================
Received Import Request.
  Time since last request: 0.000023 seconds.
  path: Assets/Synty/PolygonGeneric/Models/SM_Gen_Env_Ground_River_Dirt_06.fbx
  artifactKey: Guid(f33bbe08cfa2cd14596d62ed5a488395) Importer(815301076,1909f56bfc062723c751e8b465ee728b)
Start importing Assets/Synty/PolygonGeneric/Models/SM_Gen_Env_Ground_River_Dirt_06.fbx using Guid(f33bbe08cfa2cd14596d62ed5a488395) Importer(815301076,1909f56bfc062723c751e8b465ee728b) [PhysX] Initialized MultithreadedTaskDispatcher with 12 workers.
[PhysX] Initialized MultithreadedTaskDispatcher with 12 workers.
[PhysX] Initialized MultithreadedTaskDispatcher with 12 workers.
 -> (artifact id: '81e31a7c881e86a262e4375b067068ea') in 0.022884 seconds
Number of updated asset objects reloaded before import = 0
Number of asset objects unloaded after import = 7
========================================================================
Received Import Request.
  Time since last request: 0.000033 seconds.
  path: Assets/Synty/PolygonGeneric/Models/SM_Gen_Env_Ground_River_Dirt_Large_01.fbx
  artifactKey: Guid(d71a92e0df0c07446b4fa2d08da253b6) Importer(815301076,1909f56bfc062723c751e8b465ee728b)
Start importing Assets/Synty/PolygonGeneric/Models/SM_Gen_Env_Ground_River_Dirt_Large_01.fbx using Guid(d71a92e0df0c07446b4fa2d08da253b6) Importer(815301076,1909f56bfc062723c751e8b465ee728b) [PhysX] Initialized MultithreadedTaskDispatcher with 12 workers.
[PhysX] Initialized MultithreadedTaskDispatcher with 12 workers.
[PhysX] Initialized MultithreadedTaskDispatcher with 12 workers.
 -> (artifact id: '6917b7869b140e7b3e8967645e9eba18') in 0.023004 seconds
Number of updated asset objects reloaded before import = 0
Number of asset objects unloaded after import = 7
========================================================================
Received Import Request.
  Time since last request: 0.000026 seconds.
  path: Assets/Synty/PolygonGeneric/Models/SM_Gen_Env_Ground_River_Dirt_Large_03.fbx
  artifactKey: Guid(563f896dc6644a548a4452a3185ca88d) Importer(815301076,1909f56bfc062723c751e8b465ee728b)
Start importing Assets/Synty/PolygonGeneric/Models/SM_Gen_Env_Ground_River_Dirt_Large_03.fbx using Guid(563f896dc6644a548a4452a3185ca88d) Importer(815301076,1909f56bfc062723c751e8b465ee728b) [PhysX] Initialized MultithreadedTaskDispatcher with 12 workers.
[PhysX] Initialized MultithreadedTaskDispatcher with 12 workers.
[PhysX] Initialized MultithreadedTaskDispatcher with 12 workers.
 -> (artifact id: 'dd9dbd1a24fcce0face1cccab67f9d7d') in 0.019842 seconds
Number of updated asset objects reloaded before import = 0
Number of asset objects unloaded after import = 7
========================================================================
Received Import Request.
  Time since last request: 0.000022 seconds.
  path: Assets/Synty/PolygonGeneric/Models/SM_Gen_Env_Ground_River_Grass_06.fbx
  artifactKey: Guid(2553e08386694b447b51b60c2034cb5e) Importer(815301076,1909f56bfc062723c751e8b465ee728b)
Start importing Assets/Synty/PolygonGeneric/Models/SM_Gen_Env_Ground_River_Grass_06.fbx using Guid(2553e08386694b447b51b60c2034cb5e) Importer(815301076,1909f56bfc062723c751e8b465ee728b) [PhysX] Initialized MultithreadedTaskDispatcher with 12 workers.
[PhysX] Initialized MultithreadedTaskDispatcher with 12 workers.
[PhysX] Initialized MultithreadedTaskDispatcher with 12 workers.
 -> (artifact id: 'ff39d4e6d97ab3ba0320dd4b63ca8fee') in 0.018892 seconds
Number of updated asset objects reloaded before import = 0
Number of asset objects unloaded after import = 7
========================================================================
Received Import Request.
  Time since last request: 0.000023 seconds.
  path: Assets/Synty/PolygonGeneric/Models/SM_Gen_Env_Ground_River_Grass_05.fbx
  artifactKey: Guid(17ca8463a9f71a340a200e0ad7f9e6ee) Importer(815301076,1909f56bfc062723c751e8b465ee728b)
Start importing Assets/Synty/PolygonGeneric/Models/SM_Gen_Env_Ground_River_Grass_05.fbx using Guid(17ca8463a9f71a340a200e0ad7f9e6ee) Importer(815301076,1909f56bfc062723c751e8b465ee728b) [PhysX] Initialized MultithreadedTaskDispatcher with 12 workers.
[PhysX] Initialized MultithreadedTaskDispatcher with 12 workers.
[PhysX] Initialized MultithreadedTaskDispatcher with 12 workers.
 -> (artifact id: 'a3f98f2fc841b1deea370b0e89c63666') in 0.020297 seconds
Number of updated asset objects reloaded before import = 0
Number of asset objects unloaded after import = 7
========================================================================
Received Import Request.
  Time since last request: 0.000023 seconds.
  path: Assets/Synty/PolygonGeneric/Models/SM_Gen_Env_Ground_River_Grass_04.fbx
  artifactKey: Guid(3720c5164249c9f4bb22fc7a0a2c24f8) Importer(815301076,1909f56bfc062723c751e8b465ee728b)
Start importing Assets/Synty/PolygonGeneric/Models/SM_Gen_Env_Ground_River_Grass_04.fbx using Guid(3720c5164249c9f4bb22fc7a0a2c24f8) Importer(815301076,1909f56bfc062723c751e8b465ee728b) [PhysX] Initialized MultithreadedTaskDispatcher with 12 workers.
[PhysX] Initialized MultithreadedTaskDispatcher with 12 workers.
[PhysX] Initialized MultithreadedTaskDispatcher with 12 workers.
 -> (artifact id: '8f1c61e266d1bd78de775654a7066944') in 0.021217 seconds
Number of updated asset objects reloaded before import = 0
Number of asset objects unloaded after import = 7
========================================================================
Received Import Request.
  Time since last request: 0.000022 seconds.
  path: Assets/Synty/PolygonGeneric/Models/SM_Gen_Env_Ground_River_Grass_Large_03.fbx
  artifactKey: Guid(61c3d6e517594504c8181b5a51be2b89) Importer(815301076,1909f56bfc062723c751e8b465ee728b)
Start importing Assets/Synty/PolygonGeneric/Models/SM_Gen_Env_Ground_River_Grass_Large_03.fbx using Guid(61c3d6e517594504c8181b5a51be2b89) Importer(815301076,1909f56bfc062723c751e8b465ee728b) [PhysX] Initialized MultithreadedTaskDispatcher with 12 workers.
[PhysX] Initialized MultithreadedTaskDispatcher with 12 workers.
[PhysX] Initialized MultithreadedTaskDispatcher with 12 workers.
 -> (artifact id: 'a9d91195366bcad7ecfc58afcd6bc0a5') in 0.022144 seconds
Number of updated asset objects reloaded before import = 0
Number of asset objects unloaded after import = 7
========================================================================
Received Import Request.
  Time since last request: 0.000020 seconds.
  path: Assets/Synty/PolygonGeneric/Models/SM_Gen_Env_Ground_River_Grass_Large_02.fbx
  artifactKey: Guid(240fc9924bfa35149b7c294394c18b7b) Importer(815301076,1909f56bfc062723c751e8b465ee728b)
Start importing Assets/Synty/PolygonGeneric/Models/SM_Gen_Env_Ground_River_Grass_Large_02.fbx using Guid(240fc9924bfa35149b7c294394c18b7b) Importer(815301076,1909f56bfc062723c751e8b465ee728b) [PhysX] Initialized MultithreadedTaskDispatcher with 12 workers.
[PhysX] Initialized MultithreadedTaskDispatcher with 12 workers.
[PhysX] Initialized MultithreadedTaskDispatcher with 12 workers.
 -> (artifact id: 'dd5014422f07c70e49912aefb77e06b3') in 0.020032 seconds
Number of updated asset objects reloaded before import = 0
Number of asset objects unloaded after import = 7
========================================================================
Received Import Request.
  Time since last request: 0.000017 seconds.
  path: Assets/Synty/PolygonGeneric/Models/SM_Gen_Env_Ground_Slope_Grass_01.fbx
  artifactKey: Guid(2e595c69502e784469bdb5bf5a5ee490) Importer(815301076,1909f56bfc062723c751e8b465ee728b)
Start importing Assets/Synty/PolygonGeneric/Models/SM_Gen_Env_Ground_Slope_Grass_01.fbx using Guid(2e595c69502e784469bdb5bf5a5ee490) Importer(815301076,1909f56bfc062723c751e8b465ee728b) [PhysX] Initialized MultithreadedTaskDispatcher with 12 workers.
[PhysX] Initialized MultithreadedTaskDispatcher with 12 workers.
[PhysX] Initialized MultithreadedTaskDispatcher with 12 workers.
 -> (artifact id: '53d2bc0a66e999518b8701b4006cba85') in 0.019725 seconds
Number of updated asset objects reloaded before import = 0
Number of asset objects unloaded after import = 7
========================================================================
Received Import Request.
  Time since last request: 0.000025 seconds.
  path: Assets/Synty/PolygonGeneric/Models/SM_Gen_Env_Ground_Slope_Dirt_02.fbx
  artifactKey: Guid(4160a5f12ebdcd444ba9b2f2d43acb2f) Importer(815301076,1909f56bfc062723c751e8b465ee728b)
Start importing Assets/Synty/PolygonGeneric/Models/SM_Gen_Env_Ground_Slope_Dirt_02.fbx using Guid(4160a5f12ebdcd444ba9b2f2d43acb2f) Importer(815301076,1909f56bfc062723c751e8b465ee728b) [PhysX] Initialized MultithreadedTaskDispatcher with 12 workers.
[PhysX] Initialized MultithreadedTaskDispatcher with 12 workers.
[PhysX] Initialized MultithreadedTaskDispatcher with 12 workers.
 -> (artifact id: '6d7aad6cc89bfa82fae4da3659a67ada') in 0.024991 seconds
Number of updated asset objects reloaded before import = 0
Number of asset objects unloaded after import = 7
========================================================================
Received Import Request.
  Time since last request: 0.409561 seconds.
  path: Assets/Synty/PolygonGeneric/Models/SM_Gen_Env_Hill_01.fbx
  artifactKey: Guid(4b0a6fa1c7c78b74eb611cbafc17a282) Importer(815301076,1909f56bfc062723c751e8b465ee728b)
Start importing Assets/Synty/PolygonGeneric/Models/SM_Gen_Env_Hill_01.fbx using Guid(4b0a6fa1c7c78b74eb611cbafc17a282) Importer(815301076,1909f56bfc062723c751e8b465ee728b) [PhysX] Initialized MultithreadedTaskDispatcher with 12 workers.
[PhysX] Initialized MultithreadedTaskDispatcher with 12 workers.
[PhysX] Initialized MultithreadedTaskDispatcher with 12 workers.
 -> (artifact id: 'b5c9f9c535f8f538a6c875c1a05a9245') in 0.029011 seconds
Number of updated asset objects reloaded before import = 0
Number of asset objects unloaded after import = 7
========================================================================
Received Import Request.
  Time since last request: 0.000027 seconds.
  path: Assets/Synty/PolygonGeneric/Models/SM_Gen_Env_Hill_03.fbx
  artifactKey: Guid(79087ec1ffa399f46a1dab20b4666e37) Importer(815301076,1909f56bfc062723c751e8b465ee728b)
Start importing Assets/Synty/PolygonGeneric/Models/SM_Gen_Env_Hill_03.fbx using Guid(79087ec1ffa399f46a1dab20b4666e37) Importer(815301076,1909f56bfc062723c751e8b465ee728b) [PhysX] Initialized MultithreadedTaskDispatcher with 12 workers.
[PhysX] Initialized MultithreadedTaskDispatcher with 12 workers.
[PhysX] Initialized MultithreadedTaskDispatcher with 12 workers.
 -> (artifact id: '2450a14fe0b93bed682ee8ec60dbda39') in 0.025885 seconds
Number of updated asset objects reloaded before import = 0
Number of asset objects unloaded after import = 7
========================================================================
Received Import Request.
  Time since last request: 0.000028 seconds.
  path: Assets/Synty/PolygonGeneric/Models/SM_Gen_Env_Hill_05.fbx
  artifactKey: Guid(478740394bbfcad4ca6c204a9aa0a6a6) Importer(815301076,1909f56bfc062723c751e8b465ee728b)
Start importing Assets/Synty/PolygonGeneric/Models/SM_Gen_Env_Hill_05.fbx using Guid(478740394bbfcad4ca6c204a9aa0a6a6) Importer(815301076,1909f56bfc062723c751e8b465ee728b) [PhysX] Initialized MultithreadedTaskDispatcher with 12 workers.
[PhysX] Initialized MultithreadedTaskDispatcher with 12 workers.
[PhysX] Initialized MultithreadedTaskDispatcher with 12 workers.
 -> (artifact id: '551ce8752f873213a9793b9675cef5c1') in 0.028764 seconds
Number of updated asset objects reloaded before import = 0
Number of asset objects unloaded after import = 7
========================================================================
Received Import Request.
  Time since last request: 0.000021 seconds.
  path: Assets/Synty/PolygonGeneric/Models/SM_Gen_Env_Ivy_08.fbx
  artifactKey: Guid(0dc81462ecda69b45a78898faaea11f1) Importer(815301076,1909f56bfc062723c751e8b465ee728b)
Start importing Assets/Synty/PolygonGeneric/Models/SM_Gen_Env_Ivy_08.fbx using Guid(0dc81462ecda69b45a78898faaea11f1) Importer(815301076,1909f56bfc062723c751e8b465ee728b) [PhysX] Initialized MultithreadedTaskDispatcher with 12 workers.
[PhysX] Initialized MultithreadedTaskDispatcher with 12 workers.
[PhysX] Initialized MultithreadedTaskDispatcher with 12 workers.
 -> (artifact id: '383d190a9f8c2a44e4a2024e7652c045') in 0.021458 seconds
Number of updated asset objects reloaded before import = 0
Number of asset objects unloaded after import = 7
========================================================================
Received Import Request.
  Time since last request: 0.000027 seconds.
  path: Assets/Synty/PolygonGeneric/Models/SM_Gen_Env_Ivy_10.fbx
  artifactKey: Guid(c57831dce55cad24cb3e435af7b56cd5) Importer(815301076,1909f56bfc062723c751e8b465ee728b)
Start importing Assets/Synty/PolygonGeneric/Models/SM_Gen_Env_Ivy_10.fbx using Guid(c57831dce55cad24cb3e435af7b56cd5) Importer(815301076,1909f56bfc062723c751e8b465ee728b) [PhysX] Initialized MultithreadedTaskDispatcher with 12 workers.
[PhysX] Initialized MultithreadedTaskDispatcher with 12 workers.
[PhysX] Initialized MultithreadedTaskDispatcher with 12 workers.
 -> (artifact id: 'c88eada4036fb463923f5c5cfe2c8262') in 0.024262 seconds
Number of updated asset objects reloaded before import = 0
Number of asset objects unloaded after import = 7
========================================================================
Received Import Request.
  Time since last request: 0.000017 seconds.
  path: Assets/Synty/PolygonGeneric/Models/SM_Gen_Env_Ivy_09.fbx
  artifactKey: Guid(c62694c87f558d3479f1d38c246ef2b0) Importer(815301076,1909f56bfc062723c751e8b465ee728b)
Start importing Assets/Synty/PolygonGeneric/Models/SM_Gen_Env_Ivy_09.fbx using Guid(c62694c87f558d3479f1d38c246ef2b0) Importer(815301076,1909f56bfc062723c751e8b465ee728b) [PhysX] Initialized MultithreadedTaskDispatcher with 12 workers.
[PhysX] Initialized MultithreadedTaskDispatcher with 12 workers.
[PhysX] Initialized MultithreadedTaskDispatcher with 12 workers.
 -> (artifact id: 'a51b47cacd98a49d45b97ee86d58df75') in 0.024938 seconds
Number of updated asset objects reloaded before import = 0
Number of asset objects unloaded after import = 7
========================================================================
Received Import Request.
  Time since last request: 0.000026 seconds.
  path: Assets/Synty/PolygonGeneric/Models/SM_Gen_Env_Ivy_Draped_02.fbx
  artifactKey: Guid(eccd8b88b7e43ee4c972f8e0f92832c3) Importer(815301076,1909f56bfc062723c751e8b465ee728b)
Start importing Assets/Synty/PolygonGeneric/Models/SM_Gen_Env_Ivy_Draped_02.fbx using Guid(eccd8b88b7e43ee4c972f8e0f92832c3) Importer(815301076,1909f56bfc062723c751e8b465ee728b) [PhysX] Initialized MultithreadedTaskDispatcher with 12 workers.
[PhysX] Initialized MultithreadedTaskDispatcher with 12 workers.
[PhysX] Initialized MultithreadedTaskDispatcher with 12 workers.
 -> (artifact id: '81cefcb5dd8d43bf37391dbf02f4f12b') in 0.027214 seconds
Number of updated asset objects reloaded before import = 0
Number of asset objects unloaded after import = 7
========================================================================
Received Import Request.
  Time since last request: 0.000026 seconds.
  path: Assets/Synty/PolygonGeneric/Models/SM_Gen_Env_Ivy_13.fbx
  artifactKey: Guid(592c602f058ddd2409f55f4f470aed1d) Importer(815301076,1909f56bfc062723c751e8b465ee728b)
Start importing Assets/Synty/PolygonGeneric/Models/SM_Gen_Env_Ivy_13.fbx using Guid(592c602f058ddd2409f55f4f470aed1d) Importer(815301076,1909f56bfc062723c751e8b465ee728b) [PhysX] Initialized MultithreadedTaskDispatcher with 12 workers.
[PhysX] Initialized MultithreadedTaskDispatcher with 12 workers.
[PhysX] Initialized MultithreadedTaskDispatcher with 12 workers.
 -> (artifact id: '5a54d515d045c60d82ef9596e10048ad') in 0.026402 seconds
Number of updated asset objects reloaded before import = 0
Number of asset objects unloaded after import = 7
========================================================================
Received Import Request.
  Time since last request: 0.000026 seconds.
  path: Assets/Synty/PolygonGeneric/Models/SM_Gen_Env_Leaves_02.fbx
  artifactKey: Guid(1a36c549909b5204289629eac002c1ed) Importer(815301076,1909f56bfc062723c751e8b465ee728b)
Start importing Assets/Synty/PolygonGeneric/Models/SM_Gen_Env_Leaves_02.fbx using Guid(1a36c549909b5204289629eac002c1ed) Importer(815301076,1909f56bfc062723c751e8b465ee728b) [PhysX] Initialized MultithreadedTaskDispatcher with 12 workers.
[PhysX] Initialized MultithreadedTaskDispatcher with 12 workers.
[PhysX] Initialized MultithreadedTaskDispatcher with 12 workers.
 -> (artifact id: '273feb66286a3ca601994da7d61c91db') in 0.027665 seconds
Number of updated asset objects reloaded before import = 0
Number of asset objects unloaded after import = 7
========================================================================
Received Import Request.
  Time since last request: 0.000036 seconds.
  path: Assets/Synty/PolygonGeneric/Models/SM_Gen_Env_Ivy_03.fbx
  artifactKey: Guid(7ec0231d73cfc5449b2f37ccd27834e3) Importer(815301076,1909f56bfc062723c751e8b465ee728b)
Start importing Assets/Synty/PolygonGeneric/Models/SM_Gen_Env_Ivy_03.fbx using Guid(7ec0231d73cfc5449b2f37ccd27834e3) Importer(815301076,1909f56bfc062723c751e8b465ee728b) [PhysX] Initialized MultithreadedTaskDispatcher with 12 workers.
[PhysX] Initialized MultithreadedTaskDispatcher with 12 workers.
[PhysX] Initialized MultithreadedTaskDispatcher with 12 workers.
 -> (artifact id: '2e8b512fc1ea38ac87f1ccd79b7a30ad') in 0.026005 seconds
Number of updated asset objects reloaded before import = 0
Number of asset objects unloaded after import = 7
========================================================================
Received Import Request.
  Time since last request: 0.000027 seconds.
  path: Assets/Synty/PolygonGeneric/Models/SM_Gen_Env_Ivy_11.fbx
  artifactKey: Guid(bed448bfe19169346b8e45ef7bb57378) Importer(815301076,1909f56bfc062723c751e8b465ee728b)
Start importing Assets/Synty/PolygonGeneric/Models/SM_Gen_Env_Ivy_11.fbx using Guid(bed448bfe19169346b8e45ef7bb57378) Importer(815301076,1909f56bfc062723c751e8b465ee728b) [PhysX] Initialized MultithreadedTaskDispatcher with 12 workers.
[PhysX] Initialized MultithreadedTaskDispatcher with 12 workers.
[PhysX] Initialized MultithreadedTaskDispatcher with 12 workers.
 -> (artifact id: '76771d11673346bf234d6cdece505e83') in 0.022732 seconds
Number of updated asset objects reloaded before import = 0
Number of asset objects unloaded after import = 7
========================================================================
Received Import Request.
  Time since last request: 0.042749 seconds.
  path: Assets/Synty/PolygonGeneric/Models/SM_Gen_Env_Leaves_Pile_01.fbx
  artifactKey: Guid(703dff881bab90d4984b1c21f8a790b6) Importer(815301076,1909f56bfc062723c751e8b465ee728b)
Start importing Assets/Synty/PolygonGeneric/Models/SM_Gen_Env_Leaves_Pile_01.fbx using Guid(703dff881bab90d4984b1c21f8a790b6) Importer(815301076,1909f56bfc062723c751e8b465ee728b) [PhysX] Initialized MultithreadedTaskDispatcher with 12 workers.
[PhysX] Initialized MultithreadedTaskDispatcher with 12 workers.
[PhysX] Initialized MultithreadedTaskDispatcher with 12 workers.
 -> (artifact id: '9b5a15ec62589f598c2d82bc13b2baf9') in 0.025509 seconds
Number of updated asset objects reloaded before import = 0
Number of asset objects unloaded after import = 7
========================================================================
Received Import Request.
  Time since last request: 0.000029 seconds.
  path: Assets/Synty/PolygonGeneric/Models/SM_Gen_Env_Log_02.fbx
  artifactKey: Guid(d26cf7fc2ba140e4eb9b7bc77831070f) Importer(815301076,1909f56bfc062723c751e8b465ee728b)
Start importing Assets/Synty/PolygonGeneric/Models/SM_Gen_Env_Log_02.fbx using Guid(d26cf7fc2ba140e4eb9b7bc77831070f) Importer(815301076,1909f56bfc062723c751e8b465ee728b) [PhysX] Initialized MultithreadedTaskDispatcher with 12 workers.
[PhysX] Initialized MultithreadedTaskDispatcher with 12 workers.
[PhysX] Initialized MultithreadedTaskDispatcher with 12 workers.
 -> (artifact id: 'ccfbd42db506a0bbf232c61d2efbcc3f') in 0.023342 seconds
Number of updated asset objects reloaded before import = 0
Number of asset objects unloaded after import = 7
========================================================================
Received Import Request.
  Time since last request: 0.000041 seconds.
  path: Assets/Synty/PolygonGeneric/Models/SM_Gen_Env_Lilypads_01.fbx
  artifactKey: Guid(d6de9f7bea25de344aa2e91fc0e23067) Importer(815301076,1909f56bfc062723c751e8b465ee728b)
Start importing Assets/Synty/PolygonGeneric/Models/SM_Gen_Env_Lilypads_01.fbx using Guid(d6de9f7bea25de344aa2e91fc0e23067) Importer(815301076,1909f56bfc062723c751e8b465ee728b) [PhysX] Initialized MultithreadedTaskDispatcher with 12 workers.
[PhysX] Initialized MultithreadedTaskDispatcher with 12 workers.
[PhysX] Initialized MultithreadedTaskDispatcher with 12 workers.
 -> (artifact id: '69f815c6b1bb2c99a9ed143b8fe5c695') in 0.023607 seconds
Number of updated asset objects reloaded before import = 0
Number of asset objects unloaded after import = 7
========================================================================
Received Import Request.
  Time since last request: 0.000033 seconds.
  path: Assets/Synty/PolygonGeneric/Models/SM_Gen_Env_Lilypads_02.fbx
  artifactKey: Guid(27c02e5b18831e445bfe5f30a7acf39d) Importer(815301076,1909f56bfc062723c751e8b465ee728b)
Start importing Assets/Synty/PolygonGeneric/Models/SM_Gen_Env_Lilypads_02.fbx using Guid(27c02e5b18831e445bfe5f30a7acf39d) Importer(815301076,1909f56bfc062723c751e8b465ee728b) [PhysX] Initialized MultithreadedTaskDispatcher with 12 workers.
[PhysX] Initialized MultithreadedTaskDispatcher with 12 workers.
[PhysX] Initialized MultithreadedTaskDispatcher with 12 workers.
 -> (artifact id: '606b1f7965663661605ab8dd2621a161') in 0.029402 seconds
Number of updated asset objects reloaded before import = 0
Number of asset objects unloaded after import = 7
========================================================================
Received Import Request.
  Time since last request: 0.339925 seconds.
  path: Assets/Synty/PolygonGeneric/Models/SM_Gen_Env_Mountain_02.fbx
  artifactKey: Guid(4f25e59f3f220ba4fa5dda8a0cdf1349) Importer(815301076,1909f56bfc062723c751e8b465ee728b)
Start importing Assets/Synty/PolygonGeneric/Models/SM_Gen_Env_Mountain_02.fbx using Guid(4f25e59f3f220ba4fa5dda8a0cdf1349) Importer(815301076,1909f56bfc062723c751e8b465ee728b) [PhysX] Initialized MultithreadedTaskDispatcher with 12 workers.
[PhysX] Initialized MultithreadedTaskDispatcher with 12 workers.
[PhysX] Initialized MultithreadedTaskDispatcher with 12 workers.
 -> (artifact id: '39803391fc92344c220eb7a26042a73b') in 0.021957 seconds
Number of updated asset objects reloaded before import = 0
Number of asset objects unloaded after import = 7
========================================================================
Received Import Request.
  Time since last request: 0.000020 seconds.
  path: Assets/Synty/PolygonGeneric/Models/SM_Gen_Env_Road_Gravel_Corner_Large_01.fbx
  artifactKey: Guid(ecd54686d085586429f1586f38a53e35) Importer(815301076,1909f56bfc062723c751e8b465ee728b)
Start importing Assets/Synty/PolygonGeneric/Models/SM_Gen_Env_Road_Gravel_Corner_Large_01.fbx using Guid(ecd54686d085586429f1586f38a53e35) Importer(815301076,1909f56bfc062723c751e8b465ee728b) [PhysX] Initialized MultithreadedTaskDispatcher with 12 workers.
[PhysX] Initialized MultithreadedTaskDispatcher with 12 workers.
[PhysX] Initialized MultithreadedTaskDispatcher with 12 workers.
 -> (artifact id: '95b3067274807a18f6969b8ae827a3eb') in 0.020764 seconds
Number of updated asset objects reloaded before import = 0
Number of asset objects unloaded after import = 7
========================================================================
Received Import Request.
  Time since last request: 0.000018 seconds.
  path: Assets/Synty/PolygonGeneric/Models/SM_Gen_Env_Mushroom_02.fbx
  artifactKey: Guid(e5c860b2548f32545bac8411d325cd97) Importer(815301076,1909f56bfc062723c751e8b465ee728b)
Start importing Assets/Synty/PolygonGeneric/Models/SM_Gen_Env_Mushroom_02.fbx using Guid(e5c860b2548f32545bac8411d325cd97) Importer(815301076,1909f56bfc062723c751e8b465ee728b) [PhysX] Initialized MultithreadedTaskDispatcher with 12 workers.
[PhysX] Initialized MultithreadedTaskDispatcher with 12 workers.
[PhysX] Initialized MultithreadedTaskDispatcher with 12 workers.
 -> (artifact id: '1c15bd3f03ff5e5cc41b9803bc6d83b5') in 0.019636 seconds
Number of updated asset objects reloaded before import = 0
Number of asset objects unloaded after import = 7
========================================================================
Received Import Request.
  Time since last request: 0.000021 seconds.
  path: Assets/Synty/PolygonGeneric/Models/SM_Gen_Env_Road_Gravel_Straight_03.fbx
  artifactKey: Guid(897bb42b43ef8634b95fdf090efb16de) Importer(815301076,1909f56bfc062723c751e8b465ee728b)
Start importing Assets/Synty/PolygonGeneric/Models/SM_Gen_Env_Road_Gravel_Straight_03.fbx using Guid(897bb42b43ef8634b95fdf090efb16de) Importer(815301076,1909f56bfc062723c751e8b465ee728b) [PhysX] Initialized MultithreadedTaskDispatcher with 12 workers.
[PhysX] Initialized MultithreadedTaskDispatcher with 12 workers.
[PhysX] Initialized MultithreadedTaskDispatcher with 12 workers.
 -> (artifact id: '9e0595c2cab35fbdc0b83e536ac78004') in 0.020031 seconds
Number of updated asset objects reloaded before import = 0
Number of asset objects unloaded after import = 7
========================================================================
Received Import Request.
  Time since last request: 0.000027 seconds.
  path: Assets/Synty/PolygonGeneric/Models/SM_Gen_Env_Road_Gravel_Corner_Large_02.fbx
  artifactKey: Guid(7beb276d6ec793346a7f2df0c6f650f9) Importer(815301076,1909f56bfc062723c751e8b465ee728b)
Start importing Assets/Synty/PolygonGeneric/Models/SM_Gen_Env_Road_Gravel_Corner_Large_02.fbx using Guid(7beb276d6ec793346a7f2df0c6f650f9) Importer(815301076,1909f56bfc062723c751e8b465ee728b) [PhysX] Initialized MultithreadedTaskDispatcher with 12 workers.
[PhysX] Initialized MultithreadedTaskDispatcher with 12 workers.
[PhysX] Initialized MultithreadedTaskDispatcher with 12 workers.
 -> (artifact id: '55a0c3585991c75d60eea64a2993d0d1') in 0.019577 seconds
Number of updated asset objects reloaded before import = 0
Number of asset objects unloaded after import = 7
========================================================================
Received Import Request.
  Time since last request: 0.000037 seconds.
  path: Assets/Synty/PolygonGeneric/Models/SM_Gen_Env_Road_Intersection_02.fbx
  artifactKey: Guid(ad89c74987d82164fb3a46301fafd0c3) Importer(815301076,1909f56bfc062723c751e8b465ee728b)
Start importing Assets/Synty/PolygonGeneric/Models/SM_Gen_Env_Road_Intersection_02.fbx using Guid(ad89c74987d82164fb3a46301fafd0c3) Importer(815301076,1909f56bfc062723c751e8b465ee728b) [PhysX] Initialized MultithreadedTaskDispatcher with 12 workers.
[PhysX] Initialized MultithreadedTaskDispatcher with 12 workers.
[PhysX] Initialized MultithreadedTaskDispatcher with 12 workers.
 -> (artifact id: '6e0267e685cbe71ec0244ebcbfe8218c') in 0.017908 seconds
Number of updated asset objects reloaded before import = 0
Number of asset objects unloaded after import = 7
========================================================================
Received Import Request.
  Time since last request: 0.000022 seconds.
  path: Assets/Synty/PolygonGeneric/Models/SM_Gen_Env_Road_Half_02.fbx
  artifactKey: Guid(792cb15de687a904f8406743c49d39da) Importer(815301076,1909f56bfc062723c751e8b465ee728b)
Start importing Assets/Synty/PolygonGeneric/Models/SM_Gen_Env_Road_Half_02.fbx using Guid(792cb15de687a904f8406743c49d39da) Importer(815301076,1909f56bfc062723c751e8b465ee728b) [PhysX] Initialized MultithreadedTaskDispatcher with 12 workers.
[PhysX] Initialized MultithreadedTaskDispatcher with 12 workers.
[PhysX] Initialized MultithreadedTaskDispatcher with 12 workers.
 -> (artifact id: '8cd954059c4352b035e79d563e0c306e') in 0.018162 seconds
Number of updated asset objects reloaded before import = 0
Number of asset objects unloaded after import = 7
========================================================================
Received Import Request.
  Time since last request: 0.000017 seconds.
  path: Assets/Synty/PolygonGeneric/Models/SM_Gen_Env_Road_Small_03.fbx
  artifactKey: Guid(bb2fde01ad9310e438d64b1e1e5458d1) Importer(815301076,1909f56bfc062723c751e8b465ee728b)
Start importing Assets/Synty/PolygonGeneric/Models/SM_Gen_Env_Road_Small_03.fbx using Guid(bb2fde01ad9310e438d64b1e1e5458d1) Importer(815301076,1909f56bfc062723c751e8b465ee728b) [PhysX] Initialized MultithreadedTaskDispatcher with 12 workers.
[PhysX] Initialized MultithreadedTaskDispatcher with 12 workers.
[PhysX] Initialized MultithreadedTaskDispatcher with 12 workers.
 -> (artifact id: '56d2757c2b16b0d7abe5e3f4dad3df91') in 0.017134 seconds
Number of updated asset objects reloaded before import = 0
Number of asset objects unloaded after import = 7
========================================================================
Received Import Request.
  Time since last request: 0.000017 seconds.
  path: Assets/Synty/PolygonGeneric/Models/SM_Gen_Env_Road_Warning_01.fbx
  artifactKey: Guid(85ec4a2b96c6e7642958260f6118a1db) Importer(815301076,1909f56bfc062723c751e8b465ee728b)
Start importing Assets/Synty/PolygonGeneric/Models/SM_Gen_Env_Road_Warning_01.fbx using Guid(85ec4a2b96c6e7642958260f6118a1db) Importer(815301076,1909f56bfc062723c751e8b465ee728b) [PhysX] Initialized MultithreadedTaskDispatcher with 12 workers.
[PhysX] Initialized MultithreadedTaskDispatcher with 12 workers.
[PhysX] Initialized MultithreadedTaskDispatcher with 12 workers.
 -> (artifact id: 'dc484e7b277fcb65771db67c3f643209') in 0.017872 seconds
Number of updated asset objects reloaded before import = 0
Number of asset objects unloaded after import = 7
========================================================================
Received Import Request.
  Time since last request: 0.000027 seconds.
  path: Assets/Synty/PolygonGeneric/Models/SM_Gen_Env_Road_Small_02.fbx
  artifactKey: Guid(80f76c330228a1d4fb7fa78a33525ba8) Importer(815301076,1909f56bfc062723c751e8b465ee728b)
Start importing Assets/Synty/PolygonGeneric/Models/SM_Gen_Env_Road_Small_02.fbx using Guid(80f76c330228a1d4fb7fa78a33525ba8) Importer(815301076,1909f56bfc062723c751e8b465ee728b) [PhysX] Initialized MultithreadedTaskDispatcher with 12 workers.
[PhysX] Initialized MultithreadedTaskDispatcher with 12 workers.
[PhysX] Initialized MultithreadedTaskDispatcher with 12 workers.
 -> (artifact id: 'e7481c9912102f784bdbe71073fcc670') in 0.021508 seconds
Number of updated asset objects reloaded before import = 0
Number of asset objects unloaded after import = 7
========================================================================
Received Import Request.
  Time since last request: 0.000025 seconds.
  path: Assets/Synty/PolygonGeneric/Models/SM_Gen_Env_Road_Intersection_01.fbx
  artifactKey: Guid(379f381a57f391a4fa472dda3ea7065e) Importer(815301076,1909f56bfc062723c751e8b465ee728b)
Start importing Assets/Synty/PolygonGeneric/Models/SM_Gen_Env_Road_Intersection_01.fbx using Guid(379f381a57f391a4fa472dda3ea7065e) Importer(815301076,1909f56bfc062723c751e8b465ee728b) [PhysX] Initialized MultithreadedTaskDispatcher with 12 workers.
[PhysX] Initialized MultithreadedTaskDispatcher with 12 workers.
[PhysX] Initialized MultithreadedTaskDispatcher with 12 workers.
 -> (artifact id: 'e50b2771feaeef7c0d00c70be02078de') in 0.021272 seconds
Number of updated asset objects reloaded before import = 0
Number of asset objects unloaded after import = 7
========================================================================
Received Import Request.
  Time since last request: 0.000023 seconds.
  path: Assets/Synty/PolygonGeneric/Models/SM_Gen_Env_Road_Parking_05.fbx
  artifactKey: Guid(d458744498393cc48817237e46d70cef) Importer(815301076,1909f56bfc062723c751e8b465ee728b)
Start importing Assets/Synty/PolygonGeneric/Models/SM_Gen_Env_Road_Parking_05.fbx using Guid(d458744498393cc48817237e46d70cef) Importer(815301076,1909f56bfc062723c751e8b465ee728b) [PhysX] Initialized MultithreadedTaskDispatcher with 12 workers.
[PhysX] Initialized MultithreadedTaskDispatcher with 12 workers.
[PhysX] Initialized MultithreadedTaskDispatcher with 12 workers.
 -> (artifact id: '9716e434735382dc7c60261ce08e5408') in 0.020240 seconds
Number of updated asset objects reloaded before import = 0
Number of asset objects unloaded after import = 7
========================================================================
Received Import Request.
  Time since last request: 0.000022 seconds.
  path: Assets/Synty/PolygonGeneric/Models/SM_Gen_Env_Road_Gravel_Corner_Small_01.fbx
  artifactKey: Guid(84f5750959107f54398722042201b028) Importer(815301076,1909f56bfc062723c751e8b465ee728b)
Start importing Assets/Synty/PolygonGeneric/Models/SM_Gen_Env_Road_Gravel_Corner_Small_01.fbx using Guid(84f5750959107f54398722042201b028) Importer(815301076,1909f56bfc062723c751e8b465ee728b) [PhysX] Initialized MultithreadedTaskDispatcher with 12 workers.
[PhysX] Initialized MultithreadedTaskDispatcher with 12 workers.
[PhysX] Initialized MultithreadedTaskDispatcher with 12 workers.
 -> (artifact id: '6e847671a2a37adf75249b9d29efaee6') in 0.018188 seconds
Number of updated asset objects reloaded before import = 0
Number of asset objects unloaded after import = 7
========================================================================
Received Import Request.
  Time since last request: 0.000023 seconds.
  path: Assets/Synty/PolygonGeneric/Models/SM_Gen_Env_Road_01.fbx
  artifactKey: Guid(13779916a375ead49b480ab5998aa1be) Importer(815301076,1909f56bfc062723c751e8b465ee728b)
Start importing Assets/Synty/PolygonGeneric/Models/SM_Gen_Env_Road_01.fbx using Guid(13779916a375ead49b480ab5998aa1be) Importer(815301076,1909f56bfc062723c751e8b465ee728b) [PhysX] Initialized MultithreadedTaskDispatcher with 12 workers.
[PhysX] Initialized MultithreadedTaskDispatcher with 12 workers.
[PhysX] Initialized MultithreadedTaskDispatcher with 12 workers.
 -> (artifact id: '8d1dac6471c8a792924064ae0b656be0') in 0.017625 seconds
Number of updated asset objects reloaded before import = 0
Number of asset objects unloaded after import = 7
========================================================================
Received Import Request.
  Time since last request: 0.578800 seconds.
  path: Assets/Synty/PolygonGeneric/Models/SM_Gen_Env_Rock_02.fbx
  artifactKey: Guid(4ed96cc9ba2a79f4e9dfd39cfa0bcf9c) Importer(815301076,1909f56bfc062723c751e8b465ee728b)
Start importing Assets/Synty/PolygonGeneric/Models/SM_Gen_Env_Rock_02.fbx using Guid(4ed96cc9ba2a79f4e9dfd39cfa0bcf9c) Importer(815301076,1909f56bfc062723c751e8b465ee728b) [PhysX] Initialized MultithreadedTaskDispatcher with 12 workers.
[PhysX] Initialized MultithreadedTaskDispatcher with 12 workers.
[PhysX] Initialized MultithreadedTaskDispatcher with 12 workers.
 -> (artifact id: 'ccabdf3cfeb4098f7a010a08b35d2065') in 0.019572 seconds
Number of updated asset objects reloaded before import = 0
Number of asset objects unloaded after import = 7
========================================================================
Received Import Request.
  Time since last request: 0.000022 seconds.
  path: Assets/Synty/PolygonGeneric/Models/SM_Gen_Env_Rock_09.fbx
  artifactKey: Guid(feaac6b6b3ad4f64894a51fc24db69b2) Importer(815301076,1909f56bfc062723c751e8b465ee728b)
Start importing Assets/Synty/PolygonGeneric/Models/SM_Gen_Env_Rock_09.fbx using Guid(feaac6b6b3ad4f64894a51fc24db69b2) Importer(815301076,1909f56bfc062723c751e8b465ee728b) [PhysX] Initialized MultithreadedTaskDispatcher with 12 workers.
[PhysX] Initialized MultithreadedTaskDispatcher with 12 workers.
[PhysX] Initialized MultithreadedTaskDispatcher with 12 workers.
 -> (artifact id: '9683805083ef8abb29eb15d92df96918') in 0.018048 seconds
Number of updated asset objects reloaded before import = 0
Number of asset objects unloaded after import = 7
========================================================================
Received Import Request.
  Time since last request: 0.041199 seconds.
  path: Assets/Synty/PolygonGeneric/Models/SM_Gen_Env_Rock_10.fbx
  artifactKey: Guid(350f92c80469703479c38cf66ac7526b) Importer(815301076,1909f56bfc062723c751e8b465ee728b)
Start importing Assets/Synty/PolygonGeneric/Models/SM_Gen_Env_Rock_10.fbx using Guid(350f92c80469703479c38cf66ac7526b) Importer(815301076,1909f56bfc062723c751e8b465ee728b) [PhysX] Initialized MultithreadedTaskDispatcher with 12 workers.
[PhysX] Initialized MultithreadedTaskDispatcher with 12 workers.
[PhysX] Initialized MultithreadedTaskDispatcher with 12 workers.
 -> (artifact id: '6b3511c8b1ef4e7944b807754e6ed482') in 0.018005 seconds
Number of updated asset objects reloaded before import = 0
Number of asset objects unloaded after import = 7
========================================================================
Received Import Request.
  Time since last request: 0.000019 seconds.
  path: Assets/Synty/PolygonGeneric/Models/SM_Gen_Env_Root_02.fbx
  artifactKey: Guid(462d704c3fce39e49afe9552c1b7de1d) Importer(815301076,1909f56bfc062723c751e8b465ee728b)
Start importing Assets/Synty/PolygonGeneric/Models/SM_Gen_Env_Root_02.fbx using Guid(462d704c3fce39e49afe9552c1b7de1d) Importer(815301076,1909f56bfc062723c751e8b465ee728b) [PhysX] Initialized MultithreadedTaskDispatcher with 12 workers.
[PhysX] Initialized MultithreadedTaskDispatcher with 12 workers.
[PhysX] Initialized MultithreadedTaskDispatcher with 12 workers.
 -> (artifact id: 'bbec21a35243281dc5bc0f1467e63778') in 0.019429 seconds
Number of updated asset objects reloaded before import = 0
Number of asset objects unloaded after import = 7
========================================================================
Received Import Request.
  Time since last request: 0.000017 seconds.
  path: Assets/Synty/PolygonGeneric/Models/SM_Gen_Env_Rock_Pebbles_04.fbx
  artifactKey: Guid(ea9403f84fa39cc459499665ae497724) Importer(815301076,1909f56bfc062723c751e8b465ee728b)
Start importing Assets/Synty/PolygonGeneric/Models/SM_Gen_Env_Rock_Pebbles_04.fbx using Guid(ea9403f84fa39cc459499665ae497724) Importer(815301076,1909f56bfc062723c751e8b465ee728b) [PhysX] Initialized MultithreadedTaskDispatcher with 12 workers.
[PhysX] Initialized MultithreadedTaskDispatcher with 12 workers.
[PhysX] Initialized MultithreadedTaskDispatcher with 12 workers.
 -> (artifact id: '3284c046ee2b62383d28eb1bb6e7064f') in 0.017506 seconds
Number of updated asset objects reloaded before import = 0
Number of asset objects unloaded after import = 7
========================================================================
Received Import Request.
  Time since last request: 0.349505 seconds.
  path: Assets/Synty/PolygonGeneric/Models/SM_Gen_Env_Shrub_01.fbx
  artifactKey: Guid(bfe17a443996af14ca6ea8b6058dc92c) Importer(815301076,1909f56bfc062723c751e8b465ee728b)
Start importing Assets/Synty/PolygonGeneric/Models/SM_Gen_Env_Shrub_01.fbx using Guid(bfe17a443996af14ca6ea8b6058dc92c) Importer(815301076,1909f56bfc062723c751e8b465ee728b) [PhysX] Initialized MultithreadedTaskDispatcher with 12 workers.
[PhysX] Initialized MultithreadedTaskDispatcher with 12 workers.
[PhysX] Initialized MultithreadedTaskDispatcher with 12 workers.
 -> (artifact id: '2ed9ea113fbbbaefa4ef76537e283b89') in 0.023531 seconds
Number of updated asset objects reloaded before import = 0
Number of asset objects unloaded after import = 7
========================================================================
Received Import Request.
  Time since last request: 0.000017 seconds.
  path: Assets/Synty/PolygonGeneric/Models/SM_Gen_Env_Sidewalk_Corner_02.fbx
  artifactKey: Guid(0c167ccd25d39d344802647a7ca52f40) Importer(815301076,1909f56bfc062723c751e8b465ee728b)
Start importing Assets/Synty/PolygonGeneric/Models/SM_Gen_Env_Sidewalk_Corner_02.fbx using Guid(0c167ccd25d39d344802647a7ca52f40) Importer(815301076,1909f56bfc062723c751e8b465ee728b) [PhysX] Initialized MultithreadedTaskDispatcher with 12 workers.
[PhysX] Initialized MultithreadedTaskDispatcher with 12 workers.
[PhysX] Initialized MultithreadedTaskDispatcher with 12 workers.
 -> (artifact id: '621b491ae1ea7b0008803ef372c7ec6b') in 0.018398 seconds
Number of updated asset objects reloaded before import = 0
Number of asset objects unloaded after import = 7
========================================================================
Received Import Request.
  Time since last request: 0.000017 seconds.
  path: Assets/Synty/PolygonGeneric/Models/SM_Gen_Env_Skyline_01.fbx
  artifactKey: Guid(6eb974f7a2eecb549bff1d0994ab2ed6) Importer(815301076,1909f56bfc062723c751e8b465ee728b)
Start importing Assets/Synty/PolygonGeneric/Models/SM_Gen_Env_Skyline_01.fbx using Guid(6eb974f7a2eecb549bff1d0994ab2ed6) Importer(815301076,1909f56bfc062723c751e8b465ee728b) [PhysX] Initialized MultithreadedTaskDispatcher with 12 workers.
[PhysX] Initialized MultithreadedTaskDispatcher with 12 workers.
[PhysX] Initialized MultithreadedTaskDispatcher with 12 workers.
[PhysX] Initialized MultithreadedTaskDispatcher with 12 workers.
[PhysX] Initialized MultithreadedTaskDispatcher with 12 workers.
[PhysX] Initialized MultithreadedTaskDispatcher with 12 workers.
[PhysX] Initialized MultithreadedTaskDispatcher with 12 workers.
[PhysX] Initialized MultithreadedTaskDispatcher with 12 workers.
[PhysX] Initialized MultithreadedTaskDispatcher with 12 workers.
 -> (artifact id: 'a0032b1d7dc01b449d2395597616f827') in 0.046255 seconds
Number of updated asset objects reloaded before import = 0
Number of asset objects unloaded after import = 22
========================================================================
Received Import Request.
  Time since last request: 0.000015 seconds.
  path: Assets/Synty/PolygonGeneric/Models/SM_Gen_Env_Tree_03.fbx
  artifactKey: Guid(c8d19469054ca2045afbdcd3bf307ba1) Importer(815301076,1909f56bfc062723c751e8b465ee728b)
Start importing Assets/Synty/PolygonGeneric/Models/SM_Gen_Env_Tree_03.fbx using Guid(c8d19469054ca2045afbdcd3bf307ba1) Importer(815301076,1909f56bfc062723c751e8b465ee728b) [PhysX] Initialized MultithreadedTaskDispatcher with 12 workers.
[PhysX] Initialized MultithreadedTaskDispatcher with 12 workers.
[PhysX] Initialized MultithreadedTaskDispatcher with 12 workers.
 -> (artifact id: '05d3cc70ea32e429ca9d40570a1918f0') in 0.018458 seconds
Number of updated asset objects reloaded before import = 0
Number of asset objects unloaded after import = 7
========================================================================
Received Import Request.
  Time since last request: 0.000022 seconds.
  path: Assets/Synty/PolygonGeneric/Models/SM_Gen_Env_Twig_02.fbx
  artifactKey: Guid(7819c8174f60c2e47b6d66e0701f6bd7) Importer(815301076,1909f56bfc062723c751e8b465ee728b)
Start importing Assets/Synty/PolygonGeneric/Models/SM_Gen_Env_Twig_02.fbx using Guid(7819c8174f60c2e47b6d66e0701f6bd7) Importer(815301076,1909f56bfc062723c751e8b465ee728b) [PhysX] Initialized MultithreadedTaskDispatcher with 12 workers.
[PhysX] Initialized MultithreadedTaskDispatcher with 12 workers.
[PhysX] Initialized MultithreadedTaskDispatcher with 12 workers.
 -> (artifact id: 'b1cfd41760839225e27f4658bd9ed716') in 0.020085 seconds
Number of updated asset objects reloaded before import = 0
Number of asset objects unloaded after import = 7
========================================================================
Received Import Request.
  Time since last request: 0.000020 seconds.
  path: Assets/Synty/PolygonGeneric/Models/SM_Gen_Env_Tree_Pine_03.fbx
  artifactKey: Guid(ba159241ebd0fd249a6c93d38d491675) Importer(815301076,1909f56bfc062723c751e8b465ee728b)
Start importing Assets/Synty/PolygonGeneric/Models/SM_Gen_Env_Tree_Pine_03.fbx using Guid(ba159241ebd0fd249a6c93d38d491675) Importer(815301076,1909f56bfc062723c751e8b465ee728b) [PhysX] Initialized MultithreadedTaskDispatcher with 12 workers.
[PhysX] Initialized MultithreadedTaskDispatcher with 12 workers.
[PhysX] Initialized MultithreadedTaskDispatcher with 12 workers.
 -> (artifact id: 'cb786c18f5ff2ae6cd5eb4ad73eab3c5') in 0.018835 seconds
Number of updated asset objects reloaded before import = 0
Number of asset objects unloaded after import = 7
========================================================================
Received Import Request.
  Time since last request: 0.000021 seconds.
  path: Assets/Synty/PolygonGeneric/Models/SM_Gen_Prop_Barrel_Metal_03.fbx
  artifactKey: Guid(ac6be0052883d394aa8a4c1076a51345) Importer(815301076,1909f56bfc062723c751e8b465ee728b)
Start importing Assets/Synty/PolygonGeneric/Models/SM_Gen_Prop_Barrel_Metal_03.fbx using Guid(ac6be0052883d394aa8a4c1076a51345) Importer(815301076,1909f56bfc062723c751e8b465ee728b) [PhysX] Initialized MultithreadedTaskDispatcher with 12 workers.
[PhysX] Initialized MultithreadedTaskDispatcher with 12 workers.
[PhysX] Initialized MultithreadedTaskDispatcher with 12 workers.
 -> (artifact id: 'de88bd93177fd92c9bcb04c79dff9832') in 0.019996 seconds
Number of updated asset objects reloaded before import = 0
Number of asset objects unloaded after import = 7
========================================================================
Received Import Request.
  Time since last request: 0.000167 seconds.
  path: Assets/Synty/PolygonGeneric/Models/SM_Gen_Env_Stump_02.fbx
  artifactKey: Guid(fb9c03317a0cc834586c5a328fe35c4e) Importer(815301076,1909f56bfc062723c751e8b465ee728b)
Start importing Assets/Synty/PolygonGeneric/Models/SM_Gen_Env_Stump_02.fbx using Guid(fb9c03317a0cc834586c5a328fe35c4e) Importer(815301076,1909f56bfc062723c751e8b465ee728b) [PhysX] Initialized MultithreadedTaskDispatcher with 12 workers.
[PhysX] Initialized MultithreadedTaskDispatcher with 12 workers.
[PhysX] Initialized MultithreadedTaskDispatcher with 12 workers.
 -> (artifact id: '4d5e0e2fec4b214612ea4ecffaef4414') in 0.018593 seconds
Number of updated asset objects reloaded before import = 0
Number of asset objects unloaded after import = 7
========================================================================
Received Import Request.
  Time since last request: 0.000031 seconds.
  path: Assets/Synty/PolygonGeneric/Models/SM_Gen_Env_Twig_04.fbx
  artifactKey: Guid(04191cf042166ad459c97b96fccf0755) Importer(815301076,1909f56bfc062723c751e8b465ee728b)
Start importing Assets/Synty/PolygonGeneric/Models/SM_Gen_Env_Twig_04.fbx using Guid(04191cf042166ad459c97b96fccf0755) Importer(815301076,1909f56bfc062723c751e8b465ee728b) [PhysX] Initialized MultithreadedTaskDispatcher with 12 workers.
[PhysX] Initialized MultithreadedTaskDispatcher with 12 workers.
[PhysX] Initialized MultithreadedTaskDispatcher with 12 workers.
 -> (artifact id: '9348694a686d3ae63cc5850a920482ec') in 0.020174 seconds
Number of updated asset objects reloaded before import = 0
Number of asset objects unloaded after import = 7
========================================================================
Received Import Request.
  Time since last request: 0.000024 seconds.
  path: Assets/Synty/PolygonGeneric/Models/SM_Gen_Prop_Aircon_02.fbx
  artifactKey: Guid(27997e6e53c105b41a916872ee781aca) Importer(815301076,1909f56bfc062723c751e8b465ee728b)
Start importing Assets/Synty/PolygonGeneric/Models/SM_Gen_Prop_Aircon_02.fbx using Guid(27997e6e53c105b41a916872ee781aca) Importer(815301076,1909f56bfc062723c751e8b465ee728b) [PhysX] Initialized MultithreadedTaskDispatcher with 12 workers.
[PhysX] Initialized MultithreadedTaskDispatcher with 12 workers.
[PhysX] Initialized MultithreadedTaskDispatcher with 12 workers.
 -> (artifact id: '3708347c2af18c0f9560742aa4dbf2fe') in 0.018813 seconds
Number of updated asset objects reloaded before import = 0
Number of asset objects unloaded after import = 7
========================================================================
Received Import Request.
  Time since last request: 0.000023 seconds.
  path: Assets/Synty/PolygonGeneric/Models/SM_Gen_Env_Stalactite_02.fbx
  artifactKey: Guid(d84065667d809e3458faa9b9222d9d51) Importer(815301076,1909f56bfc062723c751e8b465ee728b)
Start importing Assets/Synty/PolygonGeneric/Models/SM_Gen_Env_Stalactite_02.fbx using Guid(d84065667d809e3458faa9b9222d9d51) Importer(815301076,1909f56bfc062723c751e8b465ee728b) [PhysX] Initialized MultithreadedTaskDispatcher with 12 workers.
[PhysX] Initialized MultithreadedTaskDispatcher with 12 workers.
[PhysX] Initialized MultithreadedTaskDispatcher with 12 workers.
 -> (artifact id: '2f8d7255cdc291d8436d5480acb00bbb') in 0.019699 seconds
Number of updated asset objects reloaded before import = 0
Number of asset objects unloaded after import = 7
========================================================================
Received Import Request.
  Time since last request: 0.000019 seconds.
  path: Assets/Synty/PolygonGeneric/Models/SM_Gen_Prop_Aircon_Roof_03.fbx
  artifactKey: Guid(bf1c3b837e1b243439f48e5a067eafe3) Importer(815301076,1909f56bfc062723c751e8b465ee728b)
Start importing Assets/Synty/PolygonGeneric/Models/SM_Gen_Prop_Aircon_Roof_03.fbx using Guid(bf1c3b837e1b243439f48e5a067eafe3) Importer(815301076,1909f56bfc062723c751e8b465ee728b) [PhysX] Initialized MultithreadedTaskDispatcher with 12 workers.
[PhysX] Initialized MultithreadedTaskDispatcher with 12 workers.
[PhysX] Initialized MultithreadedTaskDispatcher with 12 workers.
 -> (artifact id: '2f99b90284ac5621c0313d8f5038107f') in 0.020378 seconds
Number of updated asset objects reloaded before import = 0
Number of asset objects unloaded after import = 7
========================================================================
Received Import Request.
  Time since last request: 0.000024 seconds.
  path: Assets/Synty/PolygonGeneric/Models/SM_Gen_Prop_Bottle_01.fbx
  artifactKey: Guid(590b1215ae4f07849a8acf44d01b8a8a) Importer(815301076,1909f56bfc062723c751e8b465ee728b)
Start importing Assets/Synty/PolygonGeneric/Models/SM_Gen_Prop_Bottle_01.fbx using Guid(590b1215ae4f07849a8acf44d01b8a8a) Importer(815301076,1909f56bfc062723c751e8b465ee728b) [PhysX] Initialized MultithreadedTaskDispatcher with 12 workers.
[PhysX] Initialized MultithreadedTaskDispatcher with 12 workers.
[PhysX] Initialized MultithreadedTaskDispatcher with 12 workers.
 -> (artifact id: '31714a34cd5816c6cd0ad9e118432b8c') in 0.021311 seconds
Number of updated asset objects reloaded before import = 0
Number of asset objects unloaded after import = 7
========================================================================
Received Import Request.
  Time since last request: 0.000021 seconds.
  path: Assets/Synty/PolygonGeneric/Models/SM_Gen_Prop_Bottle_02.fbx
  artifactKey: Guid(f3fa86cb88d026b43876a81e31d82c37) Importer(815301076,1909f56bfc062723c751e8b465ee728b)
Start importing Assets/Synty/PolygonGeneric/Models/SM_Gen_Prop_Bottle_02.fbx using Guid(f3fa86cb88d026b43876a81e31d82c37) Importer(815301076,1909f56bfc062723c751e8b465ee728b) [PhysX] Initialized MultithreadedTaskDispatcher with 12 workers.
[PhysX] Initialized MultithreadedTaskDispatcher with 12 workers.
[PhysX] Initialized MultithreadedTaskDispatcher with 12 workers.
 -> (artifact id: '2da988920a9f2b84fff8f5f96b8c2968') in 0.019373 seconds
Number of updated asset objects reloaded before import = 0
Number of asset objects unloaded after import = 7
========================================================================
Received Import Request.
  Time since last request: 0.000022 seconds.
  path: Assets/Synty/PolygonGeneric/Models/SM_Gen_Prop_Bottle_04.fbx
  artifactKey: Guid(c8a8dd5c79ace34499bd61c0be8ba511) Importer(815301076,1909f56bfc062723c751e8b465ee728b)
Start importing Assets/Synty/PolygonGeneric/Models/SM_Gen_Prop_Bottle_04.fbx using Guid(c8a8dd5c79ace34499bd61c0be8ba511) Importer(815301076,1909f56bfc062723c751e8b465ee728b) [PhysX] Initialized MultithreadedTaskDispatcher with 12 workers.
[PhysX] Initialized MultithreadedTaskDispatcher with 12 workers.
[PhysX] Initialized MultithreadedTaskDispatcher with 12 workers.
 -> (artifact id: '9f845f667040ba59a1e5f09052888f06') in 0.019007 seconds
Number of updated asset objects reloaded before import = 0
Number of asset objects unloaded after import = 7
========================================================================
Received Import Request.
  Time since last request: 0.000019 seconds.
  path: Assets/Synty/PolygonGeneric/Models/SM_Gen_Prop_Aircon_Roof_02.fbx
  artifactKey: Guid(7112f46d588f87a4f8c292b1f61874fb) Importer(815301076,1909f56bfc062723c751e8b465ee728b)
Start importing Assets/Synty/PolygonGeneric/Models/SM_Gen_Prop_Aircon_Roof_02.fbx using Guid(7112f46d588f87a4f8c292b1f61874fb) Importer(815301076,1909f56bfc062723c751e8b465ee728b) [PhysX] Initialized MultithreadedTaskDispatcher with 12 workers.
[PhysX] Initialized MultithreadedTaskDispatcher with 12 workers.
[PhysX] Initialized MultithreadedTaskDispatcher with 12 workers.
 -> (artifact id: 'ac0ac97cd103a460fa32ba80c2fcd7a6') in 0.019992 seconds
Number of updated asset objects reloaded before import = 0
Number of asset objects unloaded after import = 7
========================================================================
Received Import Request.
  Time since last request: 0.000017 seconds.
  path: Assets/Synty/PolygonGeneric/Models/SM_Gen_Env_Tree_Pine_01.fbx
  artifactKey: Guid(d12987b571e8cdf48a9f9c8a87d0ad21) Importer(815301076,1909f56bfc062723c751e8b465ee728b)
Start importing Assets/Synty/PolygonGeneric/Models/SM_Gen_Env_Tree_Pine_01.fbx using Guid(d12987b571e8cdf48a9f9c8a87d0ad21) Importer(815301076,1909f56bfc062723c751e8b465ee728b) [PhysX] Initialized MultithreadedTaskDispatcher with 12 workers.
[PhysX] Initialized MultithreadedTaskDispatcher with 12 workers.
[PhysX] Initialized MultithreadedTaskDispatcher with 12 workers.
 -> (artifact id: '7e511f5a0b13db930e46d662434f043c') in 0.018266 seconds
Number of updated asset objects reloaded before import = 0
Number of asset objects unloaded after import = 7
========================================================================
Received Import Request.
  Time since last request: 0.000026 seconds.
  path: Assets/Synty/PolygonGeneric/Models/SM_Gen_Env_Waterfall_01.fbx
  artifactKey: Guid(d8afe24b267768644b2f0c14a669fb35) Importer(815301076,1909f56bfc062723c751e8b465ee728b)
Start importing Assets/Synty/PolygonGeneric/Models/SM_Gen_Env_Waterfall_01.fbx using Guid(d8afe24b267768644b2f0c14a669fb35) Importer(815301076,1909f56bfc062723c751e8b465ee728b) [PhysX] Initialized MultithreadedTaskDispatcher with 12 workers.
[PhysX] Initialized MultithreadedTaskDispatcher with 12 workers.
[PhysX] Initialized MultithreadedTaskDispatcher with 12 workers.
 -> (artifact id: '5575733cef45bdabf61f0b6d7224b345') in 0.019251 seconds
Number of updated asset objects reloaded before import = 0
Number of asset objects unloaded after import = 7
========================================================================
Received Import Request.
  Time since last request: 0.216667 seconds.
  path: Assets/Synty/PolygonGeneric/Models/SM_Gen_Prop_Button_02.fbx
  artifactKey: Guid(2b343e56dfa665a448572f9a36fa44a8) Importer(815301076,1909f56bfc062723c751e8b465ee728b)
Start importing Assets/Synty/PolygonGeneric/Models/SM_Gen_Prop_Button_02.fbx using Guid(2b343e56dfa665a448572f9a36fa44a8) Importer(815301076,1909f56bfc062723c751e8b465ee728b) [PhysX] Initialized MultithreadedTaskDispatcher with 12 workers.
[PhysX] Initialized MultithreadedTaskDispatcher with 12 workers.
[PhysX] Initialized MultithreadedTaskDispatcher with 12 workers.
[PhysX] Initialized MultithreadedTaskDispatcher with 12 workers.
[PhysX] Initialized MultithreadedTaskDispatcher with 12 workers.
 -> (artifact id: 'c65b3666fcbd6a8b1ddbf166ce582a23') in 0.048359 seconds
Number of updated asset objects reloaded before import = 0
Number of asset objects unloaded after import = 12
========================================================================
Received Import Request.
  Time since last request: 0.000938 seconds.
  path: Assets/Synty/PolygonGeneric/Models/SM_Gen_Prop_Chain_01.fbx
  artifactKey: Guid(a19644639a182e049b7f25643c5f49fa) Importer(815301076,1909f56bfc062723c751e8b465ee728b)
Start importing Assets/Synty/PolygonGeneric/Models/SM_Gen_Prop_Chain_01.fbx using Guid(a19644639a182e049b7f25643c5f49fa) Importer(815301076,1909f56bfc062723c751e8b465ee728b) [PhysX] Initialized MultithreadedTaskDispatcher with 12 workers.
[PhysX] Initialized MultithreadedTaskDispatcher with 12 workers.
[PhysX] Initialized MultithreadedTaskDispatcher with 12 workers.
 -> (artifact id: '61eb58ff9a1f727fa5429fd7ea0ea2da') in 0.026070 seconds
Number of updated asset objects reloaded before import = 0
Number of asset objects unloaded after import = 7
========================================================================
Received Import Request.
  Time since last request: 121.403387 seconds.
  path: Assets/Synty/PolygonGeneric/Materials/Generic_Brick.mat
  artifactKey: Guid(ce0a83df77763204a92ca89f1eb6e21c) Importer(815301076,1909f56bfc062723c751e8b465ee728b)
Start importing Assets/Synty/PolygonGeneric/Materials/Generic_Brick.mat using Guid(ce0a83df77763204a92ca89f1eb6e21c) Importer(815301076,1909f56bfc062723c751e8b465ee728b) [PhysX] Initialized MultithreadedTaskDispatcher with 12 workers.
[PhysX] Initialized MultithreadedTaskDispatcher with 12 workers.
 -> (artifact id: 'f595e239bc26ee8b78a191e30de22fb5') in 0.057043 seconds
Number of updated asset objects reloaded before import = 0
Number of asset objects unloaded after import = 2
========================================================================
Received Import Request.
  Time since last request: 0.000035 seconds.
  path: Assets/Synty/PolygonGeneric/Materials/Generic_Glass.mat
  artifactKey: Guid(e2afcc913d9479543a183c0cd24461b9) Importer(815301076,1909f56bfc062723c751e8b465ee728b)
Start importing Assets/Synty/PolygonGeneric/Materials/Generic_Glass.mat using Guid(e2afcc913d9479543a183c0cd24461b9) Importer(815301076,1909f56bfc062723c751e8b465ee728b) [PhysX] Initialized MultithreadedTaskDispatcher with 12 workers.
[PhysX] Initialized MultithreadedTaskDispatcher with 12 workers.
 -> (artifact id: '3c7aa8e2b4f9774679674dac3ee6a141') in 0.413315 seconds
Number of updated asset objects reloaded before import = 0
Number of asset objects unloaded after import = 1
========================================================================
Received Import Request.
  Time since last request: 0.000019 seconds.
  path: Assets/Synty/PolygonGeneric/Materials/Generic_Mountains.mat
  artifactKey: Guid(d449e15c908e00844a2f151c52e14384) Importer(815301076,1909f56bfc062723c751e8b465ee728b)
Start importing Assets/Synty/PolygonGeneric/Materials/Generic_Mountains.mat using Guid(d449e15c908e00844a2f151c52e14384) Importer(815301076,1909f56bfc062723c751e8b465ee728b) [PhysX] Initialized MultithreadedTaskDispatcher with 12 workers.
[PhysX] Initialized MultithreadedTaskDispatcher with 12 workers.
 -> (artifact id: '5a325db0b49d6602978c63c2c12edd30') in 0.015333 seconds
Number of updated asset objects reloaded before import = 0
Number of asset objects unloaded after import = 1
========================================================================
Received Import Request.
  Time since last request: 0.000030 seconds.
  path: Assets/Synty/PolygonGeneric/Materials/Generic_Wood.mat
  artifactKey: Guid(25d515228c5e00945ba99ea45cce08e6) Importer(815301076,1909f56bfc062723c751e8b465ee728b)
Start importing Assets/Synty/PolygonGeneric/Materials/Generic_Wood.mat using Guid(25d515228c5e00945ba99ea45cce08e6) Importer(815301076,1909f56bfc062723c751e8b465ee728b) [PhysX] Initialized MultithreadedTaskDispatcher with 12 workers.
[PhysX] Initialized MultithreadedTaskDispatcher with 12 workers.
 -> (artifact id: '190984ce4d39a00b314fbc4601bc521d') in 0.034039 seconds
Number of updated asset objects reloaded before import = 0
Number of asset objects unloaded after import = 2
========================================================================
Received Import Request.
  Time since last request: 0.000020 seconds.
  path: Assets/Synty/PolygonGeneric/Materials/Generic_Glass_Opaque.mat
  artifactKey: Guid(5f77cbf83028b6c46b8b0e8a2c372c99) Importer(815301076,1909f56bfc062723c751e8b465ee728b)
Start importing Assets/Synty/PolygonGeneric/Materials/Generic_Glass_Opaque.mat using Guid(5f77cbf83028b6c46b8b0e8a2c372c99) Importer(815301076,1909f56bfc062723c751e8b465ee728b) [PhysX] Initialized MultithreadedTaskDispatcher with 12 workers.
[PhysX] Initialized MultithreadedTaskDispatcher with 12 workers.
 -> (artifact id: 'db4c8e31599fb6edda70e981a773c136') in 0.012980 seconds
Number of updated asset objects reloaded before import = 0
Number of asset objects unloaded after import = 1
========================================================================
Received Import Request.
  Time since last request: 0.000030 seconds.
  path: Assets/Synty/PolygonGeneric/Materials/Generic_SimpleSky.mat
  artifactKey: Guid(9d4401b9160cb414f8ca60cfc844a46d) Importer(815301076,1909f56bfc062723c751e8b465ee728b)
Start importing Assets/Synty/PolygonGeneric/Materials/Generic_SimpleSky.mat using Guid(9d4401b9160cb414f8ca60cfc844a46d) Importer(815301076,1909f56bfc062723c751e8b465ee728b) [PhysX] Initialized MultithreadedTaskDispatcher with 12 workers.
[PhysX] Initialized MultithreadedTaskDispatcher with 12 workers.
 -> (artifact id: '4e3ae4b229ffac44a925a2b159992a35') in 0.326395 seconds
Number of updated asset objects reloaded before import = 0
Number of asset objects unloaded after import = 2
========================================================================
Received Import Request.
  Time since last request: 0.000027 seconds.
  path: Assets/Synty/PolygonGeneric/Materials/Generic_Grass.mat
  artifactKey: Guid(77d067287fb28b7409b920737e9eb9ff) Importer(815301076,1909f56bfc062723c751e8b465ee728b)
Start importing Assets/Synty/PolygonGeneric/Materials/Generic_Grass.mat using Guid(77d067287fb28b7409b920737e9eb9ff) Importer(815301076,1909f56bfc062723c751e8b465ee728b) [PhysX] Initialized MultithreadedTaskDispatcher with 12 workers.
[PhysX] Initialized MultithreadedTaskDispatcher with 12 workers.
 -> (artifact id: '7dc3f5282d19d0c52c03acec4b82fe37') in 0.086476 seconds
Number of updated asset objects reloaded before import = 0
Number of asset objects unloaded after import = 3
========================================================================
Received Import Request.
  Time since last request: 0.000033 seconds.
  path: Assets/Synty/PolygonGeneric/Materials/Generic_Overview_Map_Ground.mat
  artifactKey: Guid(61697f6b2a6443f45ac264b7f2aca5a0) Importer(815301076,1909f56bfc062723c751e8b465ee728b)
Start importing Assets/Synty/PolygonGeneric/Materials/Generic_Overview_Map_Ground.mat using Guid(61697f6b2a6443f45ac264b7f2aca5a0) Importer(815301076,1909f56bfc062723c751e8b465ee728b) [PhysX] Initialized MultithreadedTaskDispatcher with 12 workers.
[PhysX] Initialized MultithreadedTaskDispatcher with 12 workers.
 -> (artifact id: 'da9f4c9f9639904d2ad8192d0ba43c38') in 0.490386 seconds
Number of updated asset objects reloaded before import = 0
Number of asset objects unloaded after import = 1
========================================================================
Received Import Request.
  Time since last request: 0.000021 seconds.
  path: Assets/Synty/PolygonGeneric/Materials/Waterflow_01.mat
  artifactKey: Guid(6c8ee546b40eda64294d7c3260ccbd08) Importer(815301076,1909f56bfc062723c751e8b465ee728b)
Start importing Assets/Synty/PolygonGeneric/Materials/Waterflow_01.mat using Guid(6c8ee546b40eda64294d7c3260ccbd08) Importer(815301076,1909f56bfc062723c751e8b465ee728b) [PhysX] Initialized MultithreadedTaskDispatcher with 12 workers.
[PhysX] Initialized MultithreadedTaskDispatcher with 12 workers.
 -> (artifact id: '0126c9734540fc54a9a1de1c3bf1cc6e') in 0.904656 seconds
Number of updated asset objects reloaded before import = 0
Number of asset objects unloaded after import = 3
========================================================================
Received Import Request.
  Time since last request: 44.288384 seconds.
  path: Assets/Synty/PolygonGeneric/Materials/Alts/Generic_01_B.mat
  artifactKey: Guid(1f6edb5992e4e984984c78d3aaf59978) Importer(815301076,1909f56bfc062723c751e8b465ee728b)
Start importing Assets/Synty/PolygonGeneric/Materials/Alts/Generic_01_B.mat using Guid(1f6edb5992e4e984984c78d3aaf59978) Importer(815301076,1909f56bfc062723c751e8b465ee728b) [PhysX] Initialized MultithreadedTaskDispatcher with 12 workers.
[PhysX] Initialized MultithreadedTaskDispatcher with 12 workers.
 -> (artifact id: 'dd84ae20aa3e255ecc98821157676625') in 1.446138 seconds
Number of updated asset objects reloaded before import = 0
Number of asset objects unloaded after import = 5
========================================================================
Received Import Request.
  Time since last request: 0.000046 seconds.
  path: Assets/Synty/PolygonGeneric/Materials/Alts/Generic_03_C.mat
  artifactKey: Guid(7bf2755b3434c434488b9f3b96ee3637) Importer(815301076,1909f56bfc062723c751e8b465ee728b)
Start importing Assets/Synty/PolygonGeneric/Materials/Alts/Generic_03_C.mat using Guid(7bf2755b3434c434488b9f3b96ee3637) Importer(815301076,1909f56bfc062723c751e8b465ee728b) [PhysX] Initialized MultithreadedTaskDispatcher with 12 workers.
[PhysX] Initialized MultithreadedTaskDispatcher with 12 workers.
 -> (artifact id: 'f922dede0fc26f69709fc30283affd7d') in 0.671721 seconds
Number of updated asset objects reloaded before import = 0
Number of asset objects unloaded after import = 5
========================================================================
Received Import Request.
  Time since last request: 0.000057 seconds.
  path: Assets/Synty/PolygonGeneric/Materials/Alts/Generic_03_A.mat
  artifactKey: Guid(8e23b343e1317c042adbeddb83eff76e) Importer(815301076,1909f56bfc062723c751e8b465ee728b)
Start importing Assets/Synty/PolygonGeneric/Materials/Alts/Generic_03_A.mat using Guid(8e23b343e1317c042adbeddb83eff76e) Importer(815301076,1909f56bfc062723c751e8b465ee728b) [PhysX] Initialized MultithreadedTaskDispatcher with 12 workers.
[PhysX] Initialized MultithreadedTaskDispatcher with 12 workers.
 -> (artifact id: '7ca41a19823b8c53c7ae16f8eea3cb78') in 0.593920 seconds
Number of updated asset objects reloaded before import = 0
Number of asset objects unloaded after import = 5
========================================================================
Received Import Request.
  Time since last request: 32.656546 seconds.
  path: Assets/Synty/PolygonGeneric/Models/SM_Gen_Prop_Chain_03.fbx
  artifactKey: Guid(e60f4ad59e98bd649823521ec70d7a28) Importer(815301076,1909f56bfc062723c751e8b465ee728b)
Start importing Assets/Synty/PolygonGeneric/Models/SM_Gen_Prop_Chain_03.fbx using Guid(e60f4ad59e98bd649823521ec70d7a28) Importer(815301076,1909f56bfc062723c751e8b465ee728b) [PhysX] Initialized MultithreadedTaskDispatcher with 12 workers.
[PhysX] Initialized MultithreadedTaskDispatcher with 12 workers.
[PhysX] Initialized MultithreadedTaskDispatcher with 12 workers.
 -> (artifact id: '66df45315d16dad225bf32be7e74a5c2') in 0.024041 seconds
Number of updated asset objects reloaded before import = 0
Number of asset objects unloaded after import = 7
========================================================================
Received Import Request.
  Time since last request: 0.000016 seconds.
  path: Assets/Synty/PolygonGeneric/Models/SM_Gen_Prop_Chest_02.fbx
  artifactKey: Guid(b5c0720e551aa0c4eac8e776c227922a) Importer(815301076,1909f56bfc062723c751e8b465ee728b)
Start importing Assets/Synty/PolygonGeneric/Models/SM_Gen_Prop_Chest_02.fbx using Guid(b5c0720e551aa0c4eac8e776c227922a) Importer(815301076,1909f56bfc062723c751e8b465ee728b) [PhysX] Initialized MultithreadedTaskDispatcher with 12 workers.
[PhysX] Initialized MultithreadedTaskDispatcher with 12 workers.
[PhysX] Initialized MultithreadedTaskDispatcher with 12 workers.
[PhysX] Initialized MultithreadedTaskDispatcher with 12 workers.
[PhysX] Initialized MultithreadedTaskDispatcher with 12 workers.
 -> (artifact id: 'dd7a2b5fe4587cc388796207de641eaa') in 0.057154 seconds
Number of updated asset objects reloaded before import = 0
Number of asset objects unloaded after import = 12
========================================================================
Received Import Request.
  Time since last request: 0.000021 seconds.
  path: Assets/Synty/PolygonGeneric/Models/SM_Gen_Prop_Clock_01.fbx
  artifactKey: Guid(ad259d2af47bbe24882fc8a1f3af9117) Importer(815301076,1909f56bfc062723c751e8b465ee728b)
Start importing Assets/Synty/PolygonGeneric/Models/SM_Gen_Prop_Clock_01.fbx using Guid(ad259d2af47bbe24882fc8a1f3af9117) Importer(815301076,1909f56bfc062723c751e8b465ee728b) [PhysX] Initialized MultithreadedTaskDispatcher with 12 workers.
[PhysX] Initialized MultithreadedTaskDispatcher with 12 workers.
[PhysX] Initialized MultithreadedTaskDispatcher with 12 workers.
[PhysX] Initialized MultithreadedTaskDispatcher with 12 workers.
[PhysX] Initialized MultithreadedTaskDispatcher with 12 workers.
[PhysX] Initialized MultithreadedTaskDispatcher with 12 workers.
[PhysX] Initialized MultithreadedTaskDispatcher with 12 workers.
 -> (artifact id: '057e5faf1deff15ce99fa865a6841013') in 0.056493 seconds
Number of updated asset objects reloaded before import = 0
Number of asset objects unloaded after import = 17
========================================================================
Received Import Request.
  Time since last request: 0.000026 seconds.
  path: Assets/Synty/PolygonGeneric/Models/SM_Gen_Prop_Crate_Preset_01.fbx
  artifactKey: Guid(f4432b50b1e97ea44a3c8e3a5edf7387) Importer(815301076,1909f56bfc062723c751e8b465ee728b)
Start importing Assets/Synty/PolygonGeneric/Models/SM_Gen_Prop_Crate_Preset_01.fbx using Guid(f4432b50b1e97ea44a3c8e3a5edf7387) Importer(815301076,1909f56bfc062723c751e8b465ee728b) [PhysX] Initialized MultithreadedTaskDispatcher with 12 workers.
[PhysX] Initialized MultithreadedTaskDispatcher with 12 workers.
[PhysX] Initialized MultithreadedTaskDispatcher with 12 workers.
 -> (artifact id: '27508a7adaa8ed53ec40ebca37a05f32') in 0.027733 seconds
Number of updated asset objects reloaded before import = 0
Number of asset objects unloaded after import = 7
========================================================================
Received Import Request.
  Time since last request: 0.000035 seconds.
  path: Assets/Synty/PolygonGeneric/Models/SM_Gen_Prop_Coin_Pile_02.fbx
  artifactKey: Guid(e90c855d10500fc47a4ab2887fb02282) Importer(815301076,1909f56bfc062723c751e8b465ee728b)
Start importing Assets/Synty/PolygonGeneric/Models/SM_Gen_Prop_Coin_Pile_02.fbx using Guid(e90c855d10500fc47a4ab2887fb02282) Importer(815301076,1909f56bfc062723c751e8b465ee728b) [PhysX] Initialized MultithreadedTaskDispatcher with 12 workers.
[PhysX] Initialized MultithreadedTaskDispatcher with 12 workers.
[PhysX] Initialized MultithreadedTaskDispatcher with 12 workers.
 -> (artifact id: 'fbf39398fe0506eeaeec29313904496f') in 0.019541 seconds
Number of updated asset objects reloaded before import = 0
Number of asset objects unloaded after import = 7
========================================================================
Received Import Request.
  Time since last request: 0.612039 seconds.
  path: Assets/Synty/PolygonGeneric/Models/SM_Gen_Prop_Food_Bread_02.fbx
  artifactKey: Guid(bd1e64ec8ac28b34e807385f215e89fa) Importer(815301076,1909f56bfc062723c751e8b465ee728b)
Start importing Assets/Synty/PolygonGeneric/Models/SM_Gen_Prop_Food_Bread_02.fbx using Guid(bd1e64ec8ac28b34e807385f215e89fa) Importer(815301076,1909f56bfc062723c751e8b465ee728b) [PhysX] Initialized MultithreadedTaskDispatcher with 12 workers.
[PhysX] Initialized MultithreadedTaskDispatcher with 12 workers.
[PhysX] Initialized MultithreadedTaskDispatcher with 12 workers.
 -> (artifact id: '6cbc34362c06037affacc8654c0384db') in 0.019447 seconds
Number of updated asset objects reloaded before import = 0
Number of asset objects unloaded after import = 7
========================================================================
Received Import Request.
  Time since last request: 0.000036 seconds.
  path: Assets/Synty/PolygonGeneric/Models/SM_Gen_Prop_Food_Meat_03.fbx
  artifactKey: Guid(ea99c895e35e5bb45a7156956abb9e5b) Importer(815301076,1909f56bfc062723c751e8b465ee728b)
Start importing Assets/Synty/PolygonGeneric/Models/SM_Gen_Prop_Food_Meat_03.fbx using Guid(ea99c895e35e5bb45a7156956abb9e5b) Importer(815301076,1909f56bfc062723c751e8b465ee728b) [PhysX] Initialized MultithreadedTaskDispatcher with 12 workers.
[PhysX] Initialized MultithreadedTaskDispatcher with 12 workers.
[PhysX] Initialized MultithreadedTaskDispatcher with 12 workers.
 -> (artifact id: 'e4a8631c897ccaddae023c31fe7135de') in 0.022115 seconds
Number of updated asset objects reloaded before import = 0
Number of asset objects unloaded after import = 7
========================================================================
Received Import Request.
  Time since last request: 0.146827 seconds.
  path: Assets/Synty/PolygonGeneric/Models/SM_Gen_Prop_Food_Vegetable_02.fbx
  artifactKey: Guid(164e3115eba9402489d140bf15504e09) Importer(815301076,1909f56bfc062723c751e8b465ee728b)
Start importing Assets/Synty/PolygonGeneric/Models/SM_Gen_Prop_Food_Vegetable_02.fbx using Guid(164e3115eba9402489d140bf15504e09) Importer(815301076,1909f56bfc062723c751e8b465ee728b) [PhysX] Initialized MultithreadedTaskDispatcher with 12 workers.
[PhysX] Initialized MultithreadedTaskDispatcher with 12 workers.
[PhysX] Initialized MultithreadedTaskDispatcher with 12 workers.
 -> (artifact id: '6df5a9bdc60c10a18e9f82b9f3b95866') in 0.020740 seconds
Number of updated asset objects reloaded before import = 0
Number of asset objects unloaded after import = 7
========================================================================
Received Import Request.
  Time since last request: 0.000021 seconds.
  path: Assets/Synty/PolygonGeneric/Models/SM_Gen_Prop_Hook_01.fbx
  artifactKey: Guid(37a243298fdd69e4dadf144237ac6942) Importer(815301076,1909f56bfc062723c751e8b465ee728b)
Start importing Assets/Synty/PolygonGeneric/Models/SM_Gen_Prop_Hook_01.fbx using Guid(37a243298fdd69e4dadf144237ac6942) Importer(815301076,1909f56bfc062723c751e8b465ee728b) [PhysX] Initialized MultithreadedTaskDispatcher with 12 workers.
[PhysX] Initialized MultithreadedTaskDispatcher with 12 workers.
[PhysX] Initialized MultithreadedTaskDispatcher with 12 workers.
 -> (artifact id: '43db870752adea3c959ed6cc020225f5') in 0.019272 seconds
Number of updated asset objects reloaded before import = 0
Number of asset objects unloaded after import = 7
========================================================================
Received Import Request.
  Time since last request: 0.492688 seconds.
  path: Assets/Synty/PolygonGeneric/Models/SM_Gen_Prop_Lever_01.fbx
  artifactKey: Guid(eacf13e12c65ba842b010aebbc809075) Importer(815301076,1909f56bfc062723c751e8b465ee728b)
Start importing Assets/Synty/PolygonGeneric/Models/SM_Gen_Prop_Lever_01.fbx using Guid(eacf13e12c65ba842b010aebbc809075) Importer(815301076,1909f56bfc062723c751e8b465ee728b) [PhysX] Initialized MultithreadedTaskDispatcher with 12 workers.
[PhysX] Initialized MultithreadedTaskDispatcher with 12 workers.
[PhysX] Initialized MultithreadedTaskDispatcher with 12 workers.
[PhysX] Initialized MultithreadedTaskDispatcher with 12 workers.
[PhysX] Initialized MultithreadedTaskDispatcher with 12 workers.
 -> (artifact id: 'd7a9fd24aad6c3d6053f493f385e37a1') in 0.025762 seconds
Number of updated asset objects reloaded before import = 0
Number of asset objects unloaded after import = 12
========================================================================
Received Import Request.
  Time since last request: 0.000021 seconds.
  path: Assets/Synty/PolygonGeneric/Models/SM_Gen_Prop_Light_Wall_01.fbx
  artifactKey: Guid(8b89d0af22b30374c959171ff4902a3a) Importer(815301076,1909f56bfc062723c751e8b465ee728b)
Start importing Assets/Synty/PolygonGeneric/Models/SM_Gen_Prop_Light_Wall_01.fbx using Guid(8b89d0af22b30374c959171ff4902a3a) Importer(815301076,1909f56bfc062723c751e8b465ee728b) [PhysX] Initialized MultithreadedTaskDispatcher with 12 workers.
[PhysX] Initialized MultithreadedTaskDispatcher with 12 workers.
[PhysX] Initialized MultithreadedTaskDispatcher with 12 workers.
 -> (artifact id: '6a3898cee4d6b86c87b3e550d9740524') in 0.017091 seconds
Number of updated asset objects reloaded before import = 0
Number of asset objects unloaded after import = 7
========================================================================
Received Import Request.
  Time since last request: 0.000024 seconds.
  path: Assets/Synty/PolygonGeneric/Models/SM_Gen_Prop_Light_Roof_02.fbx
  artifactKey: Guid(bdbdd17a3a5fe144cb805eb930ec11d8) Importer(815301076,1909f56bfc062723c751e8b465ee728b)
Start importing Assets/Synty/PolygonGeneric/Models/SM_Gen_Prop_Light_Roof_02.fbx using Guid(bdbdd17a3a5fe144cb805eb930ec11d8) Importer(815301076,1909f56bfc062723c751e8b465ee728b) [PhysX] Initialized MultithreadedTaskDispatcher with 12 workers.
[PhysX] Initialized MultithreadedTaskDispatcher with 12 workers.
[PhysX] Initialized MultithreadedTaskDispatcher with 12 workers.
 -> (artifact id: 'f8de4e8433d83cbb865d5b0470c43935') in 0.017998 seconds
Number of updated asset objects reloaded before import = 0
Number of asset objects unloaded after import = 7
========================================================================
Received Import Request.
  Time since last request: 0.000027 seconds.
  path: Assets/Synty/PolygonGeneric/Models/SM_Gen_Prop_Manhole_01.fbx
  artifactKey: Guid(017813bd61b9e8e4591504d3b0346696) Importer(815301076,1909f56bfc062723c751e8b465ee728b)
Start importing Assets/Synty/PolygonGeneric/Models/SM_Gen_Prop_Manhole_01.fbx using Guid(017813bd61b9e8e4591504d3b0346696) Importer(815301076,1909f56bfc062723c751e8b465ee728b) [PhysX] Initialized MultithreadedTaskDispatcher with 12 workers.
[PhysX] Initialized MultithreadedTaskDispatcher with 12 workers.
[PhysX] Initialized MultithreadedTaskDispatcher with 12 workers.
 -> (artifact id: '5aebb6887b6e5ae4098977d232950a27') in 0.016302 seconds
Number of updated asset objects reloaded before import = 0
Number of asset objects unloaded after import = 7
========================================================================
Received Import Request.
  Time since last request: 0.630160 seconds.
  path: Assets/Synty/PolygonGeneric/Models/SM_Gen_Prop_Papers_01.fbx
  artifactKey: Guid(a375c3c35c5cf69488b871597a01a599) Importer(815301076,1909f56bfc062723c751e8b465ee728b)
Start importing Assets/Synty/PolygonGeneric/Models/SM_Gen_Prop_Papers_01.fbx using Guid(a375c3c35c5cf69488b871597a01a599) Importer(815301076,1909f56bfc062723c751e8b465ee728b) [PhysX] Initialized MultithreadedTaskDispatcher with 12 workers.
[PhysX] Initialized MultithreadedTaskDispatcher with 12 workers.
[PhysX] Initialized MultithreadedTaskDispatcher with 12 workers.
 -> (artifact id: 'e521ca0891c1737eea05786124ee5ad1') in 0.019232 seconds
Number of updated asset objects reloaded before import = 0
Number of asset objects unloaded after import = 7
========================================================================
Received Import Request.
  Time since last request: 0.000021 seconds.
  path: Assets/Synty/PolygonGeneric/Models/SM_Gen_Prop_Papers_03.fbx
  artifactKey: Guid(d25bca549b06e58498e0db6fba4caea3) Importer(815301076,1909f56bfc062723c751e8b465ee728b)
Start importing Assets/Synty/PolygonGeneric/Models/SM_Gen_Prop_Papers_03.fbx using Guid(d25bca549b06e58498e0db6fba4caea3) Importer(815301076,1909f56bfc062723c751e8b465ee728b) [PhysX] Initialized MultithreadedTaskDispatcher with 12 workers.
[PhysX] Initialized MultithreadedTaskDispatcher with 12 workers.
[PhysX] Initialized MultithreadedTaskDispatcher with 12 workers.
 -> (artifact id: 'c2606dac0f24918696a81d3669d5260f') in 0.021286 seconds
Number of updated asset objects reloaded before import = 0
Number of asset objects unloaded after import = 7
========================================================================
Received Import Request.
  Time since last request: 0.000026 seconds.
  path: Assets/Synty/PolygonGeneric/Models/SM_Gen_Prop_Plank_01.fbx
  artifactKey: Guid(9bd1c0230c115e4408313ef73743ecbc) Importer(815301076,1909f56bfc062723c751e8b465ee728b)
Start importing Assets/Synty/PolygonGeneric/Models/SM_Gen_Prop_Plank_01.fbx using Guid(9bd1c0230c115e4408313ef73743ecbc) Importer(815301076,1909f56bfc062723c751e8b465ee728b) [PhysX] Initialized MultithreadedTaskDispatcher with 12 workers.
[PhysX] Initialized MultithreadedTaskDispatcher with 12 workers.
[PhysX] Initialized MultithreadedTaskDispatcher with 12 workers.
 -> (artifact id: '4242a8dda65a16adcc4689448256b18a') in 0.018655 seconds
Number of updated asset objects reloaded before import = 0
Number of asset objects unloaded after import = 7
========================================================================
Received Import Request.
  Time since last request: 0.062989 seconds.
  path: Assets/Synty/PolygonGeneric/Models/SM_Gen_Prop_Plinth_01.fbx
  artifactKey: Guid(5445ccbabe39e2243a8d9edd51cbaf12) Importer(815301076,1909f56bfc062723c751e8b465ee728b)
Start importing Assets/Synty/PolygonGeneric/Models/SM_Gen_Prop_Plinth_01.fbx using Guid(5445ccbabe39e2243a8d9edd51cbaf12) Importer(815301076,1909f56bfc062723c751e8b465ee728b) [PhysX] Initialized MultithreadedTaskDispatcher with 12 workers.
[PhysX] Initialized MultithreadedTaskDispatcher with 12 workers.
[PhysX] Initialized MultithreadedTaskDispatcher with 12 workers.
 -> (artifact id: '638ea64cd557d8d12dbcf79694822035') in 0.017672 seconds
Number of updated asset objects reloaded before import = 0
Number of asset objects unloaded after import = 7
========================================================================
Received Import Request.
  Time since last request: 0.000016 seconds.
  path: Assets/Synty/PolygonGeneric/Models/SM_Gen_Prop_Pot_04.fbx
  artifactKey: Guid(85423b41cb82c7d46aca7e7e3944d3f4) Importer(815301076,1909f56bfc062723c751e8b465ee728b)
Start importing Assets/Synty/PolygonGeneric/Models/SM_Gen_Prop_Pot_04.fbx using Guid(85423b41cb82c7d46aca7e7e3944d3f4) Importer(815301076,1909f56bfc062723c751e8b465ee728b) [PhysX] Initialized MultithreadedTaskDispatcher with 12 workers.
[PhysX] Initialized MultithreadedTaskDispatcher with 12 workers.
[PhysX] Initialized MultithreadedTaskDispatcher with 12 workers.
 -> (artifact id: '0e35c28a6c727425e23e55947d5e5c74') in 0.020099 seconds
Number of updated asset objects reloaded before import = 0
Number of asset objects unloaded after import = 7
========================================================================
Received Import Request.
  Time since last request: 0.000017 seconds.
  path: Assets/Synty/PolygonGeneric/Models/SM_Gen_Prop_Pot_02.fbx
  artifactKey: Guid(57a31086cbad01c4692444f917f5dbed) Importer(815301076,1909f56bfc062723c751e8b465ee728b)
Start importing Assets/Synty/PolygonGeneric/Models/SM_Gen_Prop_Pot_02.fbx using Guid(57a31086cbad01c4692444f917f5dbed) Importer(815301076,1909f56bfc062723c751e8b465ee728b) [PhysX] Initialized MultithreadedTaskDispatcher with 12 workers.
[PhysX] Initialized MultithreadedTaskDispatcher with 12 workers.
[PhysX] Initialized MultithreadedTaskDispatcher with 12 workers.
 -> (artifact id: 'eca03c2c9c0ef42ea618e93a04bc43a7') in 0.018322 seconds
Number of updated asset objects reloaded before import = 0
Number of asset objects unloaded after import = 7
========================================================================
Received Import Request.
  Time since last request: 1.671834 seconds.
  path: Assets/Synty/PolygonGeneric/Models/SM_Gen_Prop_Rope_01.fbx
  artifactKey: Guid(d9209e2768c76fd4984079d82cff0d2b) Importer(815301076,1909f56bfc062723c751e8b465ee728b)
Start importing Assets/Synty/PolygonGeneric/Models/SM_Gen_Prop_Rope_01.fbx using Guid(d9209e2768c76fd4984079d82cff0d2b) Importer(815301076,1909f56bfc062723c751e8b465ee728b) [PhysX] Initialized MultithreadedTaskDispatcher with 12 workers.
[PhysX] Initialized MultithreadedTaskDispatcher with 12 workers.
[PhysX] Initialized MultithreadedTaskDispatcher with 12 workers.
 -> (artifact id: 'd6cd4b9329e3c23e5b90ae695cd175d3') in 0.021689 seconds
Number of updated asset objects reloaded before import = 0
Number of asset objects unloaded after import = 7
========================================================================
Received Import Request.
  Time since last request: 0.000018 seconds.
  path: Assets/Synty/PolygonGeneric/Models/SM_Gen_Prop_Sack_02.fbx
  artifactKey: Guid(84df0a55b74c05248b168aba8558ba4f) Importer(815301076,1909f56bfc062723c751e8b465ee728b)
Start importing Assets/Synty/PolygonGeneric/Models/SM_Gen_Prop_Sack_02.fbx using Guid(84df0a55b74c05248b168aba8558ba4f) Importer(815301076,1909f56bfc062723c751e8b465ee728b) [PhysX] Initialized MultithreadedTaskDispatcher with 12 workers.
[PhysX] Initialized MultithreadedTaskDispatcher with 12 workers.
[PhysX] Initialized MultithreadedTaskDispatcher with 12 workers.
 -> (artifact id: '74fd09429a0a6025f3c4c16ba12b0528') in 0.022165 seconds
Number of updated asset objects reloaded before import = 0
Number of asset objects unloaded after import = 7
========================================================================
Received Import Request.
  Time since last request: 0.733749 seconds.
  path: Assets/Synty/PolygonGeneric/Models/SM_Gen_Prop_Sack_05.fbx
  artifactKey: Guid(db80fb89e46b4b34580afb7638e42fea) Importer(815301076,1909f56bfc062723c751e8b465ee728b)
Start importing Assets/Synty/PolygonGeneric/Models/SM_Gen_Prop_Sack_05.fbx using Guid(db80fb89e46b4b34580afb7638e42fea) Importer(815301076,1909f56bfc062723c751e8b465ee728b) [PhysX] Initialized MultithreadedTaskDispatcher with 12 workers.
[PhysX] Initialized MultithreadedTaskDispatcher with 12 workers.
[PhysX] Initialized MultithreadedTaskDispatcher with 12 workers.
 -> (artifact id: '1ccf398338610cfd4b1653ef3169c99e') in 0.027013 seconds
Number of updated asset objects reloaded before import = 0
Number of asset objects unloaded after import = 7
========================================================================
Received Import Request.
  Time since last request: 0.000029 seconds.
  path: Assets/Synty/PolygonGeneric/Models/SM_Gen_Prop_Shelf_01.fbx
  artifactKey: Guid(11808410918b5834a96b9f079e424195) Importer(815301076,1909f56bfc062723c751e8b465ee728b)
Start importing Assets/Synty/PolygonGeneric/Models/SM_Gen_Prop_Shelf_01.fbx using Guid(11808410918b5834a96b9f079e424195) Importer(815301076,1909f56bfc062723c751e8b465ee728b) [PhysX] Initialized MultithreadedTaskDispatcher with 12 workers.
[PhysX] Initialized MultithreadedTaskDispatcher with 12 workers.
[PhysX] Initialized MultithreadedTaskDispatcher with 12 workers.
 -> (artifact id: 'ee75bbcb53732a805055f5e12254ab9c') in 0.029497 seconds
Number of updated asset objects reloaded before import = 0
Number of asset objects unloaded after import = 7
========================================================================
Received Import Request.
  Time since last request: 0.000038 seconds.
  path: Assets/Synty/PolygonGeneric/Models/SM_Gen_Prop_Screen_01.fbx
  artifactKey: Guid(c5f74aa18b3bbc54b8e54fb1664a8f94) Importer(815301076,1909f56bfc062723c751e8b465ee728b)
Start importing Assets/Synty/PolygonGeneric/Models/SM_Gen_Prop_Screen_01.fbx using Guid(c5f74aa18b3bbc54b8e54fb1664a8f94) Importer(815301076,1909f56bfc062723c751e8b465ee728b) [PhysX] Initialized MultithreadedTaskDispatcher with 12 workers.
[PhysX] Initialized MultithreadedTaskDispatcher with 12 workers.
[PhysX] Initialized MultithreadedTaskDispatcher with 12 workers.
 -> (artifact id: 'df298317ea896215aaab950ba6c84e29') in 0.026612 seconds
Number of updated asset objects reloaded before import = 0
Number of asset objects unloaded after import = 7
========================================================================
Received Import Request.
  Time since last request: 0.173376 seconds.
  path: Assets/Synty/PolygonGeneric/Models/SM_Gen_Prop_Statue_01.fbx
  artifactKey: Guid(08b45cacf504e2c4289f439785aeb65d) Importer(815301076,1909f56bfc062723c751e8b465ee728b)
Start importing Assets/Synty/PolygonGeneric/Models/SM_Gen_Prop_Statue_01.fbx using Guid(08b45cacf504e2c4289f439785aeb65d) Importer(815301076,1909f56bfc062723c751e8b465ee728b) [PhysX] Initialized MultithreadedTaskDispatcher with 12 workers.
[PhysX] Initialized MultithreadedTaskDispatcher with 12 workers.
[PhysX] Initialized MultithreadedTaskDispatcher with 12 workers.
 -> (artifact id: 'bab8e9e9c50d1359ef3d2ca613cdeac1') in 0.020766 seconds
Number of updated asset objects reloaded before import = 0
Number of asset objects unloaded after import = 7
========================================================================
Received Import Request.
  Time since last request: 0.000016 seconds.
  path: Assets/Synty/PolygonGeneric/Models/SM_Gen_Prop_Table_01.fbx
  artifactKey: Guid(075b344a1f981cd458d6fd25993b2606) Importer(815301076,1909f56bfc062723c751e8b465ee728b)
Start importing Assets/Synty/PolygonGeneric/Models/SM_Gen_Prop_Table_01.fbx using Guid(075b344a1f981cd458d6fd25993b2606) Importer(815301076,1909f56bfc062723c751e8b465ee728b) [PhysX] Initialized MultithreadedTaskDispatcher with 12 workers.
[PhysX] Initialized MultithreadedTaskDispatcher with 12 workers.
[PhysX] Initialized MultithreadedTaskDispatcher with 12 workers.
 -> (artifact id: '0bc48b54a59907d1d38162cf36d2ea3e') in 0.017841 seconds
Number of updated asset objects reloaded before import = 0
Number of asset objects unloaded after import = 7
========================================================================
Received Import Request.
  Time since last request: 0.000018 seconds.
  path: Assets/Synty/PolygonGeneric/Models/SM_Gen_Prop_Statue_05.fbx
  artifactKey: Guid(651445218e9f4a546ad803dfce19e539) Importer(815301076,1909f56bfc062723c751e8b465ee728b)
Start importing Assets/Synty/PolygonGeneric/Models/SM_Gen_Prop_Statue_05.fbx using Guid(651445218e9f4a546ad803dfce19e539) Importer(815301076,1909f56bfc062723c751e8b465ee728b) [PhysX] Initialized MultithreadedTaskDispatcher with 12 workers.
[PhysX] Initialized MultithreadedTaskDispatcher with 12 workers.
[PhysX] Initialized MultithreadedTaskDispatcher with 12 workers.
 -> (artifact id: '66ae3c49f678c6fc17653682e20aec18') in 0.021339 seconds
Number of updated asset objects reloaded before import = 0
Number of asset objects unloaded after import = 7
========================================================================
Received Import Request.
  Time since last request: 0.635690 seconds.
  path: Assets/Synty/PolygonGeneric/Models/SM_Gen_Wep_Pickaxe_01.fbx
  artifactKey: Guid(9ca673e8a334c1d47b819432a63c90dc) Importer(815301076,1909f56bfc062723c751e8b465ee728b)
Start importing Assets/Synty/PolygonGeneric/Models/SM_Gen_Wep_Pickaxe_01.fbx using Guid(9ca673e8a334c1d47b819432a63c90dc) Importer(815301076,1909f56bfc062723c751e8b465ee728b) [PhysX] Initialized MultithreadedTaskDispatcher with 12 workers.
[PhysX] Initialized MultithreadedTaskDispatcher with 12 workers.
[PhysX] Initialized MultithreadedTaskDispatcher with 12 workers.
 -> (artifact id: '379876346c298100f836874a89b8f88d') in 0.019230 seconds
Number of updated asset objects reloaded before import = 0
Number of asset objects unloaded after import = 7
========================================================================
Received Import Request.
  Time since last request: 23.422020 seconds.
  path: Assets/Synty/PolygonGeneric/Models/Base/SM_Bld_Base_Pillar_Half_04.fbx
  artifactKey: Guid(e3a3765960d1dbb4885e8e27990da608) Importer(815301076,1909f56bfc062723c751e8b465ee728b)
Start importing Assets/Synty/PolygonGeneric/Models/Base/SM_Bld_Base_Pillar_Half_04.fbx using Guid(e3a3765960d1dbb4885e8e27990da608) Importer(815301076,1909f56bfc062723c751e8b465ee728b) [PhysX] Initialized MultithreadedTaskDispatcher with 12 workers.
[PhysX] Initialized MultithreadedTaskDispatcher with 12 workers.
[PhysX] Initialized MultithreadedTaskDispatcher with 12 workers.
 -> (artifact id: 'f09f62c7526f91b0decb01542b915f76') in 0.022206 seconds
Number of updated asset objects reloaded before import = 0
Number of asset objects unloaded after import = 7
========================================================================
Received Import Request.
  Time since last request: 0.000018 seconds.
  path: Assets/Synty/PolygonGeneric/Models/Base/SM_Bld_Base_Roof_Cap_End_01.fbx
  artifactKey: Guid(07977252dddea974998caceb29e25f6d) Importer(815301076,1909f56bfc062723c751e8b465ee728b)
Start importing Assets/Synty/PolygonGeneric/Models/Base/SM_Bld_Base_Roof_Cap_End_01.fbx using Guid(07977252dddea974998caceb29e25f6d) Importer(815301076,1909f56bfc062723c751e8b465ee728b) [PhysX] Initialized MultithreadedTaskDispatcher with 12 workers.
[PhysX] Initialized MultithreadedTaskDispatcher with 12 workers.
[PhysX] Initialized MultithreadedTaskDispatcher with 12 workers.
 -> (artifact id: 'aa4b63891bec8ff2c02b4afe3af523ff') in 0.021915 seconds
Number of updated asset objects reloaded before import = 0
Number of asset objects unloaded after import = 7
========================================================================
Received Import Request.
  Time since last request: 0.000024 seconds.
  path: Assets/Synty/PolygonGeneric/Models/Base/SM_Bld_Base_Roof_Cap_Half_01.fbx
  artifactKey: Guid(866a91178ecb86a4380de382854bef69) Importer(815301076,1909f56bfc062723c751e8b465ee728b)
Start importing Assets/Synty/PolygonGeneric/Models/Base/SM_Bld_Base_Roof_Cap_Half_01.fbx using Guid(866a91178ecb86a4380de382854bef69) Importer(815301076,1909f56bfc062723c751e8b465ee728b) [PhysX] Initialized MultithreadedTaskDispatcher with 12 workers.
[PhysX] Initialized MultithreadedTaskDispatcher with 12 workers.
[PhysX] Initialized MultithreadedTaskDispatcher with 12 workers.
 -> (artifact id: '6e98ed31833995b7c11b1aae9ec42294') in 0.027140 seconds
Number of updated asset objects reloaded before import = 0
Number of asset objects unloaded after import = 7
========================================================================
Received Import Request.
  Time since last request: 1.273844 seconds.
  path: Assets/Synty/PolygonGeneric/Models/Base/Collision/SM_Bld_Base_Stairs_02_Collision.fbx
  artifactKey: Guid(15f8f99e0a16cda40a034fc5cf1f8b71) Importer(815301076,1909f56bfc062723c751e8b465ee728b)
Start importing Assets/Synty/PolygonGeneric/Models/Base/Collision/SM_Bld_Base_Stairs_02_Collision.fbx using Guid(15f8f99e0a16cda40a034fc5cf1f8b71) Importer(815301076,1909f56bfc062723c751e8b465ee728b) [PhysX] Initialized MultithreadedTaskDispatcher with 12 workers.
[PhysX] Initialized MultithreadedTaskDispatcher with 12 workers.
[PhysX] Initialized MultithreadedTaskDispatcher with 12 workers.
 -> (artifact id: '14042b8661ec05c727a836ae42fcf45b') in 0.025377 seconds
Number of updated asset objects reloaded before import = 0
Number of asset objects unloaded after import = 7
========================================================================
Received Import Request.
  Time since last request: 0.000023 seconds.
  path: Assets/Synty/PolygonGeneric/Models/Base/Collision/SM_Bld_Base_Wall_Door_01_Collision.fbx
  artifactKey: Guid(298bfa47b5631d54493e78b4faef0faf) Importer(815301076,1909f56bfc062723c751e8b465ee728b)
Start importing Assets/Synty/PolygonGeneric/Models/Base/Collision/SM_Bld_Base_Wall_Door_01_Collision.fbx using Guid(298bfa47b5631d54493e78b4faef0faf) Importer(815301076,1909f56bfc062723c751e8b465ee728b) [PhysX] Initialized MultithreadedTaskDispatcher with 12 workers.
[PhysX] Initialized MultithreadedTaskDispatcher with 12 workers.
[PhysX] Initialized MultithreadedTaskDispatcher with 12 workers.
 -> (artifact id: '4a30a6b7c7b697109e77c80d5e9f543d') in 0.027273 seconds
Number of updated asset objects reloaded before import = 0
Number of asset objects unloaded after import = 7
========================================================================
Received Import Request.
  Time since last request: 4.357838 seconds.
  path: Assets/Synty/PolygonGeneric/Models/Collision/SM_Gen_Prop_Barrel_Metal_02_Convex.asset
  artifactKey: Guid(67a40b54663ef89438b3a81a49d0b69f) Importer(815301076,1909f56bfc062723c751e8b465ee728b)
Start importing Assets/Synty/PolygonGeneric/Models/Collision/SM_Gen_Prop_Barrel_Metal_02_Convex.asset using Guid(67a40b54663ef89438b3a81a49d0b69f) Importer(815301076,1909f56bfc062723c751e8b465ee728b) [PhysX] Initialized MultithreadedTaskDispatcher with 12 workers.
[PhysX] Initialized MultithreadedTaskDispatcher with 12 workers.
 -> (artifact id: '550043d43d61be0b4311b52f9f5bd1c9') in 0.013639 seconds
Number of updated asset objects reloaded before import = 0
Number of asset objects unloaded after import = 2
========================================================================
Received Import Request.
  Time since last request: 0.000017 seconds.
  path: Assets/Synty/PolygonGeneric/Models/Collision/SM_Gen_Prop_Food_Meat_04_Convex.asset
  artifactKey: Guid(85a6a02314c341841a374f1e60c71a63) Importer(815301076,1909f56bfc062723c751e8b465ee728b)
Start importing Assets/Synty/PolygonGeneric/Models/Collision/SM_Gen_Prop_Food_Meat_04_Convex.asset using Guid(85a6a02314c341841a374f1e60c71a63) Importer(815301076,1909f56bfc062723c751e8b465ee728b) [PhysX] Initialized MultithreadedTaskDispatcher with 12 workers.
[PhysX] Initialized MultithreadedTaskDispatcher with 12 workers.
 -> (artifact id: '998faf8aac8f884eade462e417419f24') in 0.081094 seconds
Number of updated asset objects reloaded before import = 0
Number of asset objects unloaded after import = 2
========================================================================
Received Import Request.
  Time since last request: 0.000021 seconds.
  path: Assets/Synty/PolygonGeneric/Models/Collision/SM_Gen_Prop_Button_02_Convex.asset
  artifactKey: Guid(f8cf7095105e25a42a99cacc880d6820) Importer(815301076,1909f56bfc062723c751e8b465ee728b)
Start importing Assets/Synty/PolygonGeneric/Models/Collision/SM_Gen_Prop_Button_02_Convex.asset using Guid(f8cf7095105e25a42a99cacc880d6820) Importer(815301076,1909f56bfc062723c751e8b465ee728b) [PhysX] Initialized MultithreadedTaskDispatcher with 12 workers.
[PhysX] Initialized MultithreadedTaskDispatcher with 12 workers.
 -> (artifact id: '32512529d54e5e7d01e7df87a30e2f21') in 0.079571 seconds
Number of updated asset objects reloaded before import = 0
Number of asset objects unloaded after import = 2
========================================================================
Received Import Request.
  Time since last request: 0.000023 seconds.
  path: Assets/Synty/PolygonGeneric/Models/Collision/SM_Gen_Prop_Food_Meat_06_Convex.asset
  artifactKey: Guid(f5a0ebd022d84ba408e74f1453da0915) Importer(815301076,1909f56bfc062723c751e8b465ee728b)
Start importing Assets/Synty/PolygonGeneric/Models/Collision/SM_Gen_Prop_Food_Meat_06_Convex.asset using Guid(f5a0ebd022d84ba408e74f1453da0915) Importer(815301076,1909f56bfc062723c751e8b465ee728b) [PhysX] Initialized MultithreadedTaskDispatcher with 12 workers.
[PhysX] Initialized MultithreadedTaskDispatcher with 12 workers.
 -> (artifact id: 'f0656d53ecc9e6e0cdc9dd9ce3599084') in 0.016072 seconds
Number of updated asset objects reloaded before import = 0
Number of asset objects unloaded after import = 2
========================================================================
Received Import Request.
  Time since last request: 0.000026 seconds.
  path: Assets/Synty/PolygonGeneric/Models/Collision/SM_Gen_Prop_Button_01_Convex.asset
  artifactKey: Guid(304ae54764a49bf499b0804fdeb0f157) Importer(815301076,1909f56bfc062723c751e8b465ee728b)
Start importing Assets/Synty/PolygonGeneric/Models/Collision/SM_Gen_Prop_Button_01_Convex.asset using Guid(304ae54764a49bf499b0804fdeb0f157) Importer(815301076,1909f56bfc062723c751e8b465ee728b) [PhysX] Initialized MultithreadedTaskDispatcher with 12 workers.
[PhysX] Initialized MultithreadedTaskDispatcher with 12 workers.
 -> (artifact id: 'cd0d167735ada831cb554b85cab4ff35') in 0.014525 seconds
Number of updated asset objects reloaded before import = 0
Number of asset objects unloaded after import = 2
========================================================================
Received Import Request.
  Time since last request: 0.000033 seconds.
  path: Assets/Synty/PolygonGeneric/Models/Collision/SM_Gen_Prop_Coin_Stack_01_Convex.asset
  artifactKey: Guid(6c1f076da7923b3409cba656bb6bd9dd) Importer(815301076,1909f56bfc062723c751e8b465ee728b)
Start importing Assets/Synty/PolygonGeneric/Models/Collision/SM_Gen_Prop_Coin_Stack_01_Convex.asset using Guid(6c1f076da7923b3409cba656bb6bd9dd) Importer(815301076,1909f56bfc062723c751e8b465ee728b) [PhysX] Initialized MultithreadedTaskDispatcher with 12 workers.
[PhysX] Initialized MultithreadedTaskDispatcher with 12 workers.
 -> (artifact id: 'c56d6f6a47e13234e4e7d151000730d8') in 0.012526 seconds
Number of updated asset objects reloaded before import = 0
Number of asset objects unloaded after import = 2
========================================================================
Received Import Request.
  Time since last request: 0.000019 seconds.
  path: Assets/Synty/PolygonGeneric/Models/Collision/SM_Gen_Prop_Food_Bread_02_Convex.asset
  artifactKey: Guid(9d481cb8aae8de94e8bd1fe5c356ccd3) Importer(815301076,1909f56bfc062723c751e8b465ee728b)
Start importing Assets/Synty/PolygonGeneric/Models/Collision/SM_Gen_Prop_Food_Bread_02_Convex.asset using Guid(9d481cb8aae8de94e8bd1fe5c356ccd3) Importer(815301076,1909f56bfc062723c751e8b465ee728b) [PhysX] Initialized MultithreadedTaskDispatcher with 12 workers.
[PhysX] Initialized MultithreadedTaskDispatcher with 12 workers.
 -> (artifact id: '27738c793489a9e4668721a1d8019042') in 0.013636 seconds
Number of updated asset objects reloaded before import = 0
Number of asset objects unloaded after import = 2
========================================================================
Received Import Request.
  Time since last request: 0.000015 seconds.
  path: Assets/Synty/PolygonGeneric/Models/Collision/SM_Gen_Prop_Barrel_Wood_03_Convex.asset
  artifactKey: Guid(192698796be9cb84ebda51c357db20a8) Importer(815301076,1909f56bfc062723c751e8b465ee728b)
Start importing Assets/Synty/PolygonGeneric/Models/Collision/SM_Gen_Prop_Barrel_Wood_03_Convex.asset using Guid(192698796be9cb84ebda51c357db20a8) Importer(815301076,1909f56bfc062723c751e8b465ee728b) [PhysX] Initialized MultithreadedTaskDispatcher with 12 workers.
[PhysX] Initialized MultithreadedTaskDispatcher with 12 workers.
 -> (artifact id: '6230981568dd659b5d872aa3b723fcc7') in 0.011885 seconds
Number of updated asset objects reloaded before import = 0
Number of asset objects unloaded after import = 2
========================================================================
Received Import Request.
  Time since last request: 0.000029 seconds.
  path: Assets/Synty/PolygonGeneric/Models/Collision/SM_Gen_Prop_Bottle_05_Convex.asset
  artifactKey: Guid(15e27ca37fb439b43ae8a917a393944f) Importer(815301076,1909f56bfc062723c751e8b465ee728b)
Start importing Assets/Synty/PolygonGeneric/Models/Collision/SM_Gen_Prop_Bottle_05_Convex.asset using Guid(15e27ca37fb439b43ae8a917a393944f) Importer(815301076,1909f56bfc062723c751e8b465ee728b) [PhysX] Initialized MultithreadedTaskDispatcher with 12 workers.
[PhysX] Initialized MultithreadedTaskDispatcher with 12 workers.
 -> (artifact id: '90782ed28db009ecd1f45e3fde07e9cc') in 0.012275 seconds
Number of updated asset objects reloaded before import = 0
Number of asset objects unloaded after import = 2
========================================================================
Received Import Request.
  Time since last request: 0.000015 seconds.
  path: Assets/Synty/PolygonGeneric/Models/Collision/SM_Gen_Prop_Chest_01_Convex.asset
  artifactKey: Guid(c362fd450dcb7f14f9eb2d318b236b4b) Importer(815301076,1909f56bfc062723c751e8b465ee728b)
Start importing Assets/Synty/PolygonGeneric/Models/Collision/SM_Gen_Prop_Chest_01_Convex.asset using Guid(c362fd450dcb7f14f9eb2d318b236b4b) Importer(815301076,1909f56bfc062723c751e8b465ee728b) [PhysX] Initialized MultithreadedTaskDispatcher with 12 workers.
[PhysX] Initialized MultithreadedTaskDispatcher with 12 workers.
 -> (artifact id: '25ae11873699c95ffbe5474a74000430') in 0.014156 seconds
Number of updated asset objects reloaded before import = 0
Number of asset objects unloaded after import = 2
========================================================================
Received Import Request.
  Time since last request: 0.000018 seconds.
  path: Assets/Synty/PolygonGeneric/Models/Collision/SM_Gen_Prop_Food_Meat_05_Convex.asset
  artifactKey: Guid(6bccb3eb099fcfa43938c5190e4d0790) Importer(815301076,1909f56bfc062723c751e8b465ee728b)
Start importing Assets/Synty/PolygonGeneric/Models/Collision/SM_Gen_Prop_Food_Meat_05_Convex.asset using Guid(6bccb3eb099fcfa43938c5190e4d0790) Importer(815301076,1909f56bfc062723c751e8b465ee728b) [PhysX] Initialized MultithreadedTaskDispatcher with 12 workers.
[PhysX] Initialized MultithreadedTaskDispatcher with 12 workers.
 -> (artifact id: '91c1e9e4bba70e8df5d2517ded4d8568') in 0.012875 seconds
Number of updated asset objects reloaded before import = 0
Number of asset objects unloaded after import = 2
========================================================================
Received Import Request.
  Time since last request: 0.000016 seconds.
  path: Assets/Synty/PolygonGeneric/Models/Collision/SM_Gen_Prop_Barrel_Wood_02_Convex.asset
  artifactKey: Guid(7d39ff10d0f89e44eaa81641f61a977f) Importer(815301076,1909f56bfc062723c751e8b465ee728b)
Start importing Assets/Synty/PolygonGeneric/Models/Collision/SM_Gen_Prop_Barrel_Wood_02_Convex.asset using Guid(7d39ff10d0f89e44eaa81641f61a977f) Importer(815301076,1909f56bfc062723c751e8b465ee728b) [PhysX] Initialized MultithreadedTaskDispatcher with 12 workers.
[PhysX] Initialized MultithreadedTaskDispatcher with 12 workers.
 -> (artifact id: 'c80938ad4ba47e7712f6c961299c3536') in 0.014485 seconds
Number of updated asset objects reloaded before import = 0
Number of asset objects unloaded after import = 2
========================================================================
Received Import Request.
  Time since last request: 0.753165 seconds.
  path: Assets/Synty/PolygonGeneric/Models/Collision/SM_Gen_Prop_Key_01_Convex.asset
  artifactKey: Guid(3ed9993fb72d03b4ea4d12ece392f12c) Importer(815301076,1909f56bfc062723c751e8b465ee728b)
Start importing Assets/Synty/PolygonGeneric/Models/Collision/SM_Gen_Prop_Key_01_Convex.asset using Guid(3ed9993fb72d03b4ea4d12ece392f12c) Importer(815301076,1909f56bfc062723c751e8b465ee728b) [PhysX] Initialized MultithreadedTaskDispatcher with 12 workers.
[PhysX] Initialized MultithreadedTaskDispatcher with 12 workers.
 -> (artifact id: 'b7826ca0965fff16d041882883d3ca63') in 0.016850 seconds
Number of updated asset objects reloaded before import = 0
Number of asset objects unloaded after import = 2
========================================================================
Received Import Request.
  Time since last request: 0.000019 seconds.
  path: Assets/Synty/PolygonGeneric/Models/Collision/SM_Gen_Prop_Lever_01_Convex.asset
  artifactKey: Guid(7f3c7413304a8bf438b7c93535f95661) Importer(815301076,1909f56bfc062723c751e8b465ee728b)
Start importing Assets/Synty/PolygonGeneric/Models/Collision/SM_Gen_Prop_Lever_01_Convex.asset using Guid(7f3c7413304a8bf438b7c93535f95661) Importer(815301076,1909f56bfc062723c751e8b465ee728b) [PhysX] Initialized MultithreadedTaskDispatcher with 12 workers.
[PhysX] Initialized MultithreadedTaskDispatcher with 12 workers.
 -> (artifact id: 'a4fa9ef078209252322dd50d0e01f2b9') in 0.014537 seconds
Number of updated asset objects reloaded before import = 0
Number of asset objects unloaded after import = 2
========================================================================
Received Import Request.
  Time since last request: 0.029212 seconds.
  path: Assets/Synty/PolygonGeneric/Models/Collision/SM_Gen_Prop_Pot_02_Convex.asset
  artifactKey: Guid(ba2dc7b760b486a44bdd0f41ef605ef8) Importer(815301076,1909f56bfc062723c751e8b465ee728b)
Start importing Assets/Synty/PolygonGeneric/Models/Collision/SM_Gen_Prop_Pot_02_Convex.asset using Guid(ba2dc7b760b486a44bdd0f41ef605ef8) Importer(815301076,1909f56bfc062723c751e8b465ee728b) [PhysX] Initialized MultithreadedTaskDispatcher with 12 workers.
[PhysX] Initialized MultithreadedTaskDispatcher with 12 workers.
 -> (artifact id: '17424e1072b53ecbae69dbd96ae86fd7') in 0.014785 seconds
Number of updated asset objects reloaded before import = 0
Number of asset objects unloaded after import = 2
========================================================================
Received Import Request.
  Time since last request: 0.000018 seconds.
  path: Assets/Synty/PolygonGeneric/Models/Collision/SM_Gen_Prop_Statue_03_Convex.asset
  artifactKey: Guid(9dbf11c6713fb20429455ffdc109473e) Importer(815301076,1909f56bfc062723c751e8b465ee728b)
Start importing Assets/Synty/PolygonGeneric/Models/Collision/SM_Gen_Prop_Statue_03_Convex.asset using Guid(9dbf11c6713fb20429455ffdc109473e) Importer(815301076,1909f56bfc062723c751e8b465ee728b) [PhysX] Initialized MultithreadedTaskDispatcher with 12 workers.
[PhysX] Initialized MultithreadedTaskDispatcher with 12 workers.
[PhysX] Initialized MultithreadedTaskDispatcher with 12 workers.
[PhysX] Initialized MultithreadedTaskDispatcher with 12 workers.
[PhysX] Initialized MultithreadedTaskDispatcher with 12 workers.
[PhysX] Initialized MultithreadedTaskDispatcher with 12 workers.
[PhysX] Initialized MultithreadedTaskDispatcher with 12 workers.
 -> (artifact id: '274894279b68e830290c990717ca310e') in 0.035421 seconds
Number of updated asset objects reloaded before import = 0
Number of asset objects unloaded after import = 7
========================================================================
Received Import Request.
  Time since last request: 0.000022 seconds.
  path: Assets/Synty/PolygonGeneric/Models/Collision/SM_Gen_Prop_Switch_01_Convex.asset
  artifactKey: Guid(12f0b633bfad7ca418f420f09b5d4172) Importer(815301076,1909f56bfc062723c751e8b465ee728b)
Start importing Assets/Synty/PolygonGeneric/Models/Collision/SM_Gen_Prop_Switch_01_Convex.asset using Guid(12f0b633bfad7ca418f420f09b5d4172) Importer(815301076,1909f56bfc062723c751e8b465ee728b) [PhysX] Initialized MultithreadedTaskDispatcher with 12 workers.
[PhysX] Initialized MultithreadedTaskDispatcher with 12 workers.
 -> (artifact id: 'df6228be4099ceb5b1ca48b8d33d10f4') in 0.014021 seconds
Number of updated asset objects reloaded before import = 0
Number of asset objects unloaded after import = 2
========================================================================
Received Import Request.
  Time since last request: 3.070511 seconds.
  path: Assets/Synty/PolygonGeneric/Models/FX/FX_LightRay_Round_01.fbx
  artifactKey: Guid(1c748c5d34914ce6a75c32b6e181b9fc) Importer(815301076,1909f56bfc062723c751e8b465ee728b)
Start importing Assets/Synty/PolygonGeneric/Models/FX/FX_LightRay_Round_01.fbx using Guid(1c748c5d34914ce6a75c32b6e181b9fc) Importer(815301076,1909f56bfc062723c751e8b465ee728b) [PhysX] Initialized MultithreadedTaskDispatcher with 12 workers.
[PhysX] Initialized MultithreadedTaskDispatcher with 12 workers.
[PhysX] Initialized MultithreadedTaskDispatcher with 12 workers.
[PhysX] Initialized MultithreadedTaskDispatcher with 12 workers.
[PhysX] Initialized MultithreadedTaskDispatcher with 12 workers.
 -> (artifact id: '98e52bb51be8c05abd55a3ab51da8ada') in 0.080699 seconds
Number of updated asset objects reloaded before import = 0
Number of asset objects unloaded after import = 13
Editor requested this worker to shutdown with reason: Scaling down because of idle timeout
TcpMessagingSession - receive error: operation aborted. errorcode: 995, details: The I/O operation has been aborted because of either a thread exit or an application request.
AssetImportWorker is now disconnected from the server
Process exiting
Exiting without the bug reporter. Application will terminate with return code 0