Using pre-set license
Built from '2022.3/staging' branch; Version is '2022.3.50f1 (c3db7f8bf9b1) revision 12835711'; Using compiler version '192829333'; Build Type 'Release'
OS: 'Windows 11  (10.0.26200) 64bit Core' Language: 'en' Physical Memory: 32605 MB
BatchMode: 1, IsHumanControllingUs: 0, StartBugReporterOnCrash: 0, Is64bit: 1, IsPro: 1

COMMAND LINE ARGUMENTS:
C:\Program Files\Unity\Hub\Editor\2022.3.50f1\Editor\Unity.exe
-adb2
-batchMode
-noUpm
-name
AssetImportWorker1
-projectPath
D:/Projects/Tattoo-Game/Tattoo Game
-logFile
Logs/AssetImportWorker1.log
-srvPort
52257
Successfully changed project path to: D:/Projects/Tattoo-Game/Tattoo Game
D:/Projects/Tattoo-Game/Tattoo Game
[UnityMemory] Configuration Parameters - Can be set up in boot.config
    "memorysetup-bucket-allocator-granularity=16"
    "memorysetup-bucket-allocator-bucket-count=8"
    "memorysetup-bucket-allocator-block-size=33554432"
    "memorysetup-bucket-allocator-block-count=8"
    "memorysetup-main-allocator-block-size=16777216"
    "memorysetup-thread-allocator-block-size=16777216"
    "memorysetup-gfx-main-allocator-block-size=16777216"
    "memorysetup-gfx-thread-allocator-block-size=16777216"
    "memorysetup-cache-allocator-block-size=4194304"
    "memorysetup-typetree-allocator-block-size=2097152"
    "memorysetup-profiler-bucket-allocator-granularity=16"
    "memorysetup-profiler-bucket-allocator-bucket-count=8"
    "memorysetup-profiler-bucket-allocator-block-size=33554432"
    "memorysetup-profiler-bucket-allocator-block-count=8"
    "memorysetup-profiler-allocator-block-size=16777216"
    "memorysetup-profiler-editor-allocator-block-size=1048576"
    "memorysetup-temp-allocator-size-main=16777216"
    "memorysetup-job-temp-allocator-block-size=2097152"
    "memorysetup-job-temp-allocator-block-size-background=1048576"
    "memorysetup-job-temp-allocator-reduction-small-platforms=262144"
    "memorysetup-allocator-temp-initial-block-size-main=262144"
    "memorysetup-allocator-temp-initial-block-size-worker=262144"
    "memorysetup-temp-allocator-size-background-worker=32768"
    "memorysetup-temp-allocator-size-job-worker=262144"
    "memorysetup-temp-allocator-size-preload-manager=33554432"
    "memorysetup-temp-allocator-size-nav-mesh-worker=65536"
    "memorysetup-temp-allocator-size-audio-worker=65536"
    "memorysetup-temp-allocator-size-cloud-worker=32768"
    "memorysetup-temp-allocator-size-gi-baking-worker=262144"
    "memorysetup-temp-allocator-size-gfx=262144"
Player connection [11432]  Target information:

Player connection [11432]  * "[IP] 192.168.133.1 [Port] 0 [Flags] 2 [Guid] 998321166 [EditorId] 998321166 [Version] 1048832 [Id] WindowsEditor(7,Tortuga) [Debug] 1 [PackageName] WindowsEditor [ProjectName] Editor" 

Player connection [11432]  * "[IP] 192.168.64.1 [Port] 0 [Flags] 2 [Guid] 998321166 [EditorId] 998321166 [Version] 1048832 [Id] WindowsEditor(7,Tortuga) [Debug] 1 [PackageName] WindowsEditor [ProjectName] Editor" 

Player connection [11432]  * "[IP] 192.168.0.179 [Port] 0 [Flags] 2 [Guid] 998321166 [EditorId] 998321166 [Version] 1048832 [Id] WindowsEditor(7,Tortuga) [Debug] 1 [PackageName] WindowsEditor [ProjectName] Editor" 

Player connection [11432] Host joined multi-casting on [225.0.0.222:54997]...
Player connection [11432] Host joined alternative multi-casting on [225.0.0.222:34997]...
[PhysX] Initialized MultithreadedTaskDispatcher with 12 workers.
Refreshing native plugins compatible for Editor in 210.11 ms, found 4 plugins.
Preloading 0 native plugins for Editor in 0.00 ms.
Initialize engine version: 2022.3.50f1 (c3db7f8bf9b1)
[Subsystems] Discovering subsystems at path C:/Program Files/Unity/Hub/Editor/2022.3.50f1/Editor/Data/Resources/UnitySubsystems
[Subsystems] Discovering subsystems at path D:/Projects/Tattoo-Game/Tattoo Game/Assets
GfxDevice: creating device client; threaded=0; jobified=0
Direct3D:
    Version:  Direct3D 11.0 [level 11.1]
    Renderer: NVIDIA GeForce RTX 3060 Laptop GPU (ID=0x2520)
    Vendor:   NVIDIA
    VRAM:     5994 MB
    Driver:   32.0.15.9597
Initialize mono
Mono path[0] = 'C:/Program Files/Unity/Hub/Editor/2022.3.50f1/Editor/Data/Managed'
Mono path[1] = 'C:/Program Files/Unity/Hub/Editor/2022.3.50f1/Editor/Data/MonoBleedingEdge/lib/mono/unityjit-win32'
Mono config path = 'C:/Program Files/Unity/Hub/Editor/2022.3.50f1/Editor/Data/MonoBleedingEdge/etc'
Using monoOptions --debugger-agent=transport=dt_socket,embedding=1,server=y,suspend=n,address=127.0.0.1:56308
Begin MonoManager ReloadAssembly
Registering precompiled unity dll's ...
Register platform support module: C:/Program Files/Unity/Hub/Editor/2022.3.50f1/Editor/Data/PlaybackEngines/AndroidPlayer/UnityEditor.Android.Extensions.dll
Register platform support module: C:/Program Files/Unity/Hub/Editor/2022.3.50f1/Editor/Data/PlaybackEngines/iOSSupport/UnityEditor.iOS.Extensions.dll
Register platform support module: C:/Program Files/Unity/Hub/Editor/2022.3.50f1/Editor/Data/PlaybackEngines/WindowsStandaloneSupport/UnityEditor.WindowsStandalone.Extensions.dll
Registered in 0.015318 seconds.
- Loaded All Assemblies, in  1.458 seconds
Native extension for WindowsStandalone target not found
[usbmuxd] Start listen thread
[usbmuxd] Listen thread started
Native extension for iOS target not found
Native extension for Android target not found
Android Extension - Scanning For ADB Devices 342 ms
Mono: successfully reloaded assembly
- Finished resetting the current domain, in  0.837 seconds
Domain Reload Profiling: 2291ms
	BeginReloadAssembly (120ms)
		ExecutionOrderSort (0ms)
		DisableScriptedObjects (0ms)
		BackupInstance (0ms)
		ReleaseScriptingObjects (0ms)
		CreateAndSetChildDomain (1ms)
	RebuildCommonClasses (204ms)
	RebuildNativeTypeToScriptingClass (11ms)
	initialDomainReloadingComplete (74ms)
	LoadAllAssembliesAndSetupDomain (1046ms)
		LoadAssemblies (118ms)
		RebuildTransferFunctionScriptingTraits (0ms)
		AnalyzeDomain (1043ms)
			TypeCache.Refresh (1041ms)
				TypeCache.ScanAssembly (573ms)
			ScanForSourceGeneratedMonoScriptInfo (0ms)
			ResolveRequiredComponents (1ms)
	FinalizeReload (837ms)
		ReleaseScriptCaches (0ms)
		RebuildScriptCaches (0ms)
		SetupLoadedEditorAssemblies (778ms)
			LogAssemblyErrors (0ms)
			InitializePlatformSupportModulesInManaged (517ms)
			SetLoadedEditorAssemblies (5ms)
			RefreshPlugins (0ms)
			BeforeProcessingInitializeOnLoad (2ms)
			ProcessInitializeOnLoadAttributes (158ms)
			ProcessInitializeOnLoadMethodAttributes (96ms)
			AfterProcessingInitializeOnLoad (0ms)
			EditorAssembliesLoaded (0ms)
		ExecutionOrderSort2 (0ms)
		AwakeInstancesAfterBackupRestoration (0ms)
========================================================================
Worker process is ready to serve import requests
Caller must complete domain reload
Begin MonoManager ReloadAssembly
- Loaded All Assemblies, in  2.600 seconds
Native extension for WindowsStandalone target not found
Native extension for iOS target not found
Native extension for Android target not found
Mono: successfully reloaded assembly
Package Manager log level set to [2]
[Package Manager] Server::EnsureServerProcessIsRunning -- launch failed, reason: Unity was launched with the -noUpm command-line argument
[Package Manager] UpmClient::Send -- Unable to send message (not connected to UPM process).
[Package Manager] Cannot connect to Unity Package Manager local server
[Package Manager] Server::EnsureServerProcessIsRunning -- launch failed, reason: Unity was launched with the -noUpm command-line argument
[Package Manager] UpmClient::Send -- Unable to send message (not connected to UPM process).
[Package Manager] Cannot connect to Unity Package Manager local server
- Finished resetting the current domain, in  0.985 seconds
Domain Reload Profiling: 3581ms
	BeginReloadAssembly (185ms)
		ExecutionOrderSort (0ms)
		DisableScriptedObjects (6ms)
		BackupInstance (0ms)
		ReleaseScriptingObjects (0ms)
		CreateAndSetChildDomain (28ms)
	RebuildCommonClasses (52ms)
	RebuildNativeTypeToScriptingClass (17ms)
	initialDomainReloadingComplete (60ms)
	LoadAllAssembliesAndSetupDomain (2281ms)
		LoadAssemblies (1979ms)
		RebuildTransferFunctionScriptingTraits (0ms)
		AnalyzeDomain (408ms)
			TypeCache.Refresh (369ms)
				TypeCache.ScanAssembly (347ms)
			ScanForSourceGeneratedMonoScriptInfo (29ms)
			ResolveRequiredComponents (8ms)
	FinalizeReload (986ms)
		ReleaseScriptCaches (0ms)
		RebuildScriptCaches (0ms)
		SetupLoadedEditorAssemblies (740ms)
			LogAssemblyErrors (0ms)
			InitializePlatformSupportModulesInManaged (36ms)
			SetLoadedEditorAssemblies (5ms)
			RefreshPlugins (0ms)
			BeforeProcessingInitializeOnLoad (96ms)
			ProcessInitializeOnLoadAttributes (440ms)
			ProcessInitializeOnLoadMethodAttributes (147ms)
			AfterProcessingInitializeOnLoad (16ms)
			EditorAssembliesLoaded (0ms)
		ExecutionOrderSort2 (0ms)
		AwakeInstancesAfterBackupRestoration (12ms)
Launched and connected shader compiler UnityShaderCompiler.exe after 0.05 seconds
Refreshing native plugins compatible for Editor in 10.98 ms, found 4 plugins.
Preloading 0 native plugins for Editor in 0.00 ms.
Unloading 5347 Unused Serialized files (Serialized files now loaded: 0)
Unloading 37 unused Assets / (510.5 KB). Loaded Objects now: 5813.
Memory consumption went from 182.4 MB to 181.9 MB.
Total: 6.510200 ms (FindLiveObjects: 0.595100 ms CreateObjectMapping: 0.723100 ms MarkObjects: 4.907700 ms  DeleteObjects: 0.282800 ms)

AssetImportParameters requested are different than current active one (requested -> active):
  custom:container-demuxer-ogg: 62fdf1f143b41e24485cea50d1cbac27 -> 
  custom:video-codec-MediaFoundation-h265: 746d11721c4dcdbdad8f713fa42b33f4 -> 
  custom:video-decoder-ogg-theora: a1e56fd34408186e4bbccfd4996cb3dc -> 
  custom:framework-win-MediaFoundation: 216162199b28c13a410421893ffa2e32 -> 
  custom:CustomObjectIndexerAttribute: 9a22284fe3817be447336de3de66b15e -> 
  custom:container-demuxer-webm: 4f35f7cbe854078d1ac9338744f61a02 -> 
  custom:container-muxer-webm: aa71ff27fc2769a1b78a27578f13a17b -> 
  custom:video-decoder-webm-vp8: 9c59270c3fd7afecdb556c50c9e8de78 -> 
  custom:SearchIndexIgnoredProperties: e643bd26f0fe6173181afceb89e7c659 -> 
  custom:AudioImporter_EditorPlatform: d09bf68614088b80899f8185d706f6e7 -> 
  custom:video-encoder-webm-vp8: eb34c28f22e8b96e1ab97ce403110664 -> 
  custom:audio-decoder-ogg-vorbis: bf7c407c2cedff20999df2af8eb42d56 -> 
  custom:audio-encoder-webm-vorbis: bf7c407c2cedff20999df2af8eb42d56 -> 
========================================================================
Received Import Request.
  Time since last request: 1211.387665 seconds.
  path: Assets/Synty/PolygonGeneric/Prefabs/Building/SM_Gen_Bld_Beam_02.prefab
  artifactKey: Guid(6ce647eb9c525484e886ac8c43f8d2af) Importer(815301076,1909f56bfc062723c751e8b465ee728b)
Start importing Assets/Synty/PolygonGeneric/Prefabs/Building/SM_Gen_Bld_Beam_02.prefab using Guid(6ce647eb9c525484e886ac8c43f8d2af) Importer(815301076,1909f56bfc062723c751e8b465ee728b) [PhysX] Initialized MultithreadedTaskDispatcher with 12 workers.
[PhysX] Initialized MultithreadedTaskDispatcher with 12 workers.
 -> (artifact id: 'fbe797909cfe4835f006f5c0ae637e8a') in 1.713966 seconds
Number of updated asset objects reloaded before import = 0
Number of asset objects unloaded after import = 13
========================================================================
Received Import Request.
  Time since last request: 0.000043 seconds.
  path: Assets/Synty/PolygonGeneric/Prefabs/Building/SM_Gen_Bld_Background_09.prefab
  artifactKey: Guid(5d99032999c9c8c43bd6781f974032ab) Importer(815301076,1909f56bfc062723c751e8b465ee728b)
Start importing Assets/Synty/PolygonGeneric/Prefabs/Building/SM_Gen_Bld_Background_09.prefab using Guid(5d99032999c9c8c43bd6781f974032ab) Importer(815301076,1909f56bfc062723c751e8b465ee728b) [PhysX] Initialized MultithreadedTaskDispatcher with 12 workers.
[PhysX] Initialized MultithreadedTaskDispatcher with 12 workers.
 -> (artifact id: '58c4dc79fb436050c6c1050c4616e06a') in 1.866271 seconds
Number of updated asset objects reloaded before import = 0
Number of asset objects unloaded after import = 21
========================================================================
Received Import Request.
  Time since last request: 0.000032 seconds.
  path: Assets/Synty/PolygonGeneric/Prefabs/Building/SM_Gen_Bld_Pipe_Straight_01.prefab
  artifactKey: Guid(e33e7b470eb8231459b464810844726c) Importer(815301076,1909f56bfc062723c751e8b465ee728b)
Start importing Assets/Synty/PolygonGeneric/Prefabs/Building/SM_Gen_Bld_Pipe_Straight_01.prefab using Guid(e33e7b470eb8231459b464810844726c) Importer(815301076,1909f56bfc062723c751e8b465ee728b) [PhysX] Initialized MultithreadedTaskDispatcher with 12 workers.
[PhysX] Initialized MultithreadedTaskDispatcher with 12 workers.
 -> (artifact id: 'cfd08ca219efe701fc27bbcd3db83717') in 0.346817 seconds
Number of updated asset objects reloaded before import = 0
Number of asset objects unloaded after import = 13
========================================================================
Received Import Request.
  Time since last request: 0.015609 seconds.
  path: Assets/Synty/PolygonGeneric/Prefabs/Building/SM_Gen_Bld_Pipe_Straight_02.prefab
  artifactKey: Guid(b6085aeffc2931c41bb5ed80887ae862) Importer(815301076,1909f56bfc062723c751e8b465ee728b)
Start importing Assets/Synty/PolygonGeneric/Prefabs/Building/SM_Gen_Bld_Pipe_Straight_02.prefab using Guid(b6085aeffc2931c41bb5ed80887ae862) Importer(815301076,1909f56bfc062723c751e8b465ee728b) [PhysX] Initialized MultithreadedTaskDispatcher with 12 workers.
[PhysX] Initialized MultithreadedTaskDispatcher with 12 workers.
 -> (artifact id: '1047f0170a891c19c5e26e4067c44995') in 0.349690 seconds
Number of updated asset objects reloaded before import = 0
Number of asset objects unloaded after import = 13
========================================================================
Received Import Request.
  Time since last request: 0.001818 seconds.
  path: Assets/Synty/PolygonGeneric/Prefabs/Building/SM_Gen_Bld_Pipe_Corner_02.prefab
  artifactKey: Guid(92cf33d6c7ffb0f42b9399bebf60a99c) Importer(815301076,1909f56bfc062723c751e8b465ee728b)
Start importing Assets/Synty/PolygonGeneric/Prefabs/Building/SM_Gen_Bld_Pipe_Corner_02.prefab using Guid(92cf33d6c7ffb0f42b9399bebf60a99c) Importer(815301076,1909f56bfc062723c751e8b465ee728b) [PhysX] Initialized MultithreadedTaskDispatcher with 12 workers.
[PhysX] Initialized MultithreadedTaskDispatcher with 12 workers.
 -> (artifact id: '6d3ccd808875fed00c3e7a107099735c') in 0.410217 seconds
Number of updated asset objects reloaded before import = 0
Number of asset objects unloaded after import = 14
========================================================================
Received Import Request.
  Time since last request: 0.000035 seconds.
  path: Assets/Scenes/MainScene.unity
  artifactKey: Guid(c850ee8c3b14cc8459e7e186857cf567) Importer(815301076,1909f56bfc062723c751e8b465ee728b)
Start importing Assets/Scenes/MainScene.unity using Guid(c850ee8c3b14cc8459e7e186857cf567) Importer(815301076,1909f56bfc062723c751e8b465ee728b) [PhysX] Initialized MultithreadedTaskDispatcher with 12 workers.
 -> (artifact id: '8f8d3049729c7c1cacd2f238d1adb650') in 0.001186 seconds
Number of updated asset objects reloaded before import = 0
Number of asset objects unloaded after import = 0
========================================================================
Received Import Request.
  Time since last request: 0.000044 seconds.
  path: Assets/Synty/PolygonGeneric/Prefabs/Building/SM_Gen_Bld_Background_07.prefab
  artifactKey: Guid(65bd83fe1935094408f69a69058ed89d) Importer(815301076,1909f56bfc062723c751e8b465ee728b)
Start importing Assets/Synty/PolygonGeneric/Prefabs/Building/SM_Gen_Bld_Background_07.prefab using Guid(65bd83fe1935094408f69a69058ed89d) Importer(815301076,1909f56bfc062723c751e8b465ee728b) [PhysX] Initialized MultithreadedTaskDispatcher with 12 workers.
[PhysX] Initialized MultithreadedTaskDispatcher with 12 workers.
 -> (artifact id: '618704f53d750d2ce291a5910891c3ab') in 0.373437 seconds
Number of updated asset objects reloaded before import = 0
Number of asset objects unloaded after import = 22
========================================================================
Received Import Request.
  Time since last request: 0.002387 seconds.
  path: Assets/Synty/PolygonGeneric/Prefabs/Building/SM_Gen_Bld_Background_05.prefab
  artifactKey: Guid(2cad905697e490e42af49bfd7fbf9e04) Importer(815301076,1909f56bfc062723c751e8b465ee728b)
Start importing Assets/Synty/PolygonGeneric/Prefabs/Building/SM_Gen_Bld_Background_05.prefab using Guid(2cad905697e490e42af49bfd7fbf9e04) Importer(815301076,1909f56bfc062723c751e8b465ee728b) [PhysX] Initialized MultithreadedTaskDispatcher with 12 workers.
[PhysX] Initialized MultithreadedTaskDispatcher with 12 workers.
 -> (artifact id: 'ca61090aabb1c0b2cdeddd0ef0945125') in 0.376941 seconds
Number of updated asset objects reloaded before import = 0
Number of asset objects unloaded after import = 22
========================================================================
Received Import Request.
  Time since last request: 0.000060 seconds.
  path: Assets/Synty/PolygonGeneric/Prefabs/Building/SM_Gen_Bld_Ladder_01.prefab
  artifactKey: Guid(52340b3b1ff43e74bae915614541ffad) Importer(815301076,1909f56bfc062723c751e8b465ee728b)
Start importing Assets/Synty/PolygonGeneric/Prefabs/Building/SM_Gen_Bld_Ladder_01.prefab using Guid(52340b3b1ff43e74bae915614541ffad) Importer(815301076,1909f56bfc062723c751e8b465ee728b) [PhysX] Initialized MultithreadedTaskDispatcher with 12 workers.
[PhysX] Initialized MultithreadedTaskDispatcher with 12 workers.
 -> (artifact id: '12ac9f95f8e374b8a1773c3f4d9b200f') in 0.402391 seconds
Number of updated asset objects reloaded before import = 0
Number of asset objects unloaded after import = 13
========================================================================
Received Import Request.
  Time since last request: 0.000066 seconds.
  path: Assets/Synty/PolygonGeneric/Prefabs/Building/SM_Gen_Bld_Pipe_Corner_01.prefab
  artifactKey: Guid(32a7c31054f446d41baacd380a88ba96) Importer(815301076,1909f56bfc062723c751e8b465ee728b)
Start importing Assets/Synty/PolygonGeneric/Prefabs/Building/SM_Gen_Bld_Pipe_Corner_01.prefab using Guid(32a7c31054f446d41baacd380a88ba96) Importer(815301076,1909f56bfc062723c751e8b465ee728b) [PhysX] Initialized MultithreadedTaskDispatcher with 12 workers.
[PhysX] Initialized MultithreadedTaskDispatcher with 12 workers.
 -> (artifact id: 'aee08a428ed180d73cb043388bd24bbc') in 0.463622 seconds
Number of updated asset objects reloaded before import = 0
Number of asset objects unloaded after import = 13
========================================================================
Received Import Request.
  Time since last request: 0.002019 seconds.
  path: Assets/Sprites/pixel-art-illustration-toothpaste-pixelated-tooth-paste-toothpaste-pixelated-game_1038602-875.png
  artifactKey: Guid(3e04f2e59956c8f469f7469f3a38fba4) Importer(815301076,1909f56bfc062723c751e8b465ee728b)
Start importing Assets/Sprites/pixel-art-illustration-toothpaste-pixelated-tooth-paste-toothpaste-pixelated-game_1038602-875.png using Guid(3e04f2e59956c8f469f7469f3a38fba4) Importer(815301076,1909f56bfc062723c751e8b465ee728b) [PhysX] Initialized MultithreadedTaskDispatcher with 12 workers.
[PhysX] Initialized MultithreadedTaskDispatcher with 12 workers.
 -> (artifact id: '09a6d229271415ad426b936ab2fde400') in 0.117195 seconds
Number of updated asset objects reloaded before import = 0
Number of asset objects unloaded after import = 3
========================================================================
Received Import Request.
  Time since last request: 19.685148 seconds.
  path: Assets/Synty/PolygonGeneric/Prefabs/Base/SM_Bld_Base_45_Wall_01.prefab
  artifactKey: Guid(eccddf70dbb7cd243a2f37f4aa5c95d6) Importer(815301076,1909f56bfc062723c751e8b465ee728b)
Start importing Assets/Synty/PolygonGeneric/Prefabs/Base/SM_Bld_Base_45_Wall_01.prefab using Guid(eccddf70dbb7cd243a2f37f4aa5c95d6) Importer(815301076,1909f56bfc062723c751e8b465ee728b) [PhysX] Initialized MultithreadedTaskDispatcher with 12 workers.
[PhysX] Initialized MultithreadedTaskDispatcher with 12 workers.
 -> (artifact id: 'f387acee2984c2530711c39bcca176d5') in 0.107847 seconds
Number of updated asset objects reloaded before import = 0
Number of asset objects unloaded after import = 13
========================================================================
Received Import Request.
  Time since last request: 0.000021 seconds.
  path: Assets/Synty/PolygonGeneric/Prefabs/Base/SM_Bld_Base_Door_01.prefab
  artifactKey: Guid(dfd716c57f5f71946937cf3ede1e4256) Importer(815301076,1909f56bfc062723c751e8b465ee728b)
Start importing Assets/Synty/PolygonGeneric/Prefabs/Base/SM_Bld_Base_Door_01.prefab using Guid(dfd716c57f5f71946937cf3ede1e4256) Importer(815301076,1909f56bfc062723c751e8b465ee728b) [PhysX] Initialized MultithreadedTaskDispatcher with 12 workers.
[PhysX] Initialized MultithreadedTaskDispatcher with 12 workers.
 -> (artifact id: '8ccfa8aecc6f8a9214587eab16696ccf') in 0.278159 seconds
Number of updated asset objects reloaded before import = 0
Number of asset objects unloaded after import = 13
========================================================================
Received Import Request.
  Time since last request: 0.000029 seconds.
  path: Assets/Synty/PolygonGeneric/Prefabs/Base/SM_Bld_Base_Floor_Hole_01.prefab
  artifactKey: Guid(432e255351c7dd548a2c30ce8e369130) Importer(815301076,1909f56bfc062723c751e8b465ee728b)
Start importing Assets/Synty/PolygonGeneric/Prefabs/Base/SM_Bld_Base_Floor_Hole_01.prefab using Guid(432e255351c7dd548a2c30ce8e369130) Importer(815301076,1909f56bfc062723c751e8b465ee728b) [PhysX] Initialized MultithreadedTaskDispatcher with 12 workers.
[PhysX] Initialized MultithreadedTaskDispatcher with 12 workers.
 -> (artifact id: '3f7b6b7486f253c3fb8396e879aa4e2d') in 0.369582 seconds
Number of updated asset objects reloaded before import = 0
Number of asset objects unloaded after import = 21
========================================================================
Received Import Request.
  Time since last request: 0.007100 seconds.
  path: Assets/Synty/PolygonGeneric/Prefabs/Base/SM_Bld_Base_Pillar_05.prefab
  artifactKey: Guid(5182d01548aa4e044a8ca8fada41a6cc) Importer(815301076,1909f56bfc062723c751e8b465ee728b)
Start importing Assets/Synty/PolygonGeneric/Prefabs/Base/SM_Bld_Base_Pillar_05.prefab using Guid(5182d01548aa4e044a8ca8fada41a6cc) Importer(815301076,1909f56bfc062723c751e8b465ee728b) [PhysX] Initialized MultithreadedTaskDispatcher with 12 workers.
[PhysX] Initialized MultithreadedTaskDispatcher with 12 workers.
 -> (artifact id: '91293f086ed14593f3abe0ff35f9e8eb') in 0.050460 seconds
Number of updated asset objects reloaded before import = 0
Number of asset objects unloaded after import = 11
========================================================================
Received Import Request.
  Time since last request: 0.000033 seconds.
  path: Assets/Synty/PolygonGeneric/Prefabs/Base/SM_Bld_Base_Pillar_Half_02.prefab
  artifactKey: Guid(21f0d9003ad4e844a85de9b99ffdc6c7) Importer(815301076,1909f56bfc062723c751e8b465ee728b)
Start importing Assets/Synty/PolygonGeneric/Prefabs/Base/SM_Bld_Base_Pillar_Half_02.prefab using Guid(21f0d9003ad4e844a85de9b99ffdc6c7) Importer(815301076,1909f56bfc062723c751e8b465ee728b) [PhysX] Initialized MultithreadedTaskDispatcher with 12 workers.
[PhysX] Initialized MultithreadedTaskDispatcher with 12 workers.
 -> (artifact id: '199b5495d99e36b10fb8f84b747b2a8b') in 0.063808 seconds
Number of updated asset objects reloaded before import = 0
Number of asset objects unloaded after import = 11
========================================================================
Received Import Request.
  Time since last request: 0.000860 seconds.
  path: Assets/Synty/PolygonGeneric/Prefabs/Base/SM_Bld_Base_Pillar_Half_01.prefab
  artifactKey: Guid(392acaee1665e3f47b1b8f66a234b80b) Importer(815301076,1909f56bfc062723c751e8b465ee728b)
Start importing Assets/Synty/PolygonGeneric/Prefabs/Base/SM_Bld_Base_Pillar_Half_01.prefab using Guid(392acaee1665e3f47b1b8f66a234b80b) Importer(815301076,1909f56bfc062723c751e8b465ee728b) [PhysX] Initialized MultithreadedTaskDispatcher with 12 workers.
[PhysX] Initialized MultithreadedTaskDispatcher with 12 workers.
 -> (artifact id: '8978cb4dd09911cb9f21b6ff01ce1adf') in 0.044847 seconds
Number of updated asset objects reloaded before import = 0
Number of asset objects unloaded after import = 11
========================================================================
Received Import Request.
  Time since last request: 0.010030 seconds.
  path: Assets/Synty/PolygonGeneric/Prefabs/Base/SM_Bld_Base_Ceiling_Half_01.prefab
  artifactKey: Guid(577f5a0058e50b44a939a70432fa809c) Importer(815301076,1909f56bfc062723c751e8b465ee728b)
Start importing Assets/Synty/PolygonGeneric/Prefabs/Base/SM_Bld_Base_Ceiling_Half_01.prefab using Guid(577f5a0058e50b44a939a70432fa809c) Importer(815301076,1909f56bfc062723c751e8b465ee728b) [PhysX] Initialized MultithreadedTaskDispatcher with 12 workers.
[PhysX] Initialized MultithreadedTaskDispatcher with 12 workers.
 -> (artifact id: '97ab533c19acc75fbb050091e7c17cd3') in 0.052164 seconds
Number of updated asset objects reloaded before import = 0
Number of asset objects unloaded after import = 17
========================================================================
Received Import Request.
  Time since last request: 0.000024 seconds.
  path: Assets/Synty/PolygonGeneric/Prefabs/Base/SM_Bld_Base_Pillar_03.prefab
  artifactKey: Guid(62b2a924adf80a541b3596a8a7004daa) Importer(815301076,1909f56bfc062723c751e8b465ee728b)
Start importing Assets/Synty/PolygonGeneric/Prefabs/Base/SM_Bld_Base_Pillar_03.prefab using Guid(62b2a924adf80a541b3596a8a7004daa) Importer(815301076,1909f56bfc062723c751e8b465ee728b) [PhysX] Initialized MultithreadedTaskDispatcher with 12 workers.
[PhysX] Initialized MultithreadedTaskDispatcher with 12 workers.
 -> (artifact id: '0ada6b8abae91ca2f800f2cf84622f17') in 0.059983 seconds
Number of updated asset objects reloaded before import = 0
Number of asset objects unloaded after import = 11
========================================================================
Received Import Request.
  Time since last request: 3.244268 seconds.
  path: Assets/Synty/PolygonGeneric/Prefabs/Environment/SM_Gen_Env_Background_Mountain_03.prefab
  artifactKey: Guid(41973aea592d78d4d859c3633325aad3) Importer(815301076,1909f56bfc062723c751e8b465ee728b)
Start importing Assets/Synty/PolygonGeneric/Prefabs/Environment/SM_Gen_Env_Background_Mountain_03.prefab using Guid(41973aea592d78d4d859c3633325aad3) Importer(815301076,1909f56bfc062723c751e8b465ee728b) [PhysX] Initialized MultithreadedTaskDispatcher with 12 workers.
[PhysX] Initialized MultithreadedTaskDispatcher with 12 workers.
 -> (artifact id: 'fcd6b5e52d2d9e9543616e6a24606538') in 0.492180 seconds
Number of updated asset objects reloaded before import = 0
Number of asset objects unloaded after import = 9
========================================================================
Received Import Request.
  Time since last request: 0.000026 seconds.
  path: Assets/Synty/PolygonGeneric/Prefabs/Environment/SM_Gen_Env_Cliff_04.prefab
  artifactKey: Guid(e39229f251ffbf3478cb0891e878d698) Importer(815301076,1909f56bfc062723c751e8b465ee728b)
Start importing Assets/Synty/PolygonGeneric/Prefabs/Environment/SM_Gen_Env_Cliff_04.prefab using Guid(e39229f251ffbf3478cb0891e878d698) Importer(815301076,1909f56bfc062723c751e8b465ee728b) [PhysX] Initialized MultithreadedTaskDispatcher with 12 workers.
[PhysX] Initialized MultithreadedTaskDispatcher with 12 workers.
 -> (artifact id: '7b1561fcb08b73c6c2fcc45f9e67f6a4') in 0.427217 seconds
Number of updated asset objects reloaded before import = 0
Number of asset objects unloaded after import = 19
========================================================================
Received Import Request.
  Time since last request: 0.000031 seconds.
  path: Assets/Synty/PolygonGeneric/Prefabs/Environment/SM_Gen_Env_Bush_Part_03.prefab
  artifactKey: Guid(aca2c515abe7d65458fb9fcbafb26568) Importer(815301076,1909f56bfc062723c751e8b465ee728b)
Start importing Assets/Synty/PolygonGeneric/Prefabs/Environment/SM_Gen_Env_Bush_Part_03.prefab using Guid(aca2c515abe7d65458fb9fcbafb26568) Importer(815301076,1909f56bfc062723c751e8b465ee728b) [PhysX] Initialized MultithreadedTaskDispatcher with 12 workers.
[PhysX] Initialized MultithreadedTaskDispatcher with 12 workers.
 -> (artifact id: '348b6ddd1543d1eb30c2be8144f0fec8') in 0.329311 seconds
Number of updated asset objects reloaded before import = 0
Number of asset objects unloaded after import = 12
========================================================================
Received Import Request.
  Time since last request: 0.000026 seconds.
  path: Assets/Synty/PolygonGeneric/Prefabs/Environment/SM_Gen_Env_Bush_Part_06.prefab
  artifactKey: Guid(054af16520a205046909a44096cd96a5) Importer(815301076,1909f56bfc062723c751e8b465ee728b)
Start importing Assets/Synty/PolygonGeneric/Prefabs/Environment/SM_Gen_Env_Bush_Part_06.prefab using Guid(054af16520a205046909a44096cd96a5) Importer(815301076,1909f56bfc062723c751e8b465ee728b) [PhysX] Initialized MultithreadedTaskDispatcher with 12 workers.
[PhysX] Initialized MultithreadedTaskDispatcher with 12 workers.
 -> (artifact id: '47b8d755a867cb84712132bcfcc7e5d2') in 0.301687 seconds
Number of updated asset objects reloaded before import = 0
Number of asset objects unloaded after import = 12
========================================================================
Received Import Request.
  Time since last request: 0.013017 seconds.
  path: Assets/Synty/PolygonGeneric/Prefabs/Environment/SM_Gen_Env_Cloud_03.prefab
  artifactKey: Guid(fbe52ea26b12a5749b8717ed027f5a38) Importer(815301076,1909f56bfc062723c751e8b465ee728b)
Start importing Assets/Synty/PolygonGeneric/Prefabs/Environment/SM_Gen_Env_Cloud_03.prefab using Guid(fbe52ea26b12a5749b8717ed027f5a38) Importer(815301076,1909f56bfc062723c751e8b465ee728b) [PhysX] Initialized MultithreadedTaskDispatcher with 12 workers.
[PhysX] Initialized MultithreadedTaskDispatcher with 12 workers.
 -> (artifact id: 'ff97410348c23a33e6a0229dbb66f6ac') in 0.041085 seconds
Number of updated asset objects reloaded before import = 0
Number of asset objects unloaded after import = 9
========================================================================
Received Import Request.
  Time since last request: 0.000032 seconds.
  path: Assets/Synty/PolygonGeneric/Prefabs/Environment/SM_Gen_Env_Dirt_Cliff_04.prefab
  artifactKey: Guid(dfd8e676d66299c4c8eaed3b02d20a15) Importer(815301076,1909f56bfc062723c751e8b465ee728b)
Start importing Assets/Synty/PolygonGeneric/Prefabs/Environment/SM_Gen_Env_Dirt_Cliff_04.prefab using Guid(dfd8e676d66299c4c8eaed3b02d20a15) Importer(815301076,1909f56bfc062723c751e8b465ee728b) [PhysX] Initialized MultithreadedTaskDispatcher with 12 workers.
[PhysX] Initialized MultithreadedTaskDispatcher with 12 workers.
 -> (artifact id: '3834d390adf9a1d0a4e7102ba9b1f7ed') in 1.605837 seconds
Number of updated asset objects reloaded before import = 0
Number of asset objects unloaded after import = 22
========================================================================
Received Import Request.
  Time since last request: 0.000036 seconds.
  path: Assets/Synty/PolygonGeneric/Prefabs/Environment/SM_Gen_Env_Flowers_01.prefab
  artifactKey: Guid(c0ed83dfc21045745a1961016df3cb8a) Importer(815301076,1909f56bfc062723c751e8b465ee728b)
Start importing Assets/Synty/PolygonGeneric/Prefabs/Environment/SM_Gen_Env_Flowers_01.prefab using Guid(c0ed83dfc21045745a1961016df3cb8a) Importer(815301076,1909f56bfc062723c751e8b465ee728b) [PhysX] Initialized MultithreadedTaskDispatcher with 12 workers.
[PhysX] Initialized MultithreadedTaskDispatcher with 12 workers.
 -> (artifact id: '16bcaa84d056d7715abe62cc72f43767') in 0.353650 seconds
Number of updated asset objects reloaded before import = 0
Number of asset objects unloaded after import = 12
========================================================================
Received Import Request.
  Time since last request: 0.000050 seconds.
  path: Assets/Synty/PolygonGeneric/Prefabs/Environment/SM_Gen_Env_Fern_03.prefab
  artifactKey: Guid(ca285bbe344593746ad838255e5fa0bf) Importer(815301076,1909f56bfc062723c751e8b465ee728b)
Start importing Assets/Synty/PolygonGeneric/Prefabs/Environment/SM_Gen_Env_Fern_03.prefab using Guid(ca285bbe344593746ad838255e5fa0bf) Importer(815301076,1909f56bfc062723c751e8b465ee728b) [PhysX] Initialized MultithreadedTaskDispatcher with 12 workers.
[PhysX] Initialized MultithreadedTaskDispatcher with 12 workers.
 -> (artifact id: '3b9eef13910526829efaa4c7282935a7') in 0.368183 seconds
Number of updated asset objects reloaded before import = 0
Number of asset objects unloaded after import = 12
========================================================================
Received Import Request.
  Time since last request: 0.005605 seconds.
  path: Assets/Synty/PolygonGeneric/Prefabs/Environment/SM_Gen_Env_Cloud_01.prefab
  artifactKey: Guid(558d2e8d6a925a54b966e334cde71254) Importer(815301076,1909f56bfc062723c751e8b465ee728b)
Start importing Assets/Synty/PolygonGeneric/Prefabs/Environment/SM_Gen_Env_Cloud_01.prefab using Guid(558d2e8d6a925a54b966e334cde71254) Importer(815301076,1909f56bfc062723c751e8b465ee728b) [PhysX] Initialized MultithreadedTaskDispatcher with 12 workers.
[PhysX] Initialized MultithreadedTaskDispatcher with 12 workers.
 -> (artifact id: '80e639145f88420d08022385bb72101e') in 0.031071 seconds
Number of updated asset objects reloaded before import = 0
Number of asset objects unloaded after import = 9
========================================================================
Received Import Request.
  Time since last request: 0.004009 seconds.
  path: Assets/Synty/PolygonGeneric/Prefabs/Environment/SM_Gen_Env_Cloud_Ring_01.prefab
  artifactKey: Guid(b968b7df6562d6346b13a0e9f5348a15) Importer(815301076,1909f56bfc062723c751e8b465ee728b)
Start importing Assets/Synty/PolygonGeneric/Prefabs/Environment/SM_Gen_Env_Cloud_Ring_01.prefab using Guid(b968b7df6562d6346b13a0e9f5348a15) Importer(815301076,1909f56bfc062723c751e8b465ee728b) [PhysX] Initialized MultithreadedTaskDispatcher with 12 workers.
[PhysX] Initialized MultithreadedTaskDispatcher with 12 workers.
 -> (artifact id: '56b1e93b19ac0f85e5a1dc999956f414') in 0.046160 seconds
Number of updated asset objects reloaded before import = 0
Number of asset objects unloaded after import = 9
========================================================================
Received Import Request.
  Time since last request: 0.000023 seconds.
  path: Assets/Synty/PolygonGeneric/Prefabs/Environment/SM_Gen_Env_Dirt_Cliff_07.prefab
  artifactKey: Guid(ef3c8ec49aa5bab449f59408bef77891) Importer(815301076,1909f56bfc062723c751e8b465ee728b)
Start importing Assets/Synty/PolygonGeneric/Prefabs/Environment/SM_Gen_Env_Dirt_Cliff_07.prefab using Guid(ef3c8ec49aa5bab449f59408bef77891) Importer(815301076,1909f56bfc062723c751e8b465ee728b) [PhysX] Initialized MultithreadedTaskDispatcher with 12 workers.
[PhysX] Initialized MultithreadedTaskDispatcher with 12 workers.
 -> (artifact id: '2ad47eca23eaf5fc2c81b435636be671') in 0.309977 seconds
Number of updated asset objects reloaded before import = 0
Number of asset objects unloaded after import = 22
========================================================================
Received Import Request.
  Time since last request: 0.001881 seconds.
  path: Assets/Synty/PolygonGeneric/Prefabs/Environment/SM_Gen_Env_Cliff_Arch_01.prefab
  artifactKey: Guid(2ec6b4ac49f12bb4495a7415c5f6e4f3) Importer(815301076,1909f56bfc062723c751e8b465ee728b)
Start importing Assets/Synty/PolygonGeneric/Prefabs/Environment/SM_Gen_Env_Cliff_Arch_01.prefab using Guid(2ec6b4ac49f12bb4495a7415c5f6e4f3) Importer(815301076,1909f56bfc062723c751e8b465ee728b) [PhysX] Initialized MultithreadedTaskDispatcher with 12 workers.
[PhysX] Initialized MultithreadedTaskDispatcher with 12 workers.
 -> (artifact id: 'bc55e533d19003daa4c0c94735e02797') in 0.342482 seconds
Number of updated asset objects reloaded before import = 0
Number of asset objects unloaded after import = 19
========================================================================
Received Import Request.
  Time since last request: 0.000041 seconds.
  path: Assets/Synty/PolygonGeneric/Prefabs/Environment/SM_Gen_Env_Cliff_03.prefab
  artifactKey: Guid(ed0d53bff53cd7a4182b1cd7eb6b7802) Importer(815301076,1909f56bfc062723c751e8b465ee728b)
Start importing Assets/Synty/PolygonGeneric/Prefabs/Environment/SM_Gen_Env_Cliff_03.prefab using Guid(ed0d53bff53cd7a4182b1cd7eb6b7802) Importer(815301076,1909f56bfc062723c751e8b465ee728b) [PhysX] Initialized MultithreadedTaskDispatcher with 12 workers.
[PhysX] Initialized MultithreadedTaskDispatcher with 12 workers.
 -> (artifact id: '29ebb292591e4d2fbf3b9563127a8fda') in 0.317437 seconds
Number of updated asset objects reloaded before import = 0
Number of asset objects unloaded after import = 19
========================================================================
Received Import Request.
  Time since last request: 0.000111 seconds.
  path: Assets/Synty/PolygonGeneric/Prefabs/Environment/SM_Gen_Env_Dirt_Cliff_01.prefab
  artifactKey: Guid(efba04a08e834ed4da6ebc058790c7da) Importer(815301076,1909f56bfc062723c751e8b465ee728b)
Start importing Assets/Synty/PolygonGeneric/Prefabs/Environment/SM_Gen_Env_Dirt_Cliff_01.prefab using Guid(efba04a08e834ed4da6ebc058790c7da) Importer(815301076,1909f56bfc062723c751e8b465ee728b) [PhysX] Initialized MultithreadedTaskDispatcher with 12 workers.
[PhysX] Initialized MultithreadedTaskDispatcher with 12 workers.
 -> (artifact id: '407844a2d62aa94687e3a688062c2c77') in 0.280296 seconds
Number of updated asset objects reloaded before import = 0
Number of asset objects unloaded after import = 22
========================================================================
Received Import Request.
  Time since last request: 0.000028 seconds.
  path: Assets/Synty/PolygonGeneric/Prefabs/Environment/SM_Gen_Env_Bush_02.prefab
  artifactKey: Guid(3d7b3b0cc989a8b42b09ddb0ad31ef4d) Importer(815301076,1909f56bfc062723c751e8b465ee728b)
Start importing Assets/Synty/PolygonGeneric/Prefabs/Environment/SM_Gen_Env_Bush_02.prefab using Guid(3d7b3b0cc989a8b42b09ddb0ad31ef4d) Importer(815301076,1909f56bfc062723c751e8b465ee728b) [PhysX] Initialized MultithreadedTaskDispatcher with 12 workers.
[PhysX] Initialized MultithreadedTaskDispatcher with 12 workers.
 -> (artifact id: 'a1d610656c73ddae052324ccefb9c87e') in 0.290416 seconds
Number of updated asset objects reloaded before import = 0
Number of asset objects unloaded after import = 12
========================================================================
Received Import Request.
  Time since last request: 0.015197 seconds.
  path: Assets/Synty/PolygonGeneric/Prefabs/Environment/SM_Gen_Env_Cliff_02.prefab
  artifactKey: Guid(cc6ce2b1c2cc42a4680c685604f3d642) Importer(815301076,1909f56bfc062723c751e8b465ee728b)
Start importing Assets/Synty/PolygonGeneric/Prefabs/Environment/SM_Gen_Env_Cliff_02.prefab using Guid(cc6ce2b1c2cc42a4680c685604f3d642) Importer(815301076,1909f56bfc062723c751e8b465ee728b) [PhysX] Initialized MultithreadedTaskDispatcher with 12 workers.
[PhysX] Initialized MultithreadedTaskDispatcher with 12 workers.
 -> (artifact id: 'aec7ac5415e713ed577b97f6ecba8f18') in 0.302951 seconds
Number of updated asset objects reloaded before import = 0
Number of asset objects unloaded after import = 19
========================================================================
Received Import Request.
  Time since last request: 0.000034 seconds.
  path: Assets/Synty/PolygonGeneric/Prefabs/Environment/SM_Gen_Env_Bush_Large_01.prefab
  artifactKey: Guid(3cddcf39bbe57674fbe747564a932cc8) Importer(815301076,1909f56bfc062723c751e8b465ee728b)
Start importing Assets/Synty/PolygonGeneric/Prefabs/Environment/SM_Gen_Env_Bush_Large_01.prefab using Guid(3cddcf39bbe57674fbe747564a932cc8) Importer(815301076,1909f56bfc062723c751e8b465ee728b) [PhysX] Initialized MultithreadedTaskDispatcher with 12 workers.
[PhysX] Initialized MultithreadedTaskDispatcher with 12 workers.
 -> (artifact id: '4131919bcc7d782988f7f5726ea69d72') in 0.283351 seconds
Number of updated asset objects reloaded before import = 0
Number of asset objects unloaded after import = 12
========================================================================
Received Import Request.
  Time since last request: 0.003337 seconds.
  path: Assets/Synty/PolygonGeneric/Prefabs/Environment/SM_Gen_Env_Dirt_Cliff_05.prefab
  artifactKey: Guid(8c7a891bed7ba7042b72398af03607d0) Importer(815301076,1909f56bfc062723c751e8b465ee728b)
Start importing Assets/Synty/PolygonGeneric/Prefabs/Environment/SM_Gen_Env_Dirt_Cliff_05.prefab using Guid(8c7a891bed7ba7042b72398af03607d0) Importer(815301076,1909f56bfc062723c751e8b465ee728b) [PhysX] Initialized MultithreadedTaskDispatcher with 12 workers.
[PhysX] Initialized MultithreadedTaskDispatcher with 12 workers.
 -> (artifact id: '89c1104a8c186dad7d1a39bdd6d9ba4c') in 0.308506 seconds
Number of updated asset objects reloaded before import = 0
Number of asset objects unloaded after import = 22
========================================================================
Received Import Request.
  Time since last request: 1.272145 seconds.
  path: Assets/Synty/PolygonGeneric/Models/SM_Gen_Bld_Background_03.fbx
  artifactKey: Guid(28e406cbf7bc3f445874f6c43b76a7b9) Importer(815301076,1909f56bfc062723c751e8b465ee728b)
Start importing Assets/Synty/PolygonGeneric/Models/SM_Gen_Bld_Background_03.fbx using Guid(28e406cbf7bc3f445874f6c43b76a7b9) Importer(815301076,1909f56bfc062723c751e8b465ee728b) [PhysX] Initialized MultithreadedTaskDispatcher with 12 workers.
[PhysX] Initialized MultithreadedTaskDispatcher with 12 workers.
[PhysX] Initialized MultithreadedTaskDispatcher with 12 workers.
 -> (artifact id: 'ad5762951619ce3e6f7179425bd57805') in 0.046159 seconds
Number of updated asset objects reloaded before import = 0
Number of asset objects unloaded after import = 7
========================================================================
Received Import Request.
  Time since last request: 0.000033 seconds.
  path: Assets/Synty/PolygonGeneric/Models/SM_Gen_Bld_Background_10.fbx
  artifactKey: Guid(d0de7845a95f1d74094e8ae7085b8231) Importer(815301076,1909f56bfc062723c751e8b465ee728b)
Start importing Assets/Synty/PolygonGeneric/Models/SM_Gen_Bld_Background_10.fbx using Guid(d0de7845a95f1d74094e8ae7085b8231) Importer(815301076,1909f56bfc062723c751e8b465ee728b) [PhysX] Initialized MultithreadedTaskDispatcher with 12 workers.
[PhysX] Initialized MultithreadedTaskDispatcher with 12 workers.
[PhysX] Initialized MultithreadedTaskDispatcher with 12 workers.
 -> (artifact id: 'f85b3c75b5e4d952d3cd0b8a4c0cd84a') in 0.022526 seconds
Number of updated asset objects reloaded before import = 0
Number of asset objects unloaded after import = 7
========================================================================
Received Import Request.
  Time since last request: 0.000023 seconds.
  path: Assets/Synty/PolygonGeneric/Models/SM_Gen_Bld_Pipe_Corner_02.fbx
  artifactKey: Guid(e6309b0a92408184c9c5c1f25f59c35a) Importer(815301076,1909f56bfc062723c751e8b465ee728b)
Start importing Assets/Synty/PolygonGeneric/Models/SM_Gen_Bld_Pipe_Corner_02.fbx using Guid(e6309b0a92408184c9c5c1f25f59c35a) Importer(815301076,1909f56bfc062723c751e8b465ee728b) [PhysX] Initialized MultithreadedTaskDispatcher with 12 workers.
[PhysX] Initialized MultithreadedTaskDispatcher with 12 workers.
[PhysX] Initialized MultithreadedTaskDispatcher with 12 workers.
 -> (artifact id: '6b18b5d0db53db22f7e0b2c9d825dec2') in 0.017949 seconds
Number of updated asset objects reloaded before import = 0
Number of asset objects unloaded after import = 7
========================================================================
Received Import Request.
  Time since last request: 0.000020 seconds.
  path: Assets/Synty/PolygonGeneric/Models/SM_Gen_Bld_Background_07.fbx
  artifactKey: Guid(04812dcca52aeaf42a5f6668a00a1a87) Importer(815301076,1909f56bfc062723c751e8b465ee728b)
Start importing Assets/Synty/PolygonGeneric/Models/SM_Gen_Bld_Background_07.fbx using Guid(04812dcca52aeaf42a5f6668a00a1a87) Importer(815301076,1909f56bfc062723c751e8b465ee728b) [PhysX] Initialized MultithreadedTaskDispatcher with 12 workers.
[PhysX] Initialized MultithreadedTaskDispatcher with 12 workers.
[PhysX] Initialized MultithreadedTaskDispatcher with 12 workers.
 -> (artifact id: '5c58da9e3d3b49c83ef52d13fbb7398c') in 0.017854 seconds
Number of updated asset objects reloaded before import = 0
Number of asset objects unloaded after import = 7
========================================================================
Received Import Request.
  Time since last request: 0.000017 seconds.
  path: Assets/Synty/PolygonGeneric/Models/SM_Gen_Bld_Beam_01.fbx
  artifactKey: Guid(9039d933a3c845145a86d5354c6c2f98) Importer(815301076,1909f56bfc062723c751e8b465ee728b)
Start importing Assets/Synty/PolygonGeneric/Models/SM_Gen_Bld_Beam_01.fbx using Guid(9039d933a3c845145a86d5354c6c2f98) Importer(815301076,1909f56bfc062723c751e8b465ee728b) [PhysX] Initialized MultithreadedTaskDispatcher with 12 workers.
[PhysX] Initialized MultithreadedTaskDispatcher with 12 workers.
[PhysX] Initialized MultithreadedTaskDispatcher with 12 workers.
 -> (artifact id: '53c4ab84304aa8405e82a4ab23afe0b0') in 0.021211 seconds
Number of updated asset objects reloaded before import = 0
Number of asset objects unloaded after import = 7
========================================================================
Received Import Request.
  Time since last request: 0.000019 seconds.
  path: Assets/Synty/PolygonGeneric/Models/SM_Gen_Bld_Background_05.fbx
  artifactKey: Guid(9fabe714a7a4f5d43bfadb826295dc12) Importer(815301076,1909f56bfc062723c751e8b465ee728b)
Start importing Assets/Synty/PolygonGeneric/Models/SM_Gen_Bld_Background_05.fbx using Guid(9fabe714a7a4f5d43bfadb826295dc12) Importer(815301076,1909f56bfc062723c751e8b465ee728b) [PhysX] Initialized MultithreadedTaskDispatcher with 12 workers.
[PhysX] Initialized MultithreadedTaskDispatcher with 12 workers.
[PhysX] Initialized MultithreadedTaskDispatcher with 12 workers.
 -> (artifact id: '244f1b3bc85b757060202bc1a17c5c8d') in 0.017517 seconds
Number of updated asset objects reloaded before import = 0
Number of asset objects unloaded after import = 7
========================================================================
Received Import Request.
  Time since last request: 0.000027 seconds.
  path: Assets/Synty/PolygonGeneric/Models/SM_Gen_Bld_Ladder_01.fbx
  artifactKey: Guid(9e6b65bc309be0d40bc73f646e91c18e) Importer(815301076,1909f56bfc062723c751e8b465ee728b)
Start importing Assets/Synty/PolygonGeneric/Models/SM_Gen_Bld_Ladder_01.fbx using Guid(9e6b65bc309be0d40bc73f646e91c18e) Importer(815301076,1909f56bfc062723c751e8b465ee728b) [PhysX] Initialized MultithreadedTaskDispatcher with 12 workers.
[PhysX] Initialized MultithreadedTaskDispatcher with 12 workers.
[PhysX] Initialized MultithreadedTaskDispatcher with 12 workers.
 -> (artifact id: 'bb8a4bb84c983eb70eb672a436988f58') in 0.019393 seconds
Number of updated asset objects reloaded before import = 0
Number of asset objects unloaded after import = 7
========================================================================
Received Import Request.
  Time since last request: 0.000029 seconds.
  path: Assets/Synty/PolygonGeneric/Models/SM_Gen_Bld_Beam_02.fbx
  artifactKey: Guid(21d86732932437943a58d9c8d30455ac) Importer(815301076,1909f56bfc062723c751e8b465ee728b)
Start importing Assets/Synty/PolygonGeneric/Models/SM_Gen_Bld_Beam_02.fbx using Guid(21d86732932437943a58d9c8d30455ac) Importer(815301076,1909f56bfc062723c751e8b465ee728b) [PhysX] Initialized MultithreadedTaskDispatcher with 12 workers.
[PhysX] Initialized MultithreadedTaskDispatcher with 12 workers.
[PhysX] Initialized MultithreadedTaskDispatcher with 12 workers.
 -> (artifact id: '299e0f42117a8212c779f70b005fed85') in 0.015065 seconds
Number of updated asset objects reloaded before import = 0
Number of asset objects unloaded after import = 7
========================================================================
Received Import Request.
  Time since last request: 3.635819 seconds.
  path: Assets/Synty/PolygonGeneric/Models/Base/SM_Bld_Base_45_Wall_01.fbx
  artifactKey: Guid(c6f8d3f4defffc54594afcb1e6d05b29) Importer(815301076,1909f56bfc062723c751e8b465ee728b)
Start importing Assets/Synty/PolygonGeneric/Models/Base/SM_Bld_Base_45_Wall_01.fbx using Guid(c6f8d3f4defffc54594afcb1e6d05b29) Importer(815301076,1909f56bfc062723c751e8b465ee728b) [PhysX] Initialized MultithreadedTaskDispatcher with 12 workers.
[PhysX] Initialized MultithreadedTaskDispatcher with 12 workers.
[PhysX] Initialized MultithreadedTaskDispatcher with 12 workers.
 -> (artifact id: 'dd0f9b8e20a728335f91e98460b8a282') in 0.024534 seconds
Number of updated asset objects reloaded before import = 0
Number of asset objects unloaded after import = 7
========================================================================
Received Import Request.
  Time since last request: 0.000019 seconds.
  path: Assets/Synty/PolygonGeneric/Models/Base/SM_Bld_Base_Floor_Hole_01.fbx
  artifactKey: Guid(edd34deca80dcc04b9dfcc5a767d04af) Importer(815301076,1909f56bfc062723c751e8b465ee728b)
Start importing Assets/Synty/PolygonGeneric/Models/Base/SM_Bld_Base_Floor_Hole_01.fbx using Guid(edd34deca80dcc04b9dfcc5a767d04af) Importer(815301076,1909f56bfc062723c751e8b465ee728b) [PhysX] Initialized MultithreadedTaskDispatcher with 12 workers.
[PhysX] Initialized MultithreadedTaskDispatcher with 12 workers.
[PhysX] Initialized MultithreadedTaskDispatcher with 12 workers.
 -> (artifact id: 'dc009ff8419d081c59a93537df73a81c') in 0.043179 seconds
Number of updated asset objects reloaded before import = 0
Number of asset objects unloaded after import = 7
========================================================================
Received Import Request.
  Time since last request: 0.000030 seconds.
  path: Assets/Synty/PolygonGeneric/Models/Base/SM_Bld_Base_Floor_Half_01.fbx
  artifactKey: Guid(0c3d0b4a20c9a1d40a1944deda4e0ef4) Importer(815301076,1909f56bfc062723c751e8b465ee728b)
Start importing Assets/Synty/PolygonGeneric/Models/Base/SM_Bld_Base_Floor_Half_01.fbx using Guid(0c3d0b4a20c9a1d40a1944deda4e0ef4) Importer(815301076,1909f56bfc062723c751e8b465ee728b) [PhysX] Initialized MultithreadedTaskDispatcher with 12 workers.
[PhysX] Initialized MultithreadedTaskDispatcher with 12 workers.
[PhysX] Initialized MultithreadedTaskDispatcher with 12 workers.
 -> (artifact id: '1c8defad0d7e4f3b8edd4d7e042d67cb') in 0.103864 seconds
Number of updated asset objects reloaded before import = 0
Number of asset objects unloaded after import = 7
========================================================================
Received Import Request.
  Time since last request: 0.000026 seconds.
  path: Assets/Synty/PolygonGeneric/Models/Base/SM_Bld_Base_Ceiling_Quarter_01.fbx
  artifactKey: Guid(3b74283636c14d74796911c983b523d1) Importer(815301076,1909f56bfc062723c751e8b465ee728b)
Start importing Assets/Synty/PolygonGeneric/Models/Base/SM_Bld_Base_Ceiling_Quarter_01.fbx using Guid(3b74283636c14d74796911c983b523d1) Importer(815301076,1909f56bfc062723c751e8b465ee728b) [PhysX] Initialized MultithreadedTaskDispatcher with 12 workers.
[PhysX] Initialized MultithreadedTaskDispatcher with 12 workers.
[PhysX] Initialized MultithreadedTaskDispatcher with 12 workers.
 -> (artifact id: 'd7f9cfd4dfdb2ad7077ee8cb44557d1b') in 0.025415 seconds
Number of updated asset objects reloaded before import = 0
Number of asset objects unloaded after import = 7
========================================================================
Received Import Request.
  Time since last request: 0.000046 seconds.
  path: Assets/Synty/PolygonGeneric/Models/Base/SM_Bld_Base_Ceiling_01.fbx
  artifactKey: Guid(0bf8aaf747e1da3488dc5cd3351e817d) Importer(815301076,1909f56bfc062723c751e8b465ee728b)
Start importing Assets/Synty/PolygonGeneric/Models/Base/SM_Bld_Base_Ceiling_01.fbx using Guid(0bf8aaf747e1da3488dc5cd3351e817d) Importer(815301076,1909f56bfc062723c751e8b465ee728b) [PhysX] Initialized MultithreadedTaskDispatcher with 12 workers.
[PhysX] Initialized MultithreadedTaskDispatcher with 12 workers.
[PhysX] Initialized MultithreadedTaskDispatcher with 12 workers.
 -> (artifact id: 'd3c4220fab7855704e86d4ce01c9a879') in 0.021023 seconds
Number of updated asset objects reloaded before import = 0
Number of asset objects unloaded after import = 7
========================================================================
Received Import Request.
  Time since last request: 0.000026 seconds.
  path: Assets/Synty/PolygonGeneric/Models/Base/SM_Bld_Base_Floor_01.fbx
  artifactKey: Guid(057c9c1ca39f38d4faad0001eab7ee1a) Importer(815301076,1909f56bfc062723c751e8b465ee728b)
Start importing Assets/Synty/PolygonGeneric/Models/Base/SM_Bld_Base_Floor_01.fbx using Guid(057c9c1ca39f38d4faad0001eab7ee1a) Importer(815301076,1909f56bfc062723c751e8b465ee728b) [PhysX] Initialized MultithreadedTaskDispatcher with 12 workers.
[PhysX] Initialized MultithreadedTaskDispatcher with 12 workers.
[PhysX] Initialized MultithreadedTaskDispatcher with 12 workers.
 -> (artifact id: '2b9c269a605025ada0db14d0014ce528') in 0.020833 seconds
Number of updated asset objects reloaded before import = 0
Number of asset objects unloaded after import = 7
========================================================================
Received Import Request.
  Time since last request: 0.000023 seconds.
  path: Assets/Synty/PolygonGeneric/Models/Base/SM_Bld_Base_Pillar_02.fbx
  artifactKey: Guid(35feec24332598945a2dc426357bb558) Importer(815301076,1909f56bfc062723c751e8b465ee728b)
Start importing Assets/Synty/PolygonGeneric/Models/Base/SM_Bld_Base_Pillar_02.fbx using Guid(35feec24332598945a2dc426357bb558) Importer(815301076,1909f56bfc062723c751e8b465ee728b) [PhysX] Initialized MultithreadedTaskDispatcher with 12 workers.
[PhysX] Initialized MultithreadedTaskDispatcher with 12 workers.
[PhysX] Initialized MultithreadedTaskDispatcher with 12 workers.
 -> (artifact id: '70b111a020b6e927ca347693aec0cde6') in 0.022092 seconds
Number of updated asset objects reloaded before import = 0
Number of asset objects unloaded after import = 7
========================================================================
Received Import Request.
  Time since last request: 0.000097 seconds.
  path: Assets/Synty/PolygonGeneric/Models/Base/SM_Bld_Base_Pillar_01.fbx
  artifactKey: Guid(04ef6c5b76bab6943ac66b0d72dffb44) Importer(815301076,1909f56bfc062723c751e8b465ee728b)
Start importing Assets/Synty/PolygonGeneric/Models/Base/SM_Bld_Base_Pillar_01.fbx using Guid(04ef6c5b76bab6943ac66b0d72dffb44) Importer(815301076,1909f56bfc062723c751e8b465ee728b) [PhysX] Initialized MultithreadedTaskDispatcher with 12 workers.
[PhysX] Initialized MultithreadedTaskDispatcher with 12 workers.
[PhysX] Initialized MultithreadedTaskDispatcher with 12 workers.
 -> (artifact id: '81572803e7dda741ed067b66bbefa7f5') in 0.020110 seconds
Number of updated asset objects reloaded before import = 0
Number of asset objects unloaded after import = 7
========================================================================
Received Import Request.
  Time since last request: 0.000027 seconds.
  path: Assets/Synty/PolygonGeneric/Models/Base/SM_Bld_Base_Door_01.fbx
  artifactKey: Guid(6322f99c56500004aa5500aa716ff94b) Importer(815301076,1909f56bfc062723c751e8b465ee728b)
Start importing Assets/Synty/PolygonGeneric/Models/Base/SM_Bld_Base_Door_01.fbx using Guid(6322f99c56500004aa5500aa716ff94b) Importer(815301076,1909f56bfc062723c751e8b465ee728b) [PhysX] Initialized MultithreadedTaskDispatcher with 12 workers.
[PhysX] Initialized MultithreadedTaskDispatcher with 12 workers.
[PhysX] Initialized MultithreadedTaskDispatcher with 12 workers.
 -> (artifact id: 'b13379a51654d16c4b117ad93d9e715f') in 0.018072 seconds
Number of updated asset objects reloaded before import = 0
Number of asset objects unloaded after import = 7
========================================================================
Received Prepare
Caller must complete domain reload
Begin MonoManager ReloadAssembly
- Loaded All Assemblies, in  0.566 seconds
Native extension for WindowsStandalone target not found
Native extension for iOS target not found
Native extension for Android target not found
Mono: successfully reloaded assembly
[Package Manager] Server::EnsureServerProcessIsRunning -- launch failed, reason: Unity was launched with the -noUpm command-line argument
[Package Manager] UpmClient::Send -- Unable to send message (not connected to UPM process).
[Package Manager] Cannot connect to Unity Package Manager local server
- Finished resetting the current domain, in  1.651 seconds
Domain Reload Profiling: 2212ms
	BeginReloadAssembly (182ms)
		ExecutionOrderSort (0ms)
		DisableScriptedObjects (4ms)
		BackupInstance (0ms)
		ReleaseScriptingObjects (0ms)
		CreateAndSetChildDomain (44ms)
	RebuildCommonClasses (38ms)
	RebuildNativeTypeToScriptingClass (13ms)
	initialDomainReloadingComplete (43ms)
	LoadAllAssembliesAndSetupDomain (285ms)
		LoadAssemblies (364ms)
		RebuildTransferFunctionScriptingTraits (0ms)
		AnalyzeDomain (20ms)
			TypeCache.Refresh (8ms)
				TypeCache.ScanAssembly (0ms)
			ScanForSourceGeneratedMonoScriptInfo (0ms)
			ResolveRequiredComponents (9ms)
	FinalizeReload (1651ms)
		ReleaseScriptCaches (0ms)
		RebuildScriptCaches (0ms)
		SetupLoadedEditorAssemblies (583ms)
			LogAssemblyErrors (0ms)
			InitializePlatformSupportModulesInManaged (35ms)
			SetLoadedEditorAssemblies (5ms)
			RefreshPlugins (0ms)
			BeforeProcessingInitializeOnLoad (92ms)
			ProcessInitializeOnLoadAttributes (363ms)
			ProcessInitializeOnLoadMethodAttributes (74ms)
			AfterProcessingInitializeOnLoad (13ms)
			EditorAssembliesLoaded (0ms)
		ExecutionOrderSort2 (0ms)
		AwakeInstancesAfterBackupRestoration (11ms)
Refreshing native plugins compatible for Editor in 9.41 ms, found 4 plugins.
Preloading 0 native plugins for Editor in 0.00 ms.
Unloading 5299 Unused Serialized files (Serialized files now loaded: 0)
Unloading 19 unused Assets / (481.5 KB). Loaded Objects now: 5847.
Memory consumption went from 181.8 MB to 181.4 MB.
Total: 4.927900 ms (FindLiveObjects: 0.468600 ms CreateObjectMapping: 0.537600 ms MarkObjects: 3.714000 ms  DeleteObjects: 0.206700 ms)

Prepare: number of updated asset objects reloaded= 0
AssetImportParameters requested are different than current active one (requested -> active):
  custom:container-demuxer-ogg: 62fdf1f143b41e24485cea50d1cbac27 -> 
  custom:video-codec-MediaFoundation-h265: 746d11721c4dcdbdad8f713fa42b33f4 -> 
  custom:video-decoder-ogg-theora: a1e56fd34408186e4bbccfd4996cb3dc -> 
  custom:framework-win-MediaFoundation: 216162199b28c13a410421893ffa2e32 -> 
  custom:CustomObjectIndexerAttribute: 9a22284fe3817be447336de3de66b15e -> 
  custom:container-demuxer-webm: 4f35f7cbe854078d1ac9338744f61a02 -> 
  custom:container-muxer-webm: aa71ff27fc2769a1b78a27578f13a17b -> 
  custom:video-decoder-webm-vp8: 9c59270c3fd7afecdb556c50c9e8de78 -> 
  custom:SearchIndexIgnoredProperties: e643bd26f0fe6173181afceb89e7c659 -> 
  custom:AudioImporter_EditorPlatform: d09bf68614088b80899f8185d706f6e7 -> 
  custom:video-encoder-webm-vp8: eb34c28f22e8b96e1ab97ce403110664 -> 
  custom:audio-decoder-ogg-vorbis: bf7c407c2cedff20999df2af8eb42d56 -> 
  custom:audio-encoder-webm-vorbis: bf7c407c2cedff20999df2af8eb42d56 -> 
========================================================================
Received Import Request.
  Time since last request: 182.140599 seconds.
  path: Assets/Synty/PolygonGeneric/Models/SM_Gen_Bld_Pipe_T_01.fbx
  artifactKey: Guid(e0554dcc20087d04fb9a6015d0098c39) Importer(815301076,1909f56bfc062723c751e8b465ee728b)
Start importing Assets/Synty/PolygonGeneric/Models/SM_Gen_Bld_Pipe_T_01.fbx using Guid(e0554dcc20087d04fb9a6015d0098c39) Importer(815301076,1909f56bfc062723c751e8b465ee728b) [PhysX] Initialized MultithreadedTaskDispatcher with 12 workers.
[PhysX] Initialized MultithreadedTaskDispatcher with 12 workers.
[PhysX] Initialized MultithreadedTaskDispatcher with 12 workers.
 -> (artifact id: 'c37c0d492080beeaaec688a740f480ed') in 0.102407 seconds
Number of updated asset objects reloaded before import = 0
Number of asset objects unloaded after import = 7
========================================================================
Received Import Request.
  Time since last request: 0.000029 seconds.
  path: Assets/Synty/PolygonGeneric/Models/SM_Gen_Bld_Pipe_Valve_01.fbx
  artifactKey: Guid(96638db97d398ea4cba098cf0b9b6455) Importer(815301076,1909f56bfc062723c751e8b465ee728b)
Start importing Assets/Synty/PolygonGeneric/Models/SM_Gen_Bld_Pipe_Valve_01.fbx using Guid(96638db97d398ea4cba098cf0b9b6455) Importer(815301076,1909f56bfc062723c751e8b465ee728b) [PhysX] Initialized MultithreadedTaskDispatcher with 12 workers.
[PhysX] Initialized MultithreadedTaskDispatcher with 12 workers.
[PhysX] Initialized MultithreadedTaskDispatcher with 12 workers.
[PhysX] Initialized MultithreadedTaskDispatcher with 12 workers.
[PhysX] Initialized MultithreadedTaskDispatcher with 12 workers.
 -> (artifact id: '6382d852592c15d0e5633aef718415d2') in 0.027457 seconds
Number of updated asset objects reloaded before import = 0
Number of asset objects unloaded after import = 12
========================================================================
Received Import Request.
  Time since last request: 0.000036 seconds.
  path: Assets/Synty/PolygonGeneric/Models/SM_Gen_Env_Background_Mountain_01.fbx
  artifactKey: Guid(2f2e608aae9f0044c988113c516f1b93) Importer(815301076,1909f56bfc062723c751e8b465ee728b)
Start importing Assets/Synty/PolygonGeneric/Models/SM_Gen_Env_Background_Mountain_01.fbx using Guid(2f2e608aae9f0044c988113c516f1b93) Importer(815301076,1909f56bfc062723c751e8b465ee728b) [PhysX] Initialized MultithreadedTaskDispatcher with 12 workers.
[PhysX] Initialized MultithreadedTaskDispatcher with 12 workers.
[PhysX] Initialized MultithreadedTaskDispatcher with 12 workers.
 -> (artifact id: 'cb890830854a37f0e8d7c5b956ee2134') in 0.018057 seconds
Number of updated asset objects reloaded before import = 0
Number of asset objects unloaded after import = 7
========================================================================
Received Import Request.
  Time since last request: 0.000022 seconds.
  path: Assets/Synty/PolygonGeneric/Models/SM_Gen_Env_Bush_01.fbx
  artifactKey: Guid(ed9a19bdbe2562f428829102f4d0f1f9) Importer(815301076,1909f56bfc062723c751e8b465ee728b)
Start importing Assets/Synty/PolygonGeneric/Models/SM_Gen_Env_Bush_01.fbx using Guid(ed9a19bdbe2562f428829102f4d0f1f9) Importer(815301076,1909f56bfc062723c751e8b465ee728b) [PhysX] Initialized MultithreadedTaskDispatcher with 12 workers.
[PhysX] Initialized MultithreadedTaskDispatcher with 12 workers.
[PhysX] Initialized MultithreadedTaskDispatcher with 12 workers.
 -> (artifact id: '7946d7e9b2c9d0f4fb6cf2de31739639') in 0.016573 seconds
Number of updated asset objects reloaded before import = 0
Number of asset objects unloaded after import = 7
========================================================================
Received Import Request.
  Time since last request: 0.219211 seconds.
  path: Assets/Synty/PolygonGeneric/Models/SM_Gen_Env_Bush_04.fbx
  artifactKey: Guid(586f9dba61eecb94daba3ec7b4444613) Importer(815301076,1909f56bfc062723c751e8b465ee728b)
Start importing Assets/Synty/PolygonGeneric/Models/SM_Gen_Env_Bush_04.fbx using Guid(586f9dba61eecb94daba3ec7b4444613) Importer(815301076,1909f56bfc062723c751e8b465ee728b) [PhysX] Initialized MultithreadedTaskDispatcher with 12 workers.
[PhysX] Initialized MultithreadedTaskDispatcher with 12 workers.
[PhysX] Initialized MultithreadedTaskDispatcher with 12 workers.
 -> (artifact id: '7fb5c3972351fbbd57121bde208d8885') in 0.017114 seconds
Number of updated asset objects reloaded before import = 0
Number of asset objects unloaded after import = 7
========================================================================
Received Import Request.
  Time since last request: 0.000021 seconds.
  path: Assets/Synty/PolygonGeneric/Models/SM_Gen_Env_Bush_Large_01.fbx
  artifactKey: Guid(3901d441c6f06f34ebbc4d674320266c) Importer(815301076,1909f56bfc062723c751e8b465ee728b)
Start importing Assets/Synty/PolygonGeneric/Models/SM_Gen_Env_Bush_Large_01.fbx using Guid(3901d441c6f06f34ebbc4d674320266c) Importer(815301076,1909f56bfc062723c751e8b465ee728b) [PhysX] Initialized MultithreadedTaskDispatcher with 12 workers.
[PhysX] Initialized MultithreadedTaskDispatcher with 12 workers.
[PhysX] Initialized MultithreadedTaskDispatcher with 12 workers.
 -> (artifact id: 'e29692fdcbd50829c1eff68fdb855a9f') in 0.016134 seconds
Number of updated asset objects reloaded before import = 0
Number of asset objects unloaded after import = 7
========================================================================
Received Import Request.
  Time since last request: 0.000020 seconds.
  path: Assets/Synty/PolygonGeneric/Models/SM_Gen_Env_Bush_Large_03.fbx
  artifactKey: Guid(49af91e24a7b81a489210a016b4f2cc5) Importer(815301076,1909f56bfc062723c751e8b465ee728b)
Start importing Assets/Synty/PolygonGeneric/Models/SM_Gen_Env_Bush_Large_03.fbx using Guid(49af91e24a7b81a489210a016b4f2cc5) Importer(815301076,1909f56bfc062723c751e8b465ee728b) [PhysX] Initialized MultithreadedTaskDispatcher with 12 workers.
[PhysX] Initialized MultithreadedTaskDispatcher with 12 workers.
[PhysX] Initialized MultithreadedTaskDispatcher with 12 workers.
 -> (artifact id: '636767492eb784f84d32f2ca56dadd9a') in 0.019722 seconds
Number of updated asset objects reloaded before import = 0
Number of asset objects unloaded after import = 7
========================================================================
Received Import Request.
  Time since last request: 0.000024 seconds.
  path: Assets/Synty/PolygonGeneric/Models/SM_Gen_Env_Bush_Large_04.fbx
  artifactKey: Guid(4bbcb8b2ec649104184f22799d88391d) Importer(815301076,1909f56bfc062723c751e8b465ee728b)
Start importing Assets/Synty/PolygonGeneric/Models/SM_Gen_Env_Bush_Large_04.fbx using Guid(4bbcb8b2ec649104184f22799d88391d) Importer(815301076,1909f56bfc062723c751e8b465ee728b) [PhysX] Initialized MultithreadedTaskDispatcher with 12 workers.
[PhysX] Initialized MultithreadedTaskDispatcher with 12 workers.
[PhysX] Initialized MultithreadedTaskDispatcher with 12 workers.
 -> (artifact id: '8ca5ad04d2b1d0dbd3087250e1b05f9a') in 0.016902 seconds
Number of updated asset objects reloaded before import = 0
Number of asset objects unloaded after import = 7
========================================================================
Received Import Request.
  Time since last request: 1.367622 seconds.
  path: Assets/Synty/PolygonGeneric/Models/SM_Gen_Env_Bush_Part_04.fbx
  artifactKey: Guid(bc0679cbbb16abc459c787013c9b52ee) Importer(815301076,1909f56bfc062723c751e8b465ee728b)
Start importing Assets/Synty/PolygonGeneric/Models/SM_Gen_Env_Bush_Part_04.fbx using Guid(bc0679cbbb16abc459c787013c9b52ee) Importer(815301076,1909f56bfc062723c751e8b465ee728b) [PhysX] Initialized MultithreadedTaskDispatcher with 12 workers.
[PhysX] Initialized MultithreadedTaskDispatcher with 12 workers.
[PhysX] Initialized MultithreadedTaskDispatcher with 12 workers.
 -> (artifact id: '0657ac4eb5eba2398a082a62fe202fe6') in 0.019411 seconds
Number of updated asset objects reloaded before import = 0
Number of asset objects unloaded after import = 7
========================================================================
Received Import Request.
  Time since last request: 0.000017 seconds.
  path: Assets/Synty/PolygonGeneric/Models/SM_Gen_Env_Cliff_01.fbx
  artifactKey: Guid(3a6168de36a649f47bde7e9b565be40c) Importer(815301076,1909f56bfc062723c751e8b465ee728b)
Start importing Assets/Synty/PolygonGeneric/Models/SM_Gen_Env_Cliff_01.fbx using Guid(3a6168de36a649f47bde7e9b565be40c) Importer(815301076,1909f56bfc062723c751e8b465ee728b) [PhysX] Initialized MultithreadedTaskDispatcher with 12 workers.
[PhysX] Initialized MultithreadedTaskDispatcher with 12 workers.
[PhysX] Initialized MultithreadedTaskDispatcher with 12 workers.
 -> (artifact id: '59bdb9c3d7bab172711ab5fb8615c249') in 0.018882 seconds
Number of updated asset objects reloaded before import = 0
Number of asset objects unloaded after import = 7
========================================================================
Received Import Request.
  Time since last request: 0.000017 seconds.
  path: Assets/Synty/PolygonGeneric/Models/SM_Gen_Env_Bush_Part_05.fbx
  artifactKey: Guid(4dc6d0e2ee7306440b7f20c24026b4f5) Importer(815301076,1909f56bfc062723c751e8b465ee728b)
Start importing Assets/Synty/PolygonGeneric/Models/SM_Gen_Env_Bush_Part_05.fbx using Guid(4dc6d0e2ee7306440b7f20c24026b4f5) Importer(815301076,1909f56bfc062723c751e8b465ee728b) [PhysX] Initialized MultithreadedTaskDispatcher with 12 workers.
[PhysX] Initialized MultithreadedTaskDispatcher with 12 workers.
[PhysX] Initialized MultithreadedTaskDispatcher with 12 workers.
 -> (artifact id: '32423bf53b15356dc1d6d25e8b27fa41') in 0.017874 seconds
Number of updated asset objects reloaded before import = 0
Number of asset objects unloaded after import = 7
========================================================================
Received Import Request.
  Time since last request: 0.000017 seconds.
  path: Assets/Synty/PolygonGeneric/Models/SM_Gen_Env_Cliff_03.fbx
  artifactKey: Guid(54b7e63e25fefdc4d8716bd517a07ece) Importer(815301076,1909f56bfc062723c751e8b465ee728b)
Start importing Assets/Synty/PolygonGeneric/Models/SM_Gen_Env_Cliff_03.fbx using Guid(54b7e63e25fefdc4d8716bd517a07ece) Importer(815301076,1909f56bfc062723c751e8b465ee728b) [PhysX] Initialized MultithreadedTaskDispatcher with 12 workers.
[PhysX] Initialized MultithreadedTaskDispatcher with 12 workers.
[PhysX] Initialized MultithreadedTaskDispatcher with 12 workers.
 -> (artifact id: '2ccd20c09f67a576ecdba0ce6a460ce8') in 0.017355 seconds
Number of updated asset objects reloaded before import = 0
Number of asset objects unloaded after import = 7
========================================================================
Received Import Request.
  Time since last request: 0.304305 seconds.
  path: Assets/Synty/PolygonGeneric/Models/SM_Gen_Env_Cliff_Arch_02.fbx
  artifactKey: Guid(1c26b68d32ce20a41a3390c8434670bf) Importer(815301076,1909f56bfc062723c751e8b465ee728b)
Start importing Assets/Synty/PolygonGeneric/Models/SM_Gen_Env_Cliff_Arch_02.fbx using Guid(1c26b68d32ce20a41a3390c8434670bf) Importer(815301076,1909f56bfc062723c751e8b465ee728b) [PhysX] Initialized MultithreadedTaskDispatcher with 12 workers.
[PhysX] Initialized MultithreadedTaskDispatcher with 12 workers.
[PhysX] Initialized MultithreadedTaskDispatcher with 12 workers.
 -> (artifact id: 'ba61e23df1ba3e78c7664ded59775bf7') in 0.016824 seconds
Number of updated asset objects reloaded before import = 0
Number of asset objects unloaded after import = 7
========================================================================
Received Import Request.
  Time since last request: 0.000022 seconds.
  path: Assets/Synty/PolygonGeneric/Models/SM_Gen_Env_Cloud_02.fbx
  artifactKey: Guid(ba1bf23dd02ba7648ab6568d7765d90f) Importer(815301076,1909f56bfc062723c751e8b465ee728b)
Start importing Assets/Synty/PolygonGeneric/Models/SM_Gen_Env_Cloud_02.fbx using Guid(ba1bf23dd02ba7648ab6568d7765d90f) Importer(815301076,1909f56bfc062723c751e8b465ee728b) [PhysX] Initialized MultithreadedTaskDispatcher with 12 workers.
[PhysX] Initialized MultithreadedTaskDispatcher with 12 workers.
[PhysX] Initialized MultithreadedTaskDispatcher with 12 workers.
 -> (artifact id: 'b54020d4f528fad0e5a9a55e6952c75d') in 0.020300 seconds
Number of updated asset objects reloaded before import = 0
Number of asset objects unloaded after import = 7
========================================================================
Received Import Request.
  Time since last request: 0.000023 seconds.
  path: Assets/Synty/PolygonGeneric/Models/SM_Gen_Env_Cliff_Pillar_01.fbx
  artifactKey: Guid(4130fd0369bac0249bf60dd335fdd977) Importer(815301076,1909f56bfc062723c751e8b465ee728b)
Start importing Assets/Synty/PolygonGeneric/Models/SM_Gen_Env_Cliff_Pillar_01.fbx using Guid(4130fd0369bac0249bf60dd335fdd977) Importer(815301076,1909f56bfc062723c751e8b465ee728b) [PhysX] Initialized MultithreadedTaskDispatcher with 12 workers.
[PhysX] Initialized MultithreadedTaskDispatcher with 12 workers.
[PhysX] Initialized MultithreadedTaskDispatcher with 12 workers.
 -> (artifact id: '7629c0ecfab6e25203ef8e7cc6130e23') in 0.020245 seconds
Number of updated asset objects reloaded before import = 0
Number of asset objects unloaded after import = 7
========================================================================
Received Import Request.
  Time since last request: 0.000023 seconds.
  path: Assets/Synty/PolygonGeneric/Models/SM_Gen_Env_Dirt_Cliff_01.fbx
  artifactKey: Guid(479b4e055b9b11949aacdaf04937b6e2) Importer(815301076,1909f56bfc062723c751e8b465ee728b)
Start importing Assets/Synty/PolygonGeneric/Models/SM_Gen_Env_Dirt_Cliff_01.fbx using Guid(479b4e055b9b11949aacdaf04937b6e2) Importer(815301076,1909f56bfc062723c751e8b465ee728b) [PhysX] Initialized MultithreadedTaskDispatcher with 12 workers.
[PhysX] Initialized MultithreadedTaskDispatcher with 12 workers.
[PhysX] Initialized MultithreadedTaskDispatcher with 12 workers.
 -> (artifact id: '3e8fab4f2f2727f1a37298febb8c29b3') in 0.019633 seconds
Number of updated asset objects reloaded before import = 0
Number of asset objects unloaded after import = 7
========================================================================
Received Import Request.
  Time since last request: 0.000017 seconds.
  path: Assets/Synty/PolygonGeneric/Models/SM_Gen_Env_Dirt_Cliff_05.fbx
  artifactKey: Guid(5813133607b38cd4e91f8dc31fe3019e) Importer(815301076,1909f56bfc062723c751e8b465ee728b)
Start importing Assets/Synty/PolygonGeneric/Models/SM_Gen_Env_Dirt_Cliff_05.fbx using Guid(5813133607b38cd4e91f8dc31fe3019e) Importer(815301076,1909f56bfc062723c751e8b465ee728b) [PhysX] Initialized MultithreadedTaskDispatcher with 12 workers.
[PhysX] Initialized MultithreadedTaskDispatcher with 12 workers.
[PhysX] Initialized MultithreadedTaskDispatcher with 12 workers.
 -> (artifact id: '3a1d0797a1834bac1b6a859350fe932a') in 0.019330 seconds
Number of updated asset objects reloaded before import = 0
Number of asset objects unloaded after import = 7
========================================================================
Received Import Request.
  Time since last request: 0.000017 seconds.
  path: Assets/Synty/PolygonGeneric/Models/SM_Gen_Env_Dirt_Cliff_07.fbx
  artifactKey: Guid(c6e96b3c7a9b97148ac8c8e990d04193) Importer(815301076,1909f56bfc062723c751e8b465ee728b)
Start importing Assets/Synty/PolygonGeneric/Models/SM_Gen_Env_Dirt_Cliff_07.fbx using Guid(c6e96b3c7a9b97148ac8c8e990d04193) Importer(815301076,1909f56bfc062723c751e8b465ee728b) [PhysX] Initialized MultithreadedTaskDispatcher with 12 workers.
[PhysX] Initialized MultithreadedTaskDispatcher with 12 workers.
[PhysX] Initialized MultithreadedTaskDispatcher with 12 workers.
 -> (artifact id: 'c445cd183046fb5666a4d5f8c99dc254') in 0.019306 seconds
Number of updated asset objects reloaded before import = 0
Number of asset objects unloaded after import = 7
========================================================================
Received Import Request.
  Time since last request: 0.000022 seconds.
  path: Assets/Synty/PolygonGeneric/Models/SM_Gen_Env_Dirt_Cliff_08.fbx
  artifactKey: Guid(701200bfed0c93e418b0144046950343) Importer(815301076,1909f56bfc062723c751e8b465ee728b)
Start importing Assets/Synty/PolygonGeneric/Models/SM_Gen_Env_Dirt_Cliff_08.fbx using Guid(701200bfed0c93e418b0144046950343) Importer(815301076,1909f56bfc062723c751e8b465ee728b) [PhysX] Initialized MultithreadedTaskDispatcher with 12 workers.
[PhysX] Initialized MultithreadedTaskDispatcher with 12 workers.
[PhysX] Initialized MultithreadedTaskDispatcher with 12 workers.
 -> (artifact id: '893ec6c0bad36786e126153c401ddcf1') in 0.019155 seconds
Number of updated asset objects reloaded before import = 0
Number of asset objects unloaded after import = 7
========================================================================
Received Import Request.
  Time since last request: 0.000018 seconds.
  path: Assets/Synty/PolygonGeneric/Models/SM_Gen_Env_Dirt_Cliff_02.fbx
  artifactKey: Guid(cdefa508603efe940942d871b794ffc1) Importer(815301076,1909f56bfc062723c751e8b465ee728b)
Start importing Assets/Synty/PolygonGeneric/Models/SM_Gen_Env_Dirt_Cliff_02.fbx using Guid(cdefa508603efe940942d871b794ffc1) Importer(815301076,1909f56bfc062723c751e8b465ee728b) [PhysX] Initialized MultithreadedTaskDispatcher with 12 workers.
[PhysX] Initialized MultithreadedTaskDispatcher with 12 workers.
[PhysX] Initialized MultithreadedTaskDispatcher with 12 workers.
 -> (artifact id: '12efbf99373f4ef5729ed570193bf1b6') in 0.019564 seconds
Number of updated asset objects reloaded before import = 0
Number of asset objects unloaded after import = 7
========================================================================
Received Import Request.
  Time since last request: 0.487786 seconds.
  path: Assets/Synty/PolygonGeneric/Models/SM_Gen_Env_Fern_03.fbx
  artifactKey: Guid(194ab0b9baa64ef4db38d3dfcc5c8309) Importer(815301076,1909f56bfc062723c751e8b465ee728b)
Start importing Assets/Synty/PolygonGeneric/Models/SM_Gen_Env_Fern_03.fbx using Guid(194ab0b9baa64ef4db38d3dfcc5c8309) Importer(815301076,1909f56bfc062723c751e8b465ee728b) [PhysX] Initialized MultithreadedTaskDispatcher with 12 workers.
[PhysX] Initialized MultithreadedTaskDispatcher with 12 workers.
[PhysX] Initialized MultithreadedTaskDispatcher with 12 workers.
 -> (artifact id: '9133ed0156f56576a4688676ab98c088') in 0.017354 seconds
Number of updated asset objects reloaded before import = 0
Number of asset objects unloaded after import = 7
========================================================================
Received Import Request.
  Time since last request: 0.000020 seconds.
  path: Assets/Synty/PolygonGeneric/Models/SM_Gen_Env_Flowers_02.fbx
  artifactKey: Guid(4dab8e808a57f294bb403ec4a9c279f1) Importer(815301076,1909f56bfc062723c751e8b465ee728b)
Start importing Assets/Synty/PolygonGeneric/Models/SM_Gen_Env_Flowers_02.fbx using Guid(4dab8e808a57f294bb403ec4a9c279f1) Importer(815301076,1909f56bfc062723c751e8b465ee728b) [PhysX] Initialized MultithreadedTaskDispatcher with 12 workers.
[PhysX] Initialized MultithreadedTaskDispatcher with 12 workers.
[PhysX] Initialized MultithreadedTaskDispatcher with 12 workers.
 -> (artifact id: '44f0fff23a7432f1b2edadcabafacb69') in 0.017989 seconds
Number of updated asset objects reloaded before import = 0
Number of asset objects unloaded after import = 7
========================================================================
Received Import Request.
  Time since last request: 0.000024 seconds.
  path: Assets/Synty/PolygonGeneric/Models/SM_Gen_Env_Flowers_01.fbx
  artifactKey: Guid(f5779a2a0a7b4b346ada00707efb430d) Importer(815301076,1909f56bfc062723c751e8b465ee728b)
Start importing Assets/Synty/PolygonGeneric/Models/SM_Gen_Env_Flowers_01.fbx using Guid(f5779a2a0a7b4b346ada00707efb430d) Importer(815301076,1909f56bfc062723c751e8b465ee728b) [PhysX] Initialized MultithreadedTaskDispatcher with 12 workers.
[PhysX] Initialized MultithreadedTaskDispatcher with 12 workers.
[PhysX] Initialized MultithreadedTaskDispatcher with 12 workers.
 -> (artifact id: '3ab25c9ab7815ddf6fa46be12f6017a7') in 0.019535 seconds
Number of updated asset objects reloaded before import = 0
Number of asset objects unloaded after import = 7
========================================================================
Received Import Request.
  Time since last request: 0.000019 seconds.
  path: Assets/Synty/PolygonGeneric/Models/SM_Gen_Env_Flowers_03.fbx
  artifactKey: Guid(d2e566620014bc94285f41de8f188e1b) Importer(815301076,1909f56bfc062723c751e8b465ee728b)
Start importing Assets/Synty/PolygonGeneric/Models/SM_Gen_Env_Flowers_03.fbx using Guid(d2e566620014bc94285f41de8f188e1b) Importer(815301076,1909f56bfc062723c751e8b465ee728b) [PhysX] Initialized MultithreadedTaskDispatcher with 12 workers.
[PhysX] Initialized MultithreadedTaskDispatcher with 12 workers.
[PhysX] Initialized MultithreadedTaskDispatcher with 12 workers.
 -> (artifact id: '33e7a1ade513e50a493ba9663f09c5b4') in 0.018118 seconds
Number of updated asset objects reloaded before import = 0
Number of asset objects unloaded after import = 7
========================================================================
Received Import Request.
  Time since last request: 0.354965 seconds.
  path: Assets/Synty/PolygonGeneric/Models/SM_Gen_Env_Flowers_08.fbx
  artifactKey: Guid(3dfd26b8a569097418889da1c719b3a5) Importer(815301076,1909f56bfc062723c751e8b465ee728b)
Start importing Assets/Synty/PolygonGeneric/Models/SM_Gen_Env_Flowers_08.fbx using Guid(3dfd26b8a569097418889da1c719b3a5) Importer(815301076,1909f56bfc062723c751e8b465ee728b) [PhysX] Initialized MultithreadedTaskDispatcher with 12 workers.
[PhysX] Initialized MultithreadedTaskDispatcher with 12 workers.
[PhysX] Initialized MultithreadedTaskDispatcher with 12 workers.
 -> (artifact id: '6a81673a791e078a4faddd8ad7ba0831') in 0.018458 seconds
Number of updated asset objects reloaded before import = 0
Number of asset objects unloaded after import = 7
========================================================================
Received Import Request.
  Time since last request: 0.000028 seconds.
  path: Assets/Synty/PolygonGeneric/Models/SM_Gen_Env_Grass_02.fbx
  artifactKey: Guid(08d27d31f864da94d8ba3248402bdbbd) Importer(815301076,1909f56bfc062723c751e8b465ee728b)
Start importing Assets/Synty/PolygonGeneric/Models/SM_Gen_Env_Grass_02.fbx using Guid(08d27d31f864da94d8ba3248402bdbbd) Importer(815301076,1909f56bfc062723c751e8b465ee728b) [PhysX] Initialized MultithreadedTaskDispatcher with 12 workers.
[PhysX] Initialized MultithreadedTaskDispatcher with 12 workers.
[PhysX] Initialized MultithreadedTaskDispatcher with 12 workers.
 -> (artifact id: '188ce81ed7f5868e467b13939dc68baf') in 0.020102 seconds
Number of updated asset objects reloaded before import = 0
Number of asset objects unloaded after import = 7
========================================================================
Received Import Request.
  Time since last request: 0.000019 seconds.
  path: Assets/Synty/PolygonGeneric/Models/SM_Gen_Env_Grass_03.fbx
  artifactKey: Guid(25d79c9801eef67488e1842d4fec888f) Importer(815301076,1909f56bfc062723c751e8b465ee728b)
Start importing Assets/Synty/PolygonGeneric/Models/SM_Gen_Env_Grass_03.fbx using Guid(25d79c9801eef67488e1842d4fec888f) Importer(815301076,1909f56bfc062723c751e8b465ee728b) [PhysX] Initialized MultithreadedTaskDispatcher with 12 workers.
[PhysX] Initialized MultithreadedTaskDispatcher with 12 workers.
[PhysX] Initialized MultithreadedTaskDispatcher with 12 workers.
 -> (artifact id: '06c625009f8eb1bb4cd015b3ea0f5559') in 0.018892 seconds
Number of updated asset objects reloaded before import = 0
Number of asset objects unloaded after import = 7
========================================================================
Received Import Request.
  Time since last request: 0.000014 seconds.
  path: Assets/Synty/PolygonGeneric/Models/SM_Gen_Env_Grass_Tall_01.fbx
  artifactKey: Guid(e25f4107d5321a240872043b3cdd4733) Importer(815301076,1909f56bfc062723c751e8b465ee728b)
Start importing Assets/Synty/PolygonGeneric/Models/SM_Gen_Env_Grass_Tall_01.fbx using Guid(e25f4107d5321a240872043b3cdd4733) Importer(815301076,1909f56bfc062723c751e8b465ee728b) [PhysX] Initialized MultithreadedTaskDispatcher with 12 workers.
[PhysX] Initialized MultithreadedTaskDispatcher with 12 workers.
[PhysX] Initialized MultithreadedTaskDispatcher with 12 workers.
 -> (artifact id: '77973a9e97490c64b865c41d656dbd2c') in 0.019606 seconds
Number of updated asset objects reloaded before import = 0
Number of asset objects unloaded after import = 7
========================================================================
Received Import Request.
  Time since last request: 0.000018 seconds.
  path: Assets/Synty/PolygonGeneric/Models/SM_Gen_Env_Ground_Dirt_03.fbx
  artifactKey: Guid(97036b22bba62f74eb7b2c342d28b701) Importer(815301076,1909f56bfc062723c751e8b465ee728b)
Start importing Assets/Synty/PolygonGeneric/Models/SM_Gen_Env_Ground_Dirt_03.fbx using Guid(97036b22bba62f74eb7b2c342d28b701) Importer(815301076,1909f56bfc062723c751e8b465ee728b) [PhysX] Initialized MultithreadedTaskDispatcher with 12 workers.
[PhysX] Initialized MultithreadedTaskDispatcher with 12 workers.
[PhysX] Initialized MultithreadedTaskDispatcher with 12 workers.
 -> (artifact id: '64e0eb481022a6e1e2960fe0748fe337') in 0.022489 seconds
Number of updated asset objects reloaded before import = 0
Number of asset objects unloaded after import = 7
========================================================================
Received Import Request.
  Time since last request: 0.000024 seconds.
  path: Assets/Synty/PolygonGeneric/Models/SM_Gen_Env_Ground_Dirt_Large_02.fbx
  artifactKey: Guid(f7edd297b024a224d96e676798fd6f74) Importer(815301076,1909f56bfc062723c751e8b465ee728b)
Start importing Assets/Synty/PolygonGeneric/Models/SM_Gen_Env_Ground_Dirt_Large_02.fbx using Guid(f7edd297b024a224d96e676798fd6f74) Importer(815301076,1909f56bfc062723c751e8b465ee728b) [PhysX] Initialized MultithreadedTaskDispatcher with 12 workers.
[PhysX] Initialized MultithreadedTaskDispatcher with 12 workers.
[PhysX] Initialized MultithreadedTaskDispatcher with 12 workers.
 -> (artifact id: '57e12f6f5e58e6ad855562f92b6edbff') in 0.020743 seconds
Number of updated asset objects reloaded before import = 0
Number of asset objects unloaded after import = 7
========================================================================
Received Import Request.
  Time since last request: 0.000035 seconds.
  path: Assets/Synty/PolygonGeneric/Models/SM_Gen_Env_Ground_Dirt_Large_03.fbx
  artifactKey: Guid(1cb6a0922049dac43902c8a0594a0dd6) Importer(815301076,1909f56bfc062723c751e8b465ee728b)
Start importing Assets/Synty/PolygonGeneric/Models/SM_Gen_Env_Ground_Dirt_Large_03.fbx using Guid(1cb6a0922049dac43902c8a0594a0dd6) Importer(815301076,1909f56bfc062723c751e8b465ee728b) [PhysX] Initialized MultithreadedTaskDispatcher with 12 workers.
[PhysX] Initialized MultithreadedTaskDispatcher with 12 workers.
[PhysX] Initialized MultithreadedTaskDispatcher with 12 workers.
 -> (artifact id: 'f841a47ae5f4f1e72ffa2ae3afaf2cb7') in 0.019283 seconds
Number of updated asset objects reloaded before import = 0
Number of asset objects unloaded after import = 7
========================================================================
Received Import Request.
  Time since last request: 0.000021 seconds.
  path: Assets/Synty/PolygonGeneric/Models/SM_Gen_Env_Ground_Grass_Large_02.fbx
  artifactKey: Guid(867b0f37b21269f4f9ecce5e82596fc1) Importer(815301076,1909f56bfc062723c751e8b465ee728b)
Start importing Assets/Synty/PolygonGeneric/Models/SM_Gen_Env_Ground_Grass_Large_02.fbx using Guid(867b0f37b21269f4f9ecce5e82596fc1) Importer(815301076,1909f56bfc062723c751e8b465ee728b) [PhysX] Initialized MultithreadedTaskDispatcher with 12 workers.
[PhysX] Initialized MultithreadedTaskDispatcher with 12 workers.
[PhysX] Initialized MultithreadedTaskDispatcher with 12 workers.
 -> (artifact id: 'fbe7eb2a4ebb16c373eb99db9977a0bd') in 0.019722 seconds
Number of updated asset objects reloaded before import = 0
Number of asset objects unloaded after import = 7
========================================================================
Received Import Request.
  Time since last request: 0.000026 seconds.
  path: Assets/Synty/PolygonGeneric/Models/SM_Gen_Env_Ground_Edge_05.fbx
  artifactKey: Guid(7554eb49fb8e0ec4fb86be540dcc9aa0) Importer(815301076,1909f56bfc062723c751e8b465ee728b)
Start importing Assets/Synty/PolygonGeneric/Models/SM_Gen_Env_Ground_Edge_05.fbx using Guid(7554eb49fb8e0ec4fb86be540dcc9aa0) Importer(815301076,1909f56bfc062723c751e8b465ee728b) [PhysX] Initialized MultithreadedTaskDispatcher with 12 workers.
[PhysX] Initialized MultithreadedTaskDispatcher with 12 workers.
[PhysX] Initialized MultithreadedTaskDispatcher with 12 workers.
 -> (artifact id: 'cc95cf5c0ac95a1417513e4fc4cf2dd2') in 0.018527 seconds
Number of updated asset objects reloaded before import = 0
Number of asset objects unloaded after import = 7
========================================================================
Received Import Request.
  Time since last request: 0.000016 seconds.
  path: Assets/Synty/PolygonGeneric/Models/SM_Gen_Env_Ground_Grass_04.fbx
  artifactKey: Guid(536959aaa8ff6b341abfeb301c57ba96) Importer(815301076,1909f56bfc062723c751e8b465ee728b)
Start importing Assets/Synty/PolygonGeneric/Models/SM_Gen_Env_Ground_Grass_04.fbx using Guid(536959aaa8ff6b341abfeb301c57ba96) Importer(815301076,1909f56bfc062723c751e8b465ee728b) [PhysX] Initialized MultithreadedTaskDispatcher with 12 workers.
[PhysX] Initialized MultithreadedTaskDispatcher with 12 workers.
[PhysX] Initialized MultithreadedTaskDispatcher with 12 workers.
 -> (artifact id: '89d36fc1f23b082be253481ccfdb7570') in 0.019651 seconds
Number of updated asset objects reloaded before import = 0
Number of asset objects unloaded after import = 7
========================================================================
Received Import Request.
  Time since last request: 0.000025 seconds.
  path: Assets/Synty/PolygonGeneric/Models/SM_Gen_Env_Grass_Tall_04.fbx
  artifactKey: Guid(52a458aa2fca32f4ab383bd373dab691) Importer(815301076,1909f56bfc062723c751e8b465ee728b)
Start importing Assets/Synty/PolygonGeneric/Models/SM_Gen_Env_Grass_Tall_04.fbx using Guid(52a458aa2fca32f4ab383bd373dab691) Importer(815301076,1909f56bfc062723c751e8b465ee728b) [PhysX] Initialized MultithreadedTaskDispatcher with 12 workers.
[PhysX] Initialized MultithreadedTaskDispatcher with 12 workers.
[PhysX] Initialized MultithreadedTaskDispatcher with 12 workers.
 -> (artifact id: '39f4f00edf9c15cae12869efe5835f91') in 0.019738 seconds
Number of updated asset objects reloaded before import = 0
Number of asset objects unloaded after import = 7
========================================================================
Received Import Request.
  Time since last request: 0.000024 seconds.
  path: Assets/Synty/PolygonGeneric/Models/SM_Gen_Env_Ground_Edge_03.fbx
  artifactKey: Guid(8e67ce65b2ee80845b15ac7f61f07346) Importer(815301076,1909f56bfc062723c751e8b465ee728b)
Start importing Assets/Synty/PolygonGeneric/Models/SM_Gen_Env_Ground_Edge_03.fbx using Guid(8e67ce65b2ee80845b15ac7f61f07346) Importer(815301076,1909f56bfc062723c751e8b465ee728b) [PhysX] Initialized MultithreadedTaskDispatcher with 12 workers.
[PhysX] Initialized MultithreadedTaskDispatcher with 12 workers.
[PhysX] Initialized MultithreadedTaskDispatcher with 12 workers.
 -> (artifact id: '9a842113b59c10a278c4feda260a40c6') in 0.018781 seconds
Number of updated asset objects reloaded before import = 0
Number of asset objects unloaded after import = 7
========================================================================
Received Import Request.
  Time since last request: 0.000025 seconds.
  path: Assets/Synty/PolygonGeneric/Models/SM_Gen_Env_Ground_Dirt_Large_01.fbx
  artifactKey: Guid(084a9628c11d05e45b96f8bbc1447a19) Importer(815301076,1909f56bfc062723c751e8b465ee728b)
Start importing Assets/Synty/PolygonGeneric/Models/SM_Gen_Env_Ground_Dirt_Large_01.fbx using Guid(084a9628c11d05e45b96f8bbc1447a19) Importer(815301076,1909f56bfc062723c751e8b465ee728b) [PhysX] Initialized MultithreadedTaskDispatcher with 12 workers.
[PhysX] Initialized MultithreadedTaskDispatcher with 12 workers.
[PhysX] Initialized MultithreadedTaskDispatcher with 12 workers.
 -> (artifact id: '4dbcfa64fafe9bdcc1bee6828c5d0f12') in 0.018483 seconds
Number of updated asset objects reloaded before import = 0
Number of asset objects unloaded after import = 7
========================================================================
Received Import Request.
  Time since last request: 0.000018 seconds.
  path: Assets/Synty/PolygonGeneric/Models/SM_Gen_Env_Ground_Grass_Large_03.fbx
  artifactKey: Guid(9c694326765ef0b46b7862e7b77a7998) Importer(815301076,1909f56bfc062723c751e8b465ee728b)
Start importing Assets/Synty/PolygonGeneric/Models/SM_Gen_Env_Ground_Grass_Large_03.fbx using Guid(9c694326765ef0b46b7862e7b77a7998) Importer(815301076,1909f56bfc062723c751e8b465ee728b) [PhysX] Initialized MultithreadedTaskDispatcher with 12 workers.
[PhysX] Initialized MultithreadedTaskDispatcher with 12 workers.
[PhysX] Initialized MultithreadedTaskDispatcher with 12 workers.
 -> (artifact id: '213701d398556af16c4368546296d045') in 0.017778 seconds
Number of updated asset objects reloaded before import = 0
Number of asset objects unloaded after import = 7
========================================================================
Received Import Request.
  Time since last request: 0.000022 seconds.
  path: Assets/Synty/PolygonGeneric/Models/SM_Gen_Env_Grass_06.fbx
  artifactKey: Guid(43189536055482f47bf03eb33e9890be) Importer(815301076,1909f56bfc062723c751e8b465ee728b)
Start importing Assets/Synty/PolygonGeneric/Models/SM_Gen_Env_Grass_06.fbx using Guid(43189536055482f47bf03eb33e9890be) Importer(815301076,1909f56bfc062723c751e8b465ee728b) [PhysX] Initialized MultithreadedTaskDispatcher with 12 workers.
[PhysX] Initialized MultithreadedTaskDispatcher with 12 workers.
[PhysX] Initialized MultithreadedTaskDispatcher with 12 workers.
 -> (artifact id: '3af729c5b0ba2def68287731a8ed243c') in 0.023876 seconds
Number of updated asset objects reloaded before import = 0
Number of asset objects unloaded after import = 7
========================================================================
Received Import Request.
  Time since last request: 0.000025 seconds.
  path: Assets/Synty/PolygonGeneric/Models/SM_Gen_Env_Ground_Edge_02.fbx
  artifactKey: Guid(8663cbd6c05887341a70e876a0f69496) Importer(815301076,1909f56bfc062723c751e8b465ee728b)
Start importing Assets/Synty/PolygonGeneric/Models/SM_Gen_Env_Ground_Edge_02.fbx using Guid(8663cbd6c05887341a70e876a0f69496) Importer(815301076,1909f56bfc062723c751e8b465ee728b) [PhysX] Initialized MultithreadedTaskDispatcher with 12 workers.
[PhysX] Initialized MultithreadedTaskDispatcher with 12 workers.
[PhysX] Initialized MultithreadedTaskDispatcher with 12 workers.
 -> (artifact id: 'c7f493efc0fd6f56fefed11dc70b836f') in 0.022532 seconds
Number of updated asset objects reloaded before import = 0
Number of asset objects unloaded after import = 7
========================================================================
Received Import Request.
  Time since last request: 0.000025 seconds.
  path: Assets/Synty/PolygonGeneric/Models/SM_Gen_Env_Ground_Grass_02.fbx
  artifactKey: Guid(9fabc8d8cd798724599709e6393d2ac6) Importer(815301076,1909f56bfc062723c751e8b465ee728b)
Start importing Assets/Synty/PolygonGeneric/Models/SM_Gen_Env_Ground_Grass_02.fbx using Guid(9fabc8d8cd798724599709e6393d2ac6) Importer(815301076,1909f56bfc062723c751e8b465ee728b) [PhysX] Initialized MultithreadedTaskDispatcher with 12 workers.
[PhysX] Initialized MultithreadedTaskDispatcher with 12 workers.
[PhysX] Initialized MultithreadedTaskDispatcher with 12 workers.
 -> (artifact id: '38611386b1fcf63c0d6bed698317ce7e') in 0.019881 seconds
Number of updated asset objects reloaded before import = 0
Number of asset objects unloaded after import = 7
========================================================================
Received Import Request.
  Time since last request: 0.360860 seconds.
  path: Assets/Synty/PolygonGeneric/Models/SM_Gen_Env_Ground_River_Dirt_02.fbx
  artifactKey: Guid(d210649502a5e6442942bae835b7cdff) Importer(815301076,1909f56bfc062723c751e8b465ee728b)
Start importing Assets/Synty/PolygonGeneric/Models/SM_Gen_Env_Ground_River_Dirt_02.fbx using Guid(d210649502a5e6442942bae835b7cdff) Importer(815301076,1909f56bfc062723c751e8b465ee728b) [PhysX] Initialized MultithreadedTaskDispatcher with 12 workers.
[PhysX] Initialized MultithreadedTaskDispatcher with 12 workers.
[PhysX] Initialized MultithreadedTaskDispatcher with 12 workers.
 -> (artifact id: '7cbf21c17f34def7e54c4af4fc601c8d') in 0.017959 seconds
Number of updated asset objects reloaded before import = 0
Number of asset objects unloaded after import = 7
========================================================================
Received Import Request.
  Time since last request: 0.000021 seconds.
  path: Assets/Synty/PolygonGeneric/Models/SM_Gen_Env_Ground_River_Dirt_07.fbx
  artifactKey: Guid(e6fd2b5234405c548a1dde3bb41561a0) Importer(815301076,1909f56bfc062723c751e8b465ee728b)
Start importing Assets/Synty/PolygonGeneric/Models/SM_Gen_Env_Ground_River_Dirt_07.fbx using Guid(e6fd2b5234405c548a1dde3bb41561a0) Importer(815301076,1909f56bfc062723c751e8b465ee728b) [PhysX] Initialized MultithreadedTaskDispatcher with 12 workers.
[PhysX] Initialized MultithreadedTaskDispatcher with 12 workers.
[PhysX] Initialized MultithreadedTaskDispatcher with 12 workers.
 -> (artifact id: 'd466feb9ddd89861e673d2ae2cefe9a3') in 0.018860 seconds
Number of updated asset objects reloaded before import = 0
Number of asset objects unloaded after import = 7
========================================================================
Received Import Request.
  Time since last request: 0.000023 seconds.
  path: Assets/Synty/PolygonGeneric/Models/SM_Gen_Env_Ground_River_Dirt_04.fbx
  artifactKey: Guid(ca1c70106b9500649b93fb95061f05dc) Importer(815301076,1909f56bfc062723c751e8b465ee728b)
Start importing Assets/Synty/PolygonGeneric/Models/SM_Gen_Env_Ground_River_Dirt_04.fbx using Guid(ca1c70106b9500649b93fb95061f05dc) Importer(815301076,1909f56bfc062723c751e8b465ee728b) [PhysX] Initialized MultithreadedTaskDispatcher with 12 workers.
[PhysX] Initialized MultithreadedTaskDispatcher with 12 workers.
[PhysX] Initialized MultithreadedTaskDispatcher with 12 workers.
 -> (artifact id: '68f2ebd789869fc5e6bb68b4b27e9dd9') in 0.020449 seconds
Number of updated asset objects reloaded before import = 0
Number of asset objects unloaded after import = 7
========================================================================
Received Import Request.
  Time since last request: 0.000026 seconds.
  path: Assets/Synty/PolygonGeneric/Models/SM_Gen_Env_Ground_River_Dirt_05.fbx
  artifactKey: Guid(587c2f6bd35753d4a9ff12bd79f7e5d3) Importer(815301076,1909f56bfc062723c751e8b465ee728b)
Start importing Assets/Synty/PolygonGeneric/Models/SM_Gen_Env_Ground_River_Dirt_05.fbx using Guid(587c2f6bd35753d4a9ff12bd79f7e5d3) Importer(815301076,1909f56bfc062723c751e8b465ee728b) [PhysX] Initialized MultithreadedTaskDispatcher with 12 workers.
[PhysX] Initialized MultithreadedTaskDispatcher with 12 workers.
[PhysX] Initialized MultithreadedTaskDispatcher with 12 workers.
 -> (artifact id: '1b12adb7b3e203768adece9fde56fe75') in 0.021582 seconds
Number of updated asset objects reloaded before import = 0
Number of asset objects unloaded after import = 7
========================================================================
Received Import Request.
  Time since last request: 0.000038 seconds.
  path: Assets/Synty/PolygonGeneric/Models/SM_Gen_Env_Ground_River_Grass_01.fbx
  artifactKey: Guid(bcecbc79871bfc349a0e8f4cde64e69b) Importer(815301076,1909f56bfc062723c751e8b465ee728b)
Start importing Assets/Synty/PolygonGeneric/Models/SM_Gen_Env_Ground_River_Grass_01.fbx using Guid(bcecbc79871bfc349a0e8f4cde64e69b) Importer(815301076,1909f56bfc062723c751e8b465ee728b) [PhysX] Initialized MultithreadedTaskDispatcher with 12 workers.
[PhysX] Initialized MultithreadedTaskDispatcher with 12 workers.
[PhysX] Initialized MultithreadedTaskDispatcher with 12 workers.
 -> (artifact id: 'bb9f10e9675d24ff8c379bbcdd0e697a') in 0.021976 seconds
Number of updated asset objects reloaded before import = 0
Number of asset objects unloaded after import = 7
========================================================================
Received Import Request.
  Time since last request: 0.000027 seconds.
  path: Assets/Synty/PolygonGeneric/Models/SM_Gen_Env_Ground_River_Grass_02.fbx
  artifactKey: Guid(ea1bce7b48a6d354585e2293ef05f0d3) Importer(815301076,1909f56bfc062723c751e8b465ee728b)
Start importing Assets/Synty/PolygonGeneric/Models/SM_Gen_Env_Ground_River_Grass_02.fbx using Guid(ea1bce7b48a6d354585e2293ef05f0d3) Importer(815301076,1909f56bfc062723c751e8b465ee728b) [PhysX] Initialized MultithreadedTaskDispatcher with 12 workers.
[PhysX] Initialized MultithreadedTaskDispatcher with 12 workers.
[PhysX] Initialized MultithreadedTaskDispatcher with 12 workers.
 -> (artifact id: '2fe27abe7051063d152ba3003e964fc8') in 0.021410 seconds
Number of updated asset objects reloaded before import = 0
Number of asset objects unloaded after import = 7
========================================================================
Received Import Request.
  Time since last request: 0.000020 seconds.
  path: Assets/Synty/PolygonGeneric/Models/SM_Gen_Env_Ground_River_Dirt_Large_02.fbx
  artifactKey: Guid(02af98fb226f3c54ba5021780c6eb8d6) Importer(815301076,1909f56bfc062723c751e8b465ee728b)
Start importing Assets/Synty/PolygonGeneric/Models/SM_Gen_Env_Ground_River_Dirt_Large_02.fbx using Guid(02af98fb226f3c54ba5021780c6eb8d6) Importer(815301076,1909f56bfc062723c751e8b465ee728b) [PhysX] Initialized MultithreadedTaskDispatcher with 12 workers.
[PhysX] Initialized MultithreadedTaskDispatcher with 12 workers.
[PhysX] Initialized MultithreadedTaskDispatcher with 12 workers.
 -> (artifact id: 'f13fe8a915d6bec97257af34599a4345') in 0.020197 seconds
Number of updated asset objects reloaded before import = 0
Number of asset objects unloaded after import = 7
========================================================================
Received Import Request.
  Time since last request: 0.000024 seconds.
  path: Assets/Synty/PolygonGeneric/Models/SM_Gen_Env_Ground_River_Grass_03.fbx
  artifactKey: Guid(cfb993f62658bde4b80ff62909a69257) Importer(815301076,1909f56bfc062723c751e8b465ee728b)
Start importing Assets/Synty/PolygonGeneric/Models/SM_Gen_Env_Ground_River_Grass_03.fbx using Guid(cfb993f62658bde4b80ff62909a69257) Importer(815301076,1909f56bfc062723c751e8b465ee728b) [PhysX] Initialized MultithreadedTaskDispatcher with 12 workers.
[PhysX] Initialized MultithreadedTaskDispatcher with 12 workers.
[PhysX] Initialized MultithreadedTaskDispatcher with 12 workers.
 -> (artifact id: '0a29a5fdd01cc2d60cba3cdf21cb90ed') in 0.021497 seconds
Number of updated asset objects reloaded before import = 0
Number of asset objects unloaded after import = 7
========================================================================
Received Import Request.
  Time since last request: 0.000053 seconds.
  path: Assets/Synty/PolygonGeneric/Models/SM_Gen_Env_Ground_River_Grass_Large_01.fbx
  artifactKey: Guid(8bed317130a8d974a954405861d496c5) Importer(815301076,1909f56bfc062723c751e8b465ee728b)
Start importing Assets/Synty/PolygonGeneric/Models/SM_Gen_Env_Ground_River_Grass_Large_01.fbx using Guid(8bed317130a8d974a954405861d496c5) Importer(815301076,1909f56bfc062723c751e8b465ee728b) [PhysX] Initialized MultithreadedTaskDispatcher with 12 workers.
[PhysX] Initialized MultithreadedTaskDispatcher with 12 workers.
[PhysX] Initialized MultithreadedTaskDispatcher with 12 workers.
 -> (artifact id: 'fee28c578dedf0382552c4cc0a1171c3') in 0.017980 seconds
Number of updated asset objects reloaded before import = 0
Number of asset objects unloaded after import = 7
========================================================================
Received Import Request.
  Time since last request: 0.000023 seconds.
  path: Assets/Synty/PolygonGeneric/Models/SM_Gen_Env_Ground_Slope_Dirt_01.fbx
  artifactKey: Guid(3527bc88a7a73314e80c0b8c836fc7ef) Importer(815301076,1909f56bfc062723c751e8b465ee728b)
Start importing Assets/Synty/PolygonGeneric/Models/SM_Gen_Env_Ground_Slope_Dirt_01.fbx using Guid(3527bc88a7a73314e80c0b8c836fc7ef) Importer(815301076,1909f56bfc062723c751e8b465ee728b) [PhysX] Initialized MultithreadedTaskDispatcher with 12 workers.
[PhysX] Initialized MultithreadedTaskDispatcher with 12 workers.
[PhysX] Initialized MultithreadedTaskDispatcher with 12 workers.
 -> (artifact id: '7c4345eb8d0335e093335d3bb427611a') in 0.020526 seconds
Number of updated asset objects reloaded before import = 0
Number of asset objects unloaded after import = 7
========================================================================
Received Import Request.
  Time since last request: 0.000024 seconds.
  path: Assets/Synty/PolygonGeneric/Models/SM_Gen_Env_Ground_Slope_Grass_02.fbx
  artifactKey: Guid(62b6de89c3d45d5448655ce0878443cd) Importer(815301076,1909f56bfc062723c751e8b465ee728b)
Start importing Assets/Synty/PolygonGeneric/Models/SM_Gen_Env_Ground_Slope_Grass_02.fbx using Guid(62b6de89c3d45d5448655ce0878443cd) Importer(815301076,1909f56bfc062723c751e8b465ee728b) [PhysX] Initialized MultithreadedTaskDispatcher with 12 workers.
[PhysX] Initialized MultithreadedTaskDispatcher with 12 workers.
[PhysX] Initialized MultithreadedTaskDispatcher with 12 workers.
 -> (artifact id: 'b7be9a630eb58e35708b9f7ca2a6aff7') in 0.020307 seconds
Number of updated asset objects reloaded before import = 0
Number of asset objects unloaded after import = 7
========================================================================
Received Import Request.
  Time since last request: 0.000031 seconds.
  path: Assets/Synty/PolygonGeneric/Models/SM_Gen_Env_Ground_River_Grass_07.fbx
  artifactKey: Guid(058412ac50322cb46923c612a2adf14e) Importer(815301076,1909f56bfc062723c751e8b465ee728b)
Start importing Assets/Synty/PolygonGeneric/Models/SM_Gen_Env_Ground_River_Grass_07.fbx using Guid(058412ac50322cb46923c612a2adf14e) Importer(815301076,1909f56bfc062723c751e8b465ee728b) [PhysX] Initialized MultithreadedTaskDispatcher with 12 workers.
[PhysX] Initialized MultithreadedTaskDispatcher with 12 workers.
[PhysX] Initialized MultithreadedTaskDispatcher with 12 workers.
 -> (artifact id: 'f1bb24b2e1f1d87e8e66bd9e22ecb759') in 0.023934 seconds
Number of updated asset objects reloaded before import = 0
Number of asset objects unloaded after import = 7
========================================================================
Received Import Request.
  Time since last request: 0.412470 seconds.
  path: Assets/Synty/PolygonGeneric/Models/SM_Gen_Env_Hill_02.fbx
  artifactKey: Guid(cb3ac8e9f6fceab44a90bb773fa6a889) Importer(815301076,1909f56bfc062723c751e8b465ee728b)
Start importing Assets/Synty/PolygonGeneric/Models/SM_Gen_Env_Hill_02.fbx using Guid(cb3ac8e9f6fceab44a90bb773fa6a889) Importer(815301076,1909f56bfc062723c751e8b465ee728b) [PhysX] Initialized MultithreadedTaskDispatcher with 12 workers.
[PhysX] Initialized MultithreadedTaskDispatcher with 12 workers.
[PhysX] Initialized MultithreadedTaskDispatcher with 12 workers.
 -> (artifact id: 'bf39b5b2db6a2c652d9e66b29541a8ca') in 0.022593 seconds
Number of updated asset objects reloaded before import = 0
Number of asset objects unloaded after import = 7
========================================================================
Received Import Request.
  Time since last request: 0.000427 seconds.
  path: Assets/Synty/PolygonGeneric/Models/SM_Gen_Env_Ivy_02.fbx
  artifactKey: Guid(0c791968e44138349ad8d64b30557507) Importer(815301076,1909f56bfc062723c751e8b465ee728b)
Start importing Assets/Synty/PolygonGeneric/Models/SM_Gen_Env_Ivy_02.fbx using Guid(0c791968e44138349ad8d64b30557507) Importer(815301076,1909f56bfc062723c751e8b465ee728b) [PhysX] Initialized MultithreadedTaskDispatcher with 12 workers.
[PhysX] Initialized MultithreadedTaskDispatcher with 12 workers.
[PhysX] Initialized MultithreadedTaskDispatcher with 12 workers.
 -> (artifact id: 'a1b2fdfe167beb640076534f667e6ad3') in 0.023248 seconds
Number of updated asset objects reloaded before import = 0
Number of asset objects unloaded after import = 7
========================================================================
Received Import Request.
  Time since last request: 0.000205 seconds.
  path: Assets/Synty/PolygonGeneric/Models/SM_Gen_Env_Ivy_01.fbx
  artifactKey: Guid(21431e9913a5b4847b2d7b16dfd60170) Importer(815301076,1909f56bfc062723c751e8b465ee728b)
Start importing Assets/Synty/PolygonGeneric/Models/SM_Gen_Env_Ivy_01.fbx using Guid(21431e9913a5b4847b2d7b16dfd60170) Importer(815301076,1909f56bfc062723c751e8b465ee728b) [PhysX] Initialized MultithreadedTaskDispatcher with 12 workers.
[PhysX] Initialized MultithreadedTaskDispatcher with 12 workers.
[PhysX] Initialized MultithreadedTaskDispatcher with 12 workers.
 -> (artifact id: '5f2bdda3eaee500bae8d430ea9e9f4b0') in 0.023877 seconds
Number of updated asset objects reloaded before import = 0
Number of asset objects unloaded after import = 7
========================================================================
Received Import Request.
  Time since last request: 0.000027 seconds.
  path: Assets/Synty/PolygonGeneric/Models/SM_Gen_Env_Hill_04.fbx
  artifactKey: Guid(38b156b6d0b41a84db0fa0c2b8153327) Importer(815301076,1909f56bfc062723c751e8b465ee728b)
Start importing Assets/Synty/PolygonGeneric/Models/SM_Gen_Env_Hill_04.fbx using Guid(38b156b6d0b41a84db0fa0c2b8153327) Importer(815301076,1909f56bfc062723c751e8b465ee728b) [PhysX] Initialized MultithreadedTaskDispatcher with 12 workers.
[PhysX] Initialized MultithreadedTaskDispatcher with 12 workers.
[PhysX] Initialized MultithreadedTaskDispatcher with 12 workers.
 -> (artifact id: '9a020af27db4be4c52ad17ef59471362') in 0.022894 seconds
Number of updated asset objects reloaded before import = 0
Number of asset objects unloaded after import = 7
========================================================================
Received Import Request.
  Time since last request: 0.000023 seconds.
  path: Assets/Synty/PolygonGeneric/Models/SM_Gen_Env_Ivy_04.fbx
  artifactKey: Guid(6d0c6575a08409848ae3b6ea24db4c51) Importer(815301076,1909f56bfc062723c751e8b465ee728b)
Start importing Assets/Synty/PolygonGeneric/Models/SM_Gen_Env_Ivy_04.fbx using Guid(6d0c6575a08409848ae3b6ea24db4c51) Importer(815301076,1909f56bfc062723c751e8b465ee728b) [PhysX] Initialized MultithreadedTaskDispatcher with 12 workers.
[PhysX] Initialized MultithreadedTaskDispatcher with 12 workers.
[PhysX] Initialized MultithreadedTaskDispatcher with 12 workers.
 -> (artifact id: '8db55ad0e2a97481dfbeb10c30b3ea89') in 0.020291 seconds
Number of updated asset objects reloaded before import = 0
Number of asset objects unloaded after import = 7
========================================================================
Received Import Request.
  Time since last request: 0.000023 seconds.
  path: Assets/Synty/PolygonGeneric/Models/SM_Gen_Env_Ivy_06.fbx
  artifactKey: Guid(f9ce7ea29ece0dc47bb55f3146b75062) Importer(815301076,1909f56bfc062723c751e8b465ee728b)
Start importing Assets/Synty/PolygonGeneric/Models/SM_Gen_Env_Ivy_06.fbx using Guid(f9ce7ea29ece0dc47bb55f3146b75062) Importer(815301076,1909f56bfc062723c751e8b465ee728b) [PhysX] Initialized MultithreadedTaskDispatcher with 12 workers.
[PhysX] Initialized MultithreadedTaskDispatcher with 12 workers.
[PhysX] Initialized MultithreadedTaskDispatcher with 12 workers.
 -> (artifact id: 'b27fb2e66d3210d86b641c66315a2c80') in 0.019581 seconds
Number of updated asset objects reloaded before import = 0
Number of asset objects unloaded after import = 7
========================================================================
Received Import Request.
  Time since last request: 0.000043 seconds.
  path: Assets/Synty/PolygonGeneric/Models/SM_Gen_Env_Ivy_Draped_03.fbx
  artifactKey: Guid(b7ee0848821b4b445beecb5a5f9e32cf) Importer(815301076,1909f56bfc062723c751e8b465ee728b)
Start importing Assets/Synty/PolygonGeneric/Models/SM_Gen_Env_Ivy_Draped_03.fbx using Guid(b7ee0848821b4b445beecb5a5f9e32cf) Importer(815301076,1909f56bfc062723c751e8b465ee728b) [PhysX] Initialized MultithreadedTaskDispatcher with 12 workers.
[PhysX] Initialized MultithreadedTaskDispatcher with 12 workers.
[PhysX] Initialized MultithreadedTaskDispatcher with 12 workers.
 -> (artifact id: '37992f005d59e14afe742236f0245c06') in 0.023123 seconds
Number of updated asset objects reloaded before import = 0
Number of asset objects unloaded after import = 7
========================================================================
Received Import Request.
  Time since last request: 0.000025 seconds.
  path: Assets/Synty/PolygonGeneric/Models/SM_Gen_Env_Leaves_01.fbx
  artifactKey: Guid(fc44e16a3da27344e81916ec77cb0017) Importer(815301076,1909f56bfc062723c751e8b465ee728b)
Start importing Assets/Synty/PolygonGeneric/Models/SM_Gen_Env_Leaves_01.fbx using Guid(fc44e16a3da27344e81916ec77cb0017) Importer(815301076,1909f56bfc062723c751e8b465ee728b) [PhysX] Initialized MultithreadedTaskDispatcher with 12 workers.
[PhysX] Initialized MultithreadedTaskDispatcher with 12 workers.
[PhysX] Initialized MultithreadedTaskDispatcher with 12 workers.
 -> (artifact id: '544b3eeb7003cd9eebeffc7fd3ca740a') in 0.023303 seconds
Number of updated asset objects reloaded before import = 0
Number of asset objects unloaded after import = 7
========================================================================
Received Import Request.
  Time since last request: 0.000023 seconds.
  path: Assets/Synty/PolygonGeneric/Models/SM_Gen_Env_Ivy_12.fbx
  artifactKey: Guid(96c44cdb5f1aaa94986d47819332d9c3) Importer(815301076,1909f56bfc062723c751e8b465ee728b)
Start importing Assets/Synty/PolygonGeneric/Models/SM_Gen_Env_Ivy_12.fbx using Guid(96c44cdb5f1aaa94986d47819332d9c3) Importer(815301076,1909f56bfc062723c751e8b465ee728b) [PhysX] Initialized MultithreadedTaskDispatcher with 12 workers.
[PhysX] Initialized MultithreadedTaskDispatcher with 12 workers.
[PhysX] Initialized MultithreadedTaskDispatcher with 12 workers.
 -> (artifact id: '05138abfec316c6a7e0c3f052362ccff') in 0.023971 seconds
Number of updated asset objects reloaded before import = 0
Number of asset objects unloaded after import = 7
========================================================================
Received Import Request.
  Time since last request: 0.000025 seconds.
  path: Assets/Synty/PolygonGeneric/Models/SM_Gen_Env_Leaves_03.fbx
  artifactKey: Guid(2526bf954bfd1ac41b21deebbd1a4e41) Importer(815301076,1909f56bfc062723c751e8b465ee728b)
Start importing Assets/Synty/PolygonGeneric/Models/SM_Gen_Env_Leaves_03.fbx using Guid(2526bf954bfd1ac41b21deebbd1a4e41) Importer(815301076,1909f56bfc062723c751e8b465ee728b) [PhysX] Initialized MultithreadedTaskDispatcher with 12 workers.
[PhysX] Initialized MultithreadedTaskDispatcher with 12 workers.
[PhysX] Initialized MultithreadedTaskDispatcher with 12 workers.
 -> (artifact id: 'f7ab8f24c2fcb829d190dcb80d6f23cf') in 0.025246 seconds
Number of updated asset objects reloaded before import = 0
Number of asset objects unloaded after import = 7
========================================================================
Received Import Request.
  Time since last request: 0.000032 seconds.
  path: Assets/Synty/PolygonGeneric/Models/SM_Gen_Env_Ivy_07.fbx
  artifactKey: Guid(62d8243c8ffaba0498b010dd18bed4df) Importer(815301076,1909f56bfc062723c751e8b465ee728b)
Start importing Assets/Synty/PolygonGeneric/Models/SM_Gen_Env_Ivy_07.fbx using Guid(62d8243c8ffaba0498b010dd18bed4df) Importer(815301076,1909f56bfc062723c751e8b465ee728b) [PhysX] Initialized MultithreadedTaskDispatcher with 12 workers.
[PhysX] Initialized MultithreadedTaskDispatcher with 12 workers.
[PhysX] Initialized MultithreadedTaskDispatcher with 12 workers.
 -> (artifact id: 'f6d6cc440fba14271cc7642113b2fea4') in 0.022938 seconds
Number of updated asset objects reloaded before import = 0
Number of asset objects unloaded after import = 7
========================================================================
Received Import Request.
  Time since last request: 0.000040 seconds.
  path: Assets/Synty/PolygonGeneric/Models/SM_Gen_Env_Ivy_05.fbx
  artifactKey: Guid(3962c1bdca05d9a49854cd8ba84ebae9) Importer(815301076,1909f56bfc062723c751e8b465ee728b)
Start importing Assets/Synty/PolygonGeneric/Models/SM_Gen_Env_Ivy_05.fbx using Guid(3962c1bdca05d9a49854cd8ba84ebae9) Importer(815301076,1909f56bfc062723c751e8b465ee728b) [PhysX] Initialized MultithreadedTaskDispatcher with 12 workers.
[PhysX] Initialized MultithreadedTaskDispatcher with 12 workers.
[PhysX] Initialized MultithreadedTaskDispatcher with 12 workers.
 -> (artifact id: '4d00d056cac44f65572c991083aba381') in 0.022754 seconds
Number of updated asset objects reloaded before import = 0
Number of asset objects unloaded after import = 7
========================================================================
Received Import Request.
  Time since last request: 0.000028 seconds.
  path: Assets/Synty/PolygonGeneric/Models/SM_Gen_Env_Ivy_Draped_01.fbx
  artifactKey: Guid(98fcaf6aaeca69643a25f7f313098d5d) Importer(815301076,1909f56bfc062723c751e8b465ee728b)
Start importing Assets/Synty/PolygonGeneric/Models/SM_Gen_Env_Ivy_Draped_01.fbx using Guid(98fcaf6aaeca69643a25f7f313098d5d) Importer(815301076,1909f56bfc062723c751e8b465ee728b) [PhysX] Initialized MultithreadedTaskDispatcher with 12 workers.
[PhysX] Initialized MultithreadedTaskDispatcher with 12 workers.
[PhysX] Initialized MultithreadedTaskDispatcher with 12 workers.
 -> (artifact id: '3c051757729be5a1001e133a96703f15') in 0.021583 seconds
Number of updated asset objects reloaded before import = 0
Number of asset objects unloaded after import = 7
========================================================================
Received Import Request.
  Time since last request: 0.027336 seconds.
  path: Assets/Synty/PolygonGeneric/Models/SM_Gen_Env_Leaves_Pile_02.fbx
  artifactKey: Guid(224bdb9715464e643aab313c08f3d60b) Importer(815301076,1909f56bfc062723c751e8b465ee728b)
Start importing Assets/Synty/PolygonGeneric/Models/SM_Gen_Env_Leaves_Pile_02.fbx using Guid(224bdb9715464e643aab313c08f3d60b) Importer(815301076,1909f56bfc062723c751e8b465ee728b) [PhysX] Initialized MultithreadedTaskDispatcher with 12 workers.
[PhysX] Initialized MultithreadedTaskDispatcher with 12 workers.
[PhysX] Initialized MultithreadedTaskDispatcher with 12 workers.
 -> (artifact id: 'e226e98d3374c740030ff976615997e4') in 0.024109 seconds
Number of updated asset objects reloaded before import = 0
Number of asset objects unloaded after import = 7
========================================================================
Received Import Request.
  Time since last request: 0.000039 seconds.
  path: Assets/Synty/PolygonGeneric/Models/SM_Gen_Env_Lilypads_03.fbx
  artifactKey: Guid(5c577c53f0109474aa0b5bcb88a05646) Importer(815301076,1909f56bfc062723c751e8b465ee728b)
Start importing Assets/Synty/PolygonGeneric/Models/SM_Gen_Env_Lilypads_03.fbx using Guid(5c577c53f0109474aa0b5bcb88a05646) Importer(815301076,1909f56bfc062723c751e8b465ee728b) [PhysX] Initialized MultithreadedTaskDispatcher with 12 workers.
[PhysX] Initialized MultithreadedTaskDispatcher with 12 workers.
[PhysX] Initialized MultithreadedTaskDispatcher with 12 workers.
 -> (artifact id: '162104d0f0efdf7d4b5de7e7e0908a01') in 0.022237 seconds
Number of updated asset objects reloaded before import = 0
Number of asset objects unloaded after import = 7
========================================================================
Received Import Request.
  Time since last request: 0.000021 seconds.
  path: Assets/Synty/PolygonGeneric/Models/SM_Gen_Env_Mountain_01.fbx
  artifactKey: Guid(0de7fb989ec4c624bbf2a3878c02fbc5) Importer(815301076,1909f56bfc062723c751e8b465ee728b)
Start importing Assets/Synty/PolygonGeneric/Models/SM_Gen_Env_Mountain_01.fbx using Guid(0de7fb989ec4c624bbf2a3878c02fbc5) Importer(815301076,1909f56bfc062723c751e8b465ee728b) [PhysX] Initialized MultithreadedTaskDispatcher with 12 workers.
[PhysX] Initialized MultithreadedTaskDispatcher with 12 workers.
[PhysX] Initialized MultithreadedTaskDispatcher with 12 workers.
 -> (artifact id: 'e51a493343d448f3d856e145dd7e3047') in 0.019700 seconds
Number of updated asset objects reloaded before import = 0
Number of asset objects unloaded after import = 7
========================================================================
Received Import Request.
  Time since last request: 0.000045 seconds.
  path: Assets/Synty/PolygonGeneric/Models/SM_Gen_Env_Log_01.fbx
  artifactKey: Guid(8a323115a786b0144b1644e3fc373e03) Importer(815301076,1909f56bfc062723c751e8b465ee728b)
Start importing Assets/Synty/PolygonGeneric/Models/SM_Gen_Env_Log_01.fbx using Guid(8a323115a786b0144b1644e3fc373e03) Importer(815301076,1909f56bfc062723c751e8b465ee728b) [PhysX] Initialized MultithreadedTaskDispatcher with 12 workers.
[PhysX] Initialized MultithreadedTaskDispatcher with 12 workers.
[PhysX] Initialized MultithreadedTaskDispatcher with 12 workers.
 -> (artifact id: '859aeb23449834bde46b397d2b9318e7') in 0.024438 seconds
Number of updated asset objects reloaded before import = 0
Number of asset objects unloaded after import = 7
========================================================================
Received Import Request.
  Time since last request: 0.353045 seconds.
  path: Assets/Synty/PolygonGeneric/Models/SM_Gen_Env_Mountain_03.fbx
  artifactKey: Guid(f7d85f4455f296e4cb32affba8c92791) Importer(815301076,1909f56bfc062723c751e8b465ee728b)
Start importing Assets/Synty/PolygonGeneric/Models/SM_Gen_Env_Mountain_03.fbx using Guid(f7d85f4455f296e4cb32affba8c92791) Importer(815301076,1909f56bfc062723c751e8b465ee728b) [PhysX] Initialized MultithreadedTaskDispatcher with 12 workers.
[PhysX] Initialized MultithreadedTaskDispatcher with 12 workers.
[PhysX] Initialized MultithreadedTaskDispatcher with 12 workers.
 -> (artifact id: 'a1cf8ffa008796fa983dda23b3d1ef1b') in 0.020310 seconds
Number of updated asset objects reloaded before import = 0
Number of asset objects unloaded after import = 7
========================================================================
Received Import Request.
  Time since last request: 0.000025 seconds.
  path: Assets/Synty/PolygonGeneric/Models/SM_Gen_Env_Mushroom_01.fbx
  artifactKey: Guid(66df938a8be6df7489f9692c35977de9) Importer(815301076,1909f56bfc062723c751e8b465ee728b)
Start importing Assets/Synty/PolygonGeneric/Models/SM_Gen_Env_Mushroom_01.fbx using Guid(66df938a8be6df7489f9692c35977de9) Importer(815301076,1909f56bfc062723c751e8b465ee728b) [PhysX] Initialized MultithreadedTaskDispatcher with 12 workers.
[PhysX] Initialized MultithreadedTaskDispatcher with 12 workers.
[PhysX] Initialized MultithreadedTaskDispatcher with 12 workers.
 -> (artifact id: '2bb0b6f31f54adbc07580d762c9ee052') in 0.019709 seconds
Number of updated asset objects reloaded before import = 0
Number of asset objects unloaded after import = 7
========================================================================
Received Import Request.
  Time since last request: 0.000026 seconds.
  path: Assets/Synty/PolygonGeneric/Models/SM_Gen_Env_Road_Crossing_01.fbx
  artifactKey: Guid(b5b58988d5397a64794825bfecddee94) Importer(815301076,1909f56bfc062723c751e8b465ee728b)
Start importing Assets/Synty/PolygonGeneric/Models/SM_Gen_Env_Road_Crossing_01.fbx using Guid(b5b58988d5397a64794825bfecddee94) Importer(815301076,1909f56bfc062723c751e8b465ee728b) [PhysX] Initialized MultithreadedTaskDispatcher with 12 workers.
[PhysX] Initialized MultithreadedTaskDispatcher with 12 workers.
[PhysX] Initialized MultithreadedTaskDispatcher with 12 workers.
 -> (artifact id: '5006ee10e9d2fffd4572d512e7e3c950') in 0.021781 seconds
Number of updated asset objects reloaded before import = 0
Number of asset objects unloaded after import = 7
========================================================================
Received Import Request.
  Time since last request: 0.000019 seconds.
  path: Assets/Synty/PolygonGeneric/Models/SM_Gen_Env_Road_Gravel_End_01.fbx
  artifactKey: Guid(f8eed36fadb9abf4099819889aea5d28) Importer(815301076,1909f56bfc062723c751e8b465ee728b)
Start importing Assets/Synty/PolygonGeneric/Models/SM_Gen_Env_Road_Gravel_End_01.fbx using Guid(f8eed36fadb9abf4099819889aea5d28) Importer(815301076,1909f56bfc062723c751e8b465ee728b) [PhysX] Initialized MultithreadedTaskDispatcher with 12 workers.
[PhysX] Initialized MultithreadedTaskDispatcher with 12 workers.
[PhysX] Initialized MultithreadedTaskDispatcher with 12 workers.
 -> (artifact id: 'c54a4739b8c4f1c7cf13a838f8002cd1') in 0.020335 seconds
Number of updated asset objects reloaded before import = 0
Number of asset objects unloaded after import = 7
========================================================================
Received Import Request.
  Time since last request: 0.000028 seconds.
  path: Assets/Synty/PolygonGeneric/Models/SM_Gen_Env_Road_Half_01.fbx
  artifactKey: Guid(c8a686848bac6a740a2f38c459d27f40) Importer(815301076,1909f56bfc062723c751e8b465ee728b)
Start importing Assets/Synty/PolygonGeneric/Models/SM_Gen_Env_Road_Half_01.fbx using Guid(c8a686848bac6a740a2f38c459d27f40) Importer(815301076,1909f56bfc062723c751e8b465ee728b) [PhysX] Initialized MultithreadedTaskDispatcher with 12 workers.
[PhysX] Initialized MultithreadedTaskDispatcher with 12 workers.
[PhysX] Initialized MultithreadedTaskDispatcher with 12 workers.
 -> (artifact id: '014d1352a76b761b7a98d6291d19ee61') in 0.020567 seconds
Number of updated asset objects reloaded before import = 0
Number of asset objects unloaded after import = 7
========================================================================
Received Import Request.
  Time since last request: 0.000023 seconds.
  path: Assets/Synty/PolygonGeneric/Models/SM_Gen_Env_Road_Parking_01.fbx
  artifactKey: Guid(f5125dbfb4abaae4987b6a8d09b7aaf7) Importer(815301076,1909f56bfc062723c751e8b465ee728b)
Start importing Assets/Synty/PolygonGeneric/Models/SM_Gen_Env_Road_Parking_01.fbx using Guid(f5125dbfb4abaae4987b6a8d09b7aaf7) Importer(815301076,1909f56bfc062723c751e8b465ee728b) [PhysX] Initialized MultithreadedTaskDispatcher with 12 workers.
[PhysX] Initialized MultithreadedTaskDispatcher with 12 workers.
[PhysX] Initialized MultithreadedTaskDispatcher with 12 workers.
 -> (artifact id: '2baf84568d56031770243bb682f02c98') in 0.020577 seconds
Number of updated asset objects reloaded before import = 0
Number of asset objects unloaded after import = 7
========================================================================
Received Import Request.
  Time since last request: 0.000024 seconds.
  path: Assets/Synty/PolygonGeneric/Models/SM_Gen_Env_Road_Parking_02.fbx
  artifactKey: Guid(4e347bcf2ee3e804db94deeb4e7cd124) Importer(815301076,1909f56bfc062723c751e8b465ee728b)
Start importing Assets/Synty/PolygonGeneric/Models/SM_Gen_Env_Road_Parking_02.fbx using Guid(4e347bcf2ee3e804db94deeb4e7cd124) Importer(815301076,1909f56bfc062723c751e8b465ee728b) [PhysX] Initialized MultithreadedTaskDispatcher with 12 workers.
[PhysX] Initialized MultithreadedTaskDispatcher with 12 workers.
[PhysX] Initialized MultithreadedTaskDispatcher with 12 workers.
 -> (artifact id: 'b77b314c69d82ae12a597824536f21a3') in 0.019837 seconds
Number of updated asset objects reloaded before import = 0
Number of asset objects unloaded after import = 7
========================================================================
Received Import Request.
  Time since last request: 0.000021 seconds.
  path: Assets/Synty/PolygonGeneric/Models/SM_Gen_Env_Road_Parking_06.fbx
  artifactKey: Guid(5401cf48913e2584e8a6b0333216ac9a) Importer(815301076,1909f56bfc062723c751e8b465ee728b)
Start importing Assets/Synty/PolygonGeneric/Models/SM_Gen_Env_Road_Parking_06.fbx using Guid(5401cf48913e2584e8a6b0333216ac9a) Importer(815301076,1909f56bfc062723c751e8b465ee728b) [PhysX] Initialized MultithreadedTaskDispatcher with 12 workers.
[PhysX] Initialized MultithreadedTaskDispatcher with 12 workers.
[PhysX] Initialized MultithreadedTaskDispatcher with 12 workers.
 -> (artifact id: '4fc76abf65db306bec584e66714cf276') in 0.019498 seconds
Number of updated asset objects reloaded before import = 0
Number of asset objects unloaded after import = 7
========================================================================
Received Import Request.
  Time since last request: 0.000024 seconds.
  path: Assets/Synty/PolygonGeneric/Models/SM_Gen_Env_Rock_01.fbx
  artifactKey: Guid(edb485689282d364aac3d3ab935406c7) Importer(815301076,1909f56bfc062723c751e8b465ee728b)
Start importing Assets/Synty/PolygonGeneric/Models/SM_Gen_Env_Rock_01.fbx using Guid(edb485689282d364aac3d3ab935406c7) Importer(815301076,1909f56bfc062723c751e8b465ee728b) [PhysX] Initialized MultithreadedTaskDispatcher with 12 workers.
[PhysX] Initialized MultithreadedTaskDispatcher with 12 workers.
[PhysX] Initialized MultithreadedTaskDispatcher with 12 workers.
 -> (artifact id: 'd4d86c43df3ce2b8b25cde55c252c5cc') in 0.018297 seconds
Number of updated asset objects reloaded before import = 0
Number of asset objects unloaded after import = 7
========================================================================
Received Import Request.
  Time since last request: 0.000022 seconds.
  path: Assets/Synty/PolygonGeneric/Models/SM_Gen_Env_Road_Ramp_02.fbx
  artifactKey: Guid(eed59438b4ea5014a8372e7448ba310d) Importer(815301076,1909f56bfc062723c751e8b465ee728b)
Start importing Assets/Synty/PolygonGeneric/Models/SM_Gen_Env_Road_Ramp_02.fbx using Guid(eed59438b4ea5014a8372e7448ba310d) Importer(815301076,1909f56bfc062723c751e8b465ee728b) [PhysX] Initialized MultithreadedTaskDispatcher with 12 workers.
[PhysX] Initialized MultithreadedTaskDispatcher with 12 workers.
[PhysX] Initialized MultithreadedTaskDispatcher with 12 workers.
 -> (artifact id: '35bf01f9fbe685f95345e82c3d1f7f14') in 0.018553 seconds
Number of updated asset objects reloaded before import = 0
Number of asset objects unloaded after import = 7
========================================================================
Received Import Request.
  Time since last request: 0.000019 seconds.
  path: Assets/Synty/PolygonGeneric/Models/SM_Gen_Env_Road_Small_01.fbx
  artifactKey: Guid(c757a7a2a4dd485468909e8bc0d64c81) Importer(815301076,1909f56bfc062723c751e8b465ee728b)
Start importing Assets/Synty/PolygonGeneric/Models/SM_Gen_Env_Road_Small_01.fbx using Guid(c757a7a2a4dd485468909e8bc0d64c81) Importer(815301076,1909f56bfc062723c751e8b465ee728b) [PhysX] Initialized MultithreadedTaskDispatcher with 12 workers.
[PhysX] Initialized MultithreadedTaskDispatcher with 12 workers.
[PhysX] Initialized MultithreadedTaskDispatcher with 12 workers.
 -> (artifact id: 'a6c18ae64cb02d8413f16e6a9e39ae5e') in 0.019189 seconds
Number of updated asset objects reloaded before import = 0
Number of asset objects unloaded after import = 7
========================================================================
Received Import Request.
  Time since last request: 0.000024 seconds.
  path: Assets/Synty/PolygonGeneric/Models/SM_Gen_Env_Road_Ramp_01.fbx
  artifactKey: Guid(f474bced60264934db5f02263e897fe9) Importer(815301076,1909f56bfc062723c751e8b465ee728b)
Start importing Assets/Synty/PolygonGeneric/Models/SM_Gen_Env_Road_Ramp_01.fbx using Guid(f474bced60264934db5f02263e897fe9) Importer(815301076,1909f56bfc062723c751e8b465ee728b) [PhysX] Initialized MultithreadedTaskDispatcher with 12 workers.
[PhysX] Initialized MultithreadedTaskDispatcher with 12 workers.
[PhysX] Initialized MultithreadedTaskDispatcher with 12 workers.
 -> (artifact id: '9bc6914803f41548905c75ba8de9f9fc') in 0.017825 seconds
Number of updated asset objects reloaded before import = 0
Number of asset objects unloaded after import = 7
========================================================================
Received Import Request.
  Time since last request: 0.000022 seconds.
  path: Assets/Synty/PolygonGeneric/Models/SM_Gen_Env_Road_Parking_04.fbx
  artifactKey: Guid(4a051cc65af3b9849a3ce8ca3c8cd862) Importer(815301076,1909f56bfc062723c751e8b465ee728b)
Start importing Assets/Synty/PolygonGeneric/Models/SM_Gen_Env_Road_Parking_04.fbx using Guid(4a051cc65af3b9849a3ce8ca3c8cd862) Importer(815301076,1909f56bfc062723c751e8b465ee728b) [PhysX] Initialized MultithreadedTaskDispatcher with 12 workers.
[PhysX] Initialized MultithreadedTaskDispatcher with 12 workers.
[PhysX] Initialized MultithreadedTaskDispatcher with 12 workers.
 -> (artifact id: '2bd8d5e7ee5689adf03f9e50112b3e16') in 0.017507 seconds
Number of updated asset objects reloaded before import = 0
Number of asset objects unloaded after import = 7
========================================================================
Received Import Request.
  Time since last request: 0.000020 seconds.
  path: Assets/Synty/PolygonGeneric/Models/SM_Gen_Env_Road_Gravel_Straight_01.fbx
  artifactKey: Guid(9221a0c3a6842164287098abfc379f76) Importer(815301076,1909f56bfc062723c751e8b465ee728b)
Start importing Assets/Synty/PolygonGeneric/Models/SM_Gen_Env_Road_Gravel_Straight_01.fbx using Guid(9221a0c3a6842164287098abfc379f76) Importer(815301076,1909f56bfc062723c751e8b465ee728b) [PhysX] Initialized MultithreadedTaskDispatcher with 12 workers.
[PhysX] Initialized MultithreadedTaskDispatcher with 12 workers.
[PhysX] Initialized MultithreadedTaskDispatcher with 12 workers.
 -> (artifact id: '3299344700457d83a9a0d23d24c860a4') in 0.018447 seconds
Number of updated asset objects reloaded before import = 0
Number of asset objects unloaded after import = 7
========================================================================
Received Import Request.
  Time since last request: 0.579408 seconds.
  path: Assets/Synty/PolygonGeneric/Models/SM_Gen_Env_Rock_03.fbx
  artifactKey: Guid(693f4be257e206e4aaa7513672d4a19b) Importer(815301076,1909f56bfc062723c751e8b465ee728b)
Start importing Assets/Synty/PolygonGeneric/Models/SM_Gen_Env_Rock_03.fbx using Guid(693f4be257e206e4aaa7513672d4a19b) Importer(815301076,1909f56bfc062723c751e8b465ee728b) [PhysX] Initialized MultithreadedTaskDispatcher with 12 workers.
[PhysX] Initialized MultithreadedTaskDispatcher with 12 workers.
[PhysX] Initialized MultithreadedTaskDispatcher with 12 workers.
 -> (artifact id: '1f66400f7038e0e6c712d4c61a178a54') in 0.018014 seconds
Number of updated asset objects reloaded before import = 0
Number of asset objects unloaded after import = 7
========================================================================
Received Import Request.
  Time since last request: 0.000016 seconds.
  path: Assets/Synty/PolygonGeneric/Models/SM_Gen_Env_Rock_08.fbx
  artifactKey: Guid(2ff1152d92c2c2d48bf96277974e1947) Importer(815301076,1909f56bfc062723c751e8b465ee728b)
Start importing Assets/Synty/PolygonGeneric/Models/SM_Gen_Env_Rock_08.fbx using Guid(2ff1152d92c2c2d48bf96277974e1947) Importer(815301076,1909f56bfc062723c751e8b465ee728b) [PhysX] Initialized MultithreadedTaskDispatcher with 12 workers.
[PhysX] Initialized MultithreadedTaskDispatcher with 12 workers.
[PhysX] Initialized MultithreadedTaskDispatcher with 12 workers.
 -> (artifact id: 'e764fa79035500df79957364c8c7c61f') in 0.018714 seconds
Number of updated asset objects reloaded before import = 0
Number of asset objects unloaded after import = 7
========================================================================
Received Import Request.
  Time since last request: 0.000022 seconds.
  path: Assets/Synty/PolygonGeneric/Models/SM_Gen_Env_Rock_07.fbx
  artifactKey: Guid(55b56264d38f5474f8867dbce7e5f1e5) Importer(815301076,1909f56bfc062723c751e8b465ee728b)
Start importing Assets/Synty/PolygonGeneric/Models/SM_Gen_Env_Rock_07.fbx using Guid(55b56264d38f5474f8867dbce7e5f1e5) Importer(815301076,1909f56bfc062723c751e8b465ee728b) [PhysX] Initialized MultithreadedTaskDispatcher with 12 workers.
[PhysX] Initialized MultithreadedTaskDispatcher with 12 workers.
[PhysX] Initialized MultithreadedTaskDispatcher with 12 workers.
 -> (artifact id: '2513ea41b2cace09e1607ee0aff55779') in 0.017517 seconds
Number of updated asset objects reloaded before import = 0
Number of asset objects unloaded after import = 7
========================================================================
Received Import Request.
  Time since last request: 0.022505 seconds.
  path: Assets/Synty/PolygonGeneric/Models/SM_Gen_Env_Rock_Pebbles_01.fbx
  artifactKey: Guid(eec76265abc5b2c418adde9302ac4596) Importer(815301076,1909f56bfc062723c751e8b465ee728b)
Start importing Assets/Synty/PolygonGeneric/Models/SM_Gen_Env_Rock_Pebbles_01.fbx using Guid(eec76265abc5b2c418adde9302ac4596) Importer(815301076,1909f56bfc062723c751e8b465ee728b) [PhysX] Initialized MultithreadedTaskDispatcher with 12 workers.
[PhysX] Initialized MultithreadedTaskDispatcher with 12 workers.
[PhysX] Initialized MultithreadedTaskDispatcher with 12 workers.
 -> (artifact id: 'e92778912c9e4bfefb365c59b2f09e72') in 0.015567 seconds
Number of updated asset objects reloaded before import = 0
Number of asset objects unloaded after import = 7
========================================================================
Received Import Request.
  Time since last request: 0.000022 seconds.
  path: Assets/Synty/PolygonGeneric/Models/SM_Gen_Env_Root_01.fbx
  artifactKey: Guid(7cef77cd616196d49a65b6f302855c92) Importer(815301076,1909f56bfc062723c751e8b465ee728b)
Start importing Assets/Synty/PolygonGeneric/Models/SM_Gen_Env_Root_01.fbx using Guid(7cef77cd616196d49a65b6f302855c92) Importer(815301076,1909f56bfc062723c751e8b465ee728b) [PhysX] Initialized MultithreadedTaskDispatcher with 12 workers.
[PhysX] Initialized MultithreadedTaskDispatcher with 12 workers.
[PhysX] Initialized MultithreadedTaskDispatcher with 12 workers.
 -> (artifact id: '36eda87b22e1896e0c7103fcbda68740') in 0.018086 seconds
Number of updated asset objects reloaded before import = 0
Number of asset objects unloaded after import = 7
========================================================================
Received Import Request.
  Time since last request: 0.000018 seconds.
  path: Assets/Synty/PolygonGeneric/Models/SM_Gen_Env_Rock_Pebbles_03.fbx
  artifactKey: Guid(2cde467a1e45d6d439574725ea847f0f) Importer(815301076,1909f56bfc062723c751e8b465ee728b)
Start importing Assets/Synty/PolygonGeneric/Models/SM_Gen_Env_Rock_Pebbles_03.fbx using Guid(2cde467a1e45d6d439574725ea847f0f) Importer(815301076,1909f56bfc062723c751e8b465ee728b) [PhysX] Initialized MultithreadedTaskDispatcher with 12 workers.
[PhysX] Initialized MultithreadedTaskDispatcher with 12 workers.
[PhysX] Initialized MultithreadedTaskDispatcher with 12 workers.
 -> (artifact id: '5537c3e42f35a960f342a81577644020') in 0.017671 seconds
Number of updated asset objects reloaded before import = 0
Number of asset objects unloaded after import = 7
========================================================================
Received Import Request.
  Time since last request: 0.353726 seconds.
  path: Assets/Synty/PolygonGeneric/Models/SM_Gen_Env_Shrub_02.fbx
  artifactKey: Guid(af9f61fd1123a84479be9a9dec4c597b) Importer(815301076,1909f56bfc062723c751e8b465ee728b)
Start importing Assets/Synty/PolygonGeneric/Models/SM_Gen_Env_Shrub_02.fbx using Guid(af9f61fd1123a84479be9a9dec4c597b) Importer(815301076,1909f56bfc062723c751e8b465ee728b) [PhysX] Initialized MultithreadedTaskDispatcher with 12 workers.
[PhysX] Initialized MultithreadedTaskDispatcher with 12 workers.
[PhysX] Initialized MultithreadedTaskDispatcher with 12 workers.
 -> (artifact id: '78060ac17697a4f1a9af8ae21ecf6b0b') in 0.020608 seconds
Number of updated asset objects reloaded before import = 0
Number of asset objects unloaded after import = 7
========================================================================
Received Import Request.
  Time since last request: 0.000017 seconds.
  path: Assets/Synty/PolygonGeneric/Models/SM_Gen_Env_Sidewalk_01.fbx
  artifactKey: Guid(df8e2c7cc1f6b2a48b068b6a21641d65) Importer(815301076,1909f56bfc062723c751e8b465ee728b)
Start importing Assets/Synty/PolygonGeneric/Models/SM_Gen_Env_Sidewalk_01.fbx using Guid(df8e2c7cc1f6b2a48b068b6a21641d65) Importer(815301076,1909f56bfc062723c751e8b465ee728b) [PhysX] Initialized MultithreadedTaskDispatcher with 12 workers.
[PhysX] Initialized MultithreadedTaskDispatcher with 12 workers.
[PhysX] Initialized MultithreadedTaskDispatcher with 12 workers.
 -> (artifact id: 'b2b9d2711d529f757b92e1e0a81474a3') in 0.016430 seconds
Number of updated asset objects reloaded before import = 0
Number of asset objects unloaded after import = 7
========================================================================
Received Import Request.
  Time since last request: 0.000018 seconds.
  path: Assets/Synty/PolygonGeneric/Models/SM_Gen_Env_Stalactite_04.fbx
  artifactKey: Guid(4b2ade58c9e6383429ce70b47bae07b8) Importer(815301076,1909f56bfc062723c751e8b465ee728b)
Start importing Assets/Synty/PolygonGeneric/Models/SM_Gen_Env_Stalactite_04.fbx using Guid(4b2ade58c9e6383429ce70b47bae07b8) Importer(815301076,1909f56bfc062723c751e8b465ee728b) [PhysX] Initialized MultithreadedTaskDispatcher with 12 workers.
[PhysX] Initialized MultithreadedTaskDispatcher with 12 workers.
[PhysX] Initialized MultithreadedTaskDispatcher with 12 workers.
 -> (artifact id: '11f4e0a01b737698eb46f993cf01579e') in 0.017743 seconds
Number of updated asset objects reloaded before import = 0
Number of asset objects unloaded after import = 7
========================================================================
Received Import Request.
  Time since last request: 0.000020 seconds.
  path: Assets/Synty/PolygonGeneric/Models/SM_Gen_Env_Stump_01.fbx
  artifactKey: Guid(96d568e5627d5714698ce193c78809c4) Importer(815301076,1909f56bfc062723c751e8b465ee728b)
Start importing Assets/Synty/PolygonGeneric/Models/SM_Gen_Env_Stump_01.fbx using Guid(96d568e5627d5714698ce193c78809c4) Importer(815301076,1909f56bfc062723c751e8b465ee728b) [PhysX] Initialized MultithreadedTaskDispatcher with 12 workers.
[PhysX] Initialized MultithreadedTaskDispatcher with 12 workers.
[PhysX] Initialized MultithreadedTaskDispatcher with 12 workers.
 -> (artifact id: 'a1603572ef6bb529c6ecaf7afe6a9d5c') in 0.019797 seconds
Number of updated asset objects reloaded before import = 0
Number of asset objects unloaded after import = 7
========================================================================
Received Import Request.
  Time since last request: 0.000020 seconds.
  path: Assets/Synty/PolygonGeneric/Models/SM_Gen_Env_Tree_Dead_02.fbx
  artifactKey: Guid(19e57837e34e5f2478748a20c78d77b3) Importer(815301076,1909f56bfc062723c751e8b465ee728b)
Start importing Assets/Synty/PolygonGeneric/Models/SM_Gen_Env_Tree_Dead_02.fbx using Guid(19e57837e34e5f2478748a20c78d77b3) Importer(815301076,1909f56bfc062723c751e8b465ee728b) [PhysX] Initialized MultithreadedTaskDispatcher with 12 workers.
[PhysX] Initialized MultithreadedTaskDispatcher with 12 workers.
[PhysX] Initialized MultithreadedTaskDispatcher with 12 workers.
 -> (artifact id: '4ebaa7b1b1dc1c16ad6effd1847f2292') in 0.017912 seconds
Number of updated asset objects reloaded before import = 0
Number of asset objects unloaded after import = 7
========================================================================
Received Import Request.
  Time since last request: 0.000023 seconds.
  path: Assets/Synty/PolygonGeneric/Models/SM_Gen_Env_Vines_01.fbx
  artifactKey: Guid(ef0f23f804fb52342aff9c365ebcdc1a) Importer(815301076,1909f56bfc062723c751e8b465ee728b)
Start importing Assets/Synty/PolygonGeneric/Models/SM_Gen_Env_Vines_01.fbx using Guid(ef0f23f804fb52342aff9c365ebcdc1a) Importer(815301076,1909f56bfc062723c751e8b465ee728b) [PhysX] Initialized MultithreadedTaskDispatcher with 12 workers.
[PhysX] Initialized MultithreadedTaskDispatcher with 12 workers.
[PhysX] Initialized MultithreadedTaskDispatcher with 12 workers.
 -> (artifact id: '0575e961419e9c838ff9a17fc124e0fd') in 0.019183 seconds
Number of updated asset objects reloaded before import = 0
Number of asset objects unloaded after import = 7
========================================================================
Received Import Request.
  Time since last request: 0.000023 seconds.
  path: Assets/Synty/PolygonGeneric/Models/SM_Gen_Env_Vines_03.fbx
  artifactKey: Guid(2c38d2d1219266747bf546ce692e35b9) Importer(815301076,1909f56bfc062723c751e8b465ee728b)
Start importing Assets/Synty/PolygonGeneric/Models/SM_Gen_Env_Vines_03.fbx using Guid(2c38d2d1219266747bf546ce692e35b9) Importer(815301076,1909f56bfc062723c751e8b465ee728b) [PhysX] Initialized MultithreadedTaskDispatcher with 12 workers.
[PhysX] Initialized MultithreadedTaskDispatcher with 12 workers.
[PhysX] Initialized MultithreadedTaskDispatcher with 12 workers.
 -> (artifact id: 'fa92d18325176671b1c0731ac6bd457e') in 0.017298 seconds
Number of updated asset objects reloaded before import = 0
Number of asset objects unloaded after import = 7
========================================================================
Received Import Request.
  Time since last request: 0.000019 seconds.
  path: Assets/Synty/PolygonGeneric/Models/SM_Gen_Env_Vines_04.fbx
  artifactKey: Guid(ac4ef63fd0868bd4e9427bc044d9b91c) Importer(815301076,1909f56bfc062723c751e8b465ee728b)
Start importing Assets/Synty/PolygonGeneric/Models/SM_Gen_Env_Vines_04.fbx using Guid(ac4ef63fd0868bd4e9427bc044d9b91c) Importer(815301076,1909f56bfc062723c751e8b465ee728b) [PhysX] Initialized MultithreadedTaskDispatcher with 12 workers.
[PhysX] Initialized MultithreadedTaskDispatcher with 12 workers.
[PhysX] Initialized MultithreadedTaskDispatcher with 12 workers.
 -> (artifact id: '062ef52ff018942635bdc61bc62fc9cc') in 0.018604 seconds
Number of updated asset objects reloaded before import = 0
Number of asset objects unloaded after import = 7
========================================================================
Received Import Request.
  Time since last request: 0.000025 seconds.
  path: Assets/Synty/PolygonGeneric/Models/SM_Gen_Prop_Aircon_Roof_01.fbx
  artifactKey: Guid(ca20ec5735901d248b12311dbb2be671) Importer(815301076,1909f56bfc062723c751e8b465ee728b)
Start importing Assets/Synty/PolygonGeneric/Models/SM_Gen_Prop_Aircon_Roof_01.fbx using Guid(ca20ec5735901d248b12311dbb2be671) Importer(815301076,1909f56bfc062723c751e8b465ee728b) [PhysX] Initialized MultithreadedTaskDispatcher with 12 workers.
[PhysX] Initialized MultithreadedTaskDispatcher with 12 workers.
[PhysX] Initialized MultithreadedTaskDispatcher with 12 workers.
 -> (artifact id: 'ff5489cb92f1ac46fa73b7b74257e963') in 0.018370 seconds
Number of updated asset objects reloaded before import = 0
Number of asset objects unloaded after import = 7
========================================================================
Received Import Request.
  Time since last request: 0.000023 seconds.
  path: Assets/Synty/PolygonGeneric/Models/SM_Gen_Env_Tree_Dead_01.fbx
  artifactKey: Guid(36886d962d99fa64d8fd521e42329755) Importer(815301076,1909f56bfc062723c751e8b465ee728b)
Start importing Assets/Synty/PolygonGeneric/Models/SM_Gen_Env_Tree_Dead_01.fbx using Guid(36886d962d99fa64d8fd521e42329755) Importer(815301076,1909f56bfc062723c751e8b465ee728b) [PhysX] Initialized MultithreadedTaskDispatcher with 12 workers.
[PhysX] Initialized MultithreadedTaskDispatcher with 12 workers.
[PhysX] Initialized MultithreadedTaskDispatcher with 12 workers.
 -> (artifact id: '01fac065fd21e0cf6169e615209b2441') in 0.018502 seconds
Number of updated asset objects reloaded before import = 0
Number of asset objects unloaded after import = 7
========================================================================
Received Import Request.
  Time since last request: 0.000034 seconds.
  path: Assets/Synty/PolygonGeneric/Models/SM_Gen_Env_Sidewalk_Edge_01.fbx
  artifactKey: Guid(7f14a1497a094344e8b4351c36c13d9a) Importer(815301076,1909f56bfc062723c751e8b465ee728b)
Start importing Assets/Synty/PolygonGeneric/Models/SM_Gen_Env_Sidewalk_Edge_01.fbx using Guid(7f14a1497a094344e8b4351c36c13d9a) Importer(815301076,1909f56bfc062723c751e8b465ee728b) [PhysX] Initialized MultithreadedTaskDispatcher with 12 workers.
[PhysX] Initialized MultithreadedTaskDispatcher with 12 workers.
[PhysX] Initialized MultithreadedTaskDispatcher with 12 workers.
 -> (artifact id: '3f6c2aa8296d95f105cdd97e8343ea74') in 0.019869 seconds
Number of updated asset objects reloaded before import = 0
Number of asset objects unloaded after import = 7
========================================================================
Received Import Request.
  Time since last request: 0.000017 seconds.
  path: Assets/Synty/PolygonGeneric/Models/SM_Gen_Prop_Barrel_Metal_01.fbx
  artifactKey: Guid(74cdc51283fc5304784c2a6b309c4ce9) Importer(815301076,1909f56bfc062723c751e8b465ee728b)
Start importing Assets/Synty/PolygonGeneric/Models/SM_Gen_Prop_Barrel_Metal_01.fbx using Guid(74cdc51283fc5304784c2a6b309c4ce9) Importer(815301076,1909f56bfc062723c751e8b465ee728b) [PhysX] Initialized MultithreadedTaskDispatcher with 12 workers.
[PhysX] Initialized MultithreadedTaskDispatcher with 12 workers.
[PhysX] Initialized MultithreadedTaskDispatcher with 12 workers.
 -> (artifact id: '0d6739677ff781bb3de41927dea998e8') in 0.020231 seconds
Number of updated asset objects reloaded before import = 0
Number of asset objects unloaded after import = 7
========================================================================
Received Import Request.
  Time since last request: 0.000039 seconds.
  path: Assets/Synty/PolygonGeneric/Models/SM_Gen_Env_Twig_01.fbx
  artifactKey: Guid(e73740a4d6e78f04e82192c1aad0d463) Importer(815301076,1909f56bfc062723c751e8b465ee728b)
Start importing Assets/Synty/PolygonGeneric/Models/SM_Gen_Env_Twig_01.fbx using Guid(e73740a4d6e78f04e82192c1aad0d463) Importer(815301076,1909f56bfc062723c751e8b465ee728b) [PhysX] Initialized MultithreadedTaskDispatcher with 12 workers.
[PhysX] Initialized MultithreadedTaskDispatcher with 12 workers.
[PhysX] Initialized MultithreadedTaskDispatcher with 12 workers.
 -> (artifact id: '1d5a9b1cc16aa815c68cb12d9dd7436a') in 0.019773 seconds
Number of updated asset objects reloaded before import = 0
Number of asset objects unloaded after import = 7
========================================================================
Received Import Request.
  Time since last request: 0.000020 seconds.
  path: Assets/Synty/PolygonGeneric/Models/SM_Gen_Env_Stalactite_03.fbx
  artifactKey: Guid(195d9b909a8b85f478f8f2e43415303b) Importer(815301076,1909f56bfc062723c751e8b465ee728b)
Start importing Assets/Synty/PolygonGeneric/Models/SM_Gen_Env_Stalactite_03.fbx using Guid(195d9b909a8b85f478f8f2e43415303b) Importer(815301076,1909f56bfc062723c751e8b465ee728b) [PhysX] Initialized MultithreadedTaskDispatcher with 12 workers.
[PhysX] Initialized MultithreadedTaskDispatcher with 12 workers.
[PhysX] Initialized MultithreadedTaskDispatcher with 12 workers.
 -> (artifact id: '5dac4fe695a61bb10521ff3a73fdb241') in 0.017629 seconds
Number of updated asset objects reloaded before import = 0
Number of asset objects unloaded after import = 7
========================================================================
Received Import Request.
  Time since last request: 0.000021 seconds.
  path: Assets/Synty/PolygonGeneric/Models/SM_Gen_Prop_Bottle_05.fbx
  artifactKey: Guid(5f8c2a302d058ad49b2ed000a5ba3506) Importer(815301076,1909f56bfc062723c751e8b465ee728b)
Start importing Assets/Synty/PolygonGeneric/Models/SM_Gen_Prop_Bottle_05.fbx using Guid(5f8c2a302d058ad49b2ed000a5ba3506) Importer(815301076,1909f56bfc062723c751e8b465ee728b) [PhysX] Initialized MultithreadedTaskDispatcher with 12 workers.
[PhysX] Initialized MultithreadedTaskDispatcher with 12 workers.
[PhysX] Initialized MultithreadedTaskDispatcher with 12 workers.
 -> (artifact id: '5ed3a937721d540ea8bc7a0f764cd96f') in 0.019276 seconds
Number of updated asset objects reloaded before import = 0
Number of asset objects unloaded after import = 7
========================================================================
Received Import Request.
  Time since last request: 0.000021 seconds.
  path: Assets/Synty/PolygonGeneric/Models/SM_Gen_Prop_Button_01.fbx
  artifactKey: Guid(e71ee31c39d9298478aa760f1843aef5) Importer(815301076,1909f56bfc062723c751e8b465ee728b)
Start importing Assets/Synty/PolygonGeneric/Models/SM_Gen_Prop_Button_01.fbx using Guid(e71ee31c39d9298478aa760f1843aef5) Importer(815301076,1909f56bfc062723c751e8b465ee728b) [PhysX] Initialized MultithreadedTaskDispatcher with 12 workers.
[PhysX] Initialized MultithreadedTaskDispatcher with 12 workers.
[PhysX] Initialized MultithreadedTaskDispatcher with 12 workers.
[PhysX] Initialized MultithreadedTaskDispatcher with 12 workers.
[PhysX] Initialized MultithreadedTaskDispatcher with 12 workers.
 -> (artifact id: 'f4b3bdcc92f3c3140653c550c02d363b') in 0.027196 seconds
Number of updated asset objects reloaded before import = 0
Number of asset objects unloaded after import = 12
========================================================================
Received Import Request.
  Time since last request: 0.000021 seconds.
  path: Assets/Synty/PolygonGeneric/Models/SM_Gen_Prop_Barrel_Wood_02.fbx
  artifactKey: Guid(c4f8f0f3b80e8f24894b69875a5c271f) Importer(815301076,1909f56bfc062723c751e8b465ee728b)
Start importing Assets/Synty/PolygonGeneric/Models/SM_Gen_Prop_Barrel_Wood_02.fbx using Guid(c4f8f0f3b80e8f24894b69875a5c271f) Importer(815301076,1909f56bfc062723c751e8b465ee728b) [PhysX] Initialized MultithreadedTaskDispatcher with 12 workers.
[PhysX] Initialized MultithreadedTaskDispatcher with 12 workers.
[PhysX] Initialized MultithreadedTaskDispatcher with 12 workers.
 -> (artifact id: '74ef57fead634a6458b873bdac39a06e') in 0.017558 seconds
Number of updated asset objects reloaded before import = 0
Number of asset objects unloaded after import = 7
========================================================================
Received Import Request.
  Time since last request: 0.000022 seconds.
  path: Assets/Synty/PolygonGeneric/Models/SM_Gen_Env_Vines_02.fbx
  artifactKey: Guid(3d2582ce437dcfa4db5fb40ee7c319d2) Importer(815301076,1909f56bfc062723c751e8b465ee728b)
Start importing Assets/Synty/PolygonGeneric/Models/SM_Gen_Env_Vines_02.fbx using Guid(3d2582ce437dcfa4db5fb40ee7c319d2) Importer(815301076,1909f56bfc062723c751e8b465ee728b) [PhysX] Initialized MultithreadedTaskDispatcher with 12 workers.
[PhysX] Initialized MultithreadedTaskDispatcher with 12 workers.
[PhysX] Initialized MultithreadedTaskDispatcher with 12 workers.
 -> (artifact id: '01c704b27b2dfef646f3be987476de3f') in 0.018816 seconds
Number of updated asset objects reloaded before import = 0
Number of asset objects unloaded after import = 7
========================================================================
Received Import Request.
  Time since last request: 0.000022 seconds.
  path: Assets/Synty/PolygonGeneric/Models/SM_Gen_Env_Water_Dip_01.fbx
  artifactKey: Guid(30942241f85429345ba844cd0da29b87) Importer(815301076,1909f56bfc062723c751e8b465ee728b)
Start importing Assets/Synty/PolygonGeneric/Models/SM_Gen_Env_Water_Dip_01.fbx using Guid(30942241f85429345ba844cd0da29b87) Importer(815301076,1909f56bfc062723c751e8b465ee728b) [PhysX] Initialized MultithreadedTaskDispatcher with 12 workers.
[PhysX] Initialized MultithreadedTaskDispatcher with 12 workers.
[PhysX] Initialized MultithreadedTaskDispatcher with 12 workers.
 -> (artifact id: '6b2f02bce19688356b7dfa701191cfb2') in 0.019183 seconds
Number of updated asset objects reloaded before import = 0
Number of asset objects unloaded after import = 7
========================================================================
Received Import Request.
  Time since last request: 0.000023 seconds.
  path: Assets/Synty/PolygonGeneric/Models/SM_Gen_Prop_Aircon_01.fbx
  artifactKey: Guid(92c1fab9317ca3c4ea075ea2403d3d61) Importer(815301076,1909f56bfc062723c751e8b465ee728b)
Start importing Assets/Synty/PolygonGeneric/Models/SM_Gen_Prop_Aircon_01.fbx using Guid(92c1fab9317ca3c4ea075ea2403d3d61) Importer(815301076,1909f56bfc062723c751e8b465ee728b) [PhysX] Initialized MultithreadedTaskDispatcher with 12 workers.
[PhysX] Initialized MultithreadedTaskDispatcher with 12 workers.
[PhysX] Initialized MultithreadedTaskDispatcher with 12 workers.
 -> (artifact id: '89f9dd8425717bbd0865b1f0edd1d76c') in 0.018503 seconds
Number of updated asset objects reloaded before import = 0
Number of asset objects unloaded after import = 7
========================================================================
Received Import Request.
  Time since last request: 0.214492 seconds.
  path: Assets/Synty/PolygonGeneric/Models/SM_Gen_Prop_Cardboard_Box_01.fbx
  artifactKey: Guid(49d88c645a2ee0841bfa4b93e5451980) Importer(815301076,1909f56bfc062723c751e8b465ee728b)
Start importing Assets/Synty/PolygonGeneric/Models/SM_Gen_Prop_Cardboard_Box_01.fbx using Guid(49d88c645a2ee0841bfa4b93e5451980) Importer(815301076,1909f56bfc062723c751e8b465ee728b) [PhysX] Initialized MultithreadedTaskDispatcher with 12 workers.
[PhysX] Initialized MultithreadedTaskDispatcher with 12 workers.
[PhysX] Initialized MultithreadedTaskDispatcher with 12 workers.
 -> (artifact id: '63e3e710189dbded743e6866a78a4ffd') in 0.027119 seconds
Number of updated asset objects reloaded before import = 0
Number of asset objects unloaded after import = 7
========================================================================
Received Import Request.
  Time since last request: 0.000024 seconds.
  path: Assets/Synty/PolygonGeneric/Models/SM_Gen_Prop_Cardboard_Box_04.fbx
  artifactKey: Guid(9d372ea72cd34eb46896f3273ceb4b31) Importer(815301076,1909f56bfc062723c751e8b465ee728b)
Start importing Assets/Synty/PolygonGeneric/Models/SM_Gen_Prop_Cardboard_Box_04.fbx using Guid(9d372ea72cd34eb46896f3273ceb4b31) Importer(815301076,1909f56bfc062723c751e8b465ee728b) [PhysX] Initialized MultithreadedTaskDispatcher with 12 workers.
[PhysX] Initialized MultithreadedTaskDispatcher with 12 workers.
[PhysX] Initialized MultithreadedTaskDispatcher with 12 workers.
 -> (artifact id: 'c8108dadad310e80c2cc92c7080cacc6') in 0.025638 seconds
Number of updated asset objects reloaded before import = 0
Number of asset objects unloaded after import = 7
========================================================================
Received Import Request.
  Time since last request: 0.000161 seconds.
  path: Assets/Synty/PolygonGeneric/Models/SM_Gen_Prop_Cardboard_Box_03.fbx
  artifactKey: Guid(e2330b565a6ecfd4e9a1c9b5ca75a2b7) Importer(815301076,1909f56bfc062723c751e8b465ee728b)
Start importing Assets/Synty/PolygonGeneric/Models/SM_Gen_Prop_Cardboard_Box_03.fbx using Guid(e2330b565a6ecfd4e9a1c9b5ca75a2b7) Importer(815301076,1909f56bfc062723c751e8b465ee728b) [PhysX] Initialized MultithreadedTaskDispatcher with 12 workers.
[PhysX] Initialized MultithreadedTaskDispatcher with 12 workers.
[PhysX] Initialized MultithreadedTaskDispatcher with 12 workers.
 -> (artifact id: '344b17188becad852dad5fac5df0b99f') in 0.023295 seconds
Number of updated asset objects reloaded before import = 0
Number of asset objects unloaded after import = 7
Editor requested this worker to shutdown with reason: Scaling down because of idle timeout
TcpMessagingSession - receive error: operation aborted. errorcode: 995, details: The I/O operation has been aborted because of either a thread exit or an application request.
AssetImportWorker is now disconnected from the server
Process exiting
Exiting without the bug reporter. Application will terminate with return code 0