Using pre-set license
Built from '2022.3/staging' branch; Version is '2022.3.50f1 (c3db7f8bf9b1) revision 12835711'; Using compiler version '192829333'; Build Type 'Release'
OS: 'Windows 11  (10.0.26200) 64bit Core' Language: 'en' Physical Memory: 32605 MB
BatchMode: 1, IsHumanControllingUs: 0, StartBugReporterOnCrash: 0, Is64bit: 1, IsPro: 1

COMMAND LINE ARGUMENTS:
C:\Program Files\Unity\Hub\Editor\2022.3.50f1\Editor\Unity.exe
-adb2
-batchMode
-noUpm
-name
AssetImportWorker3
-projectPath
D:/Projects/Tattoo-Game/Tattoo Game
-logFile
Logs/AssetImportWorker3.log
-srvPort
52257
Successfully changed project path to: D:/Projects/Tattoo-Game/Tattoo Game
D:/Projects/Tattoo-Game/Tattoo Game
[UnityMemory] Configuration Parameters - Can be set up in boot.config
    "memorysetup-bucket-allocator-granularity=16"
    "memorysetup-bucket-allocator-bucket-count=8"
    "memorysetup-bucket-allocator-block-size=33554432"
    "memorysetup-bucket-allocator-block-count=8"
    "memorysetup-main-allocator-block-size=16777216"
    "memorysetup-thread-allocator-block-size=16777216"
    "memorysetup-gfx-main-allocator-block-size=16777216"
    "memorysetup-gfx-thread-allocator-block-size=16777216"
    "memorysetup-cache-allocator-block-size=4194304"
    "memorysetup-typetree-allocator-block-size=2097152"
    "memorysetup-profiler-bucket-allocator-granularity=16"
    "memorysetup-profiler-bucket-allocator-bucket-count=8"
    "memorysetup-profiler-bucket-allocator-block-size=33554432"
    "memorysetup-profiler-bucket-allocator-block-count=8"
    "memorysetup-profiler-allocator-block-size=16777216"
    "memorysetup-profiler-editor-allocator-block-size=1048576"
    "memorysetup-temp-allocator-size-main=16777216"
    "memorysetup-job-temp-allocator-block-size=2097152"
    "memorysetup-job-temp-allocator-block-size-background=1048576"
    "memorysetup-job-temp-allocator-reduction-small-platforms=262144"
    "memorysetup-allocator-temp-initial-block-size-main=262144"
    "memorysetup-allocator-temp-initial-block-size-worker=262144"
    "memorysetup-temp-allocator-size-background-worker=32768"
    "memorysetup-temp-allocator-size-job-worker=262144"
    "memorysetup-temp-allocator-size-preload-manager=33554432"
    "memorysetup-temp-allocator-size-nav-mesh-worker=65536"
    "memorysetup-temp-allocator-size-audio-worker=65536"
    "memorysetup-temp-allocator-size-cloud-worker=32768"
    "memorysetup-temp-allocator-size-gi-baking-worker=262144"
    "memorysetup-temp-allocator-size-gfx=262144"
Player connection [25048]  Target information:

Player connection [25048]  * "[IP] 192.168.133.1 [Port] 0 [Flags] 2 [Guid] 1927005409 [EditorId] 1927005409 [Version] 1048832 [Id] WindowsEditor(7,Tortuga) [Debug] 1 [PackageName] WindowsEditor [ProjectName] Editor" 

Player connection [25048]  * "[IP] 192.168.64.1 [Port] 0 [Flags] 2 [Guid] 1927005409 [EditorId] 1927005409 [Version] 1048832 [Id] WindowsEditor(7,Tortuga) [Debug] 1 [PackageName] WindowsEditor [ProjectName] Editor" 

Player connection [25048]  * "[IP] 192.168.0.179 [Port] 0 [Flags] 2 [Guid] 1927005409 [EditorId] 1927005409 [Version] 1048832 [Id] WindowsEditor(7,Tortuga) [Debug] 1 [PackageName] WindowsEditor [ProjectName] Editor" 

Player connection [25048] Host joined multi-casting on [225.0.0.222:54997]...
Player connection [25048] Host joined alternative multi-casting on [225.0.0.222:34997]...
[PhysX] Initialized MultithreadedTaskDispatcher with 12 workers.
Refreshing native plugins compatible for Editor in 13.66 ms, found 4 plugins.
Preloading 0 native plugins for Editor in 0.00 ms.
Initialize engine version: 2022.3.50f1 (c3db7f8bf9b1)
[Subsystems] Discovering subsystems at path C:/Program Files/Unity/Hub/Editor/2022.3.50f1/Editor/Data/Resources/UnitySubsystems
[Subsystems] Discovering subsystems at path D:/Projects/Tattoo-Game/Tattoo Game/Assets
GfxDevice: creating device client; threaded=0; jobified=0
Direct3D:
    Version:  Direct3D 11.0 [level 11.1]
    Renderer: NVIDIA GeForce RTX 3060 Laptop GPU (ID=0x2520)
    Vendor:   NVIDIA
    VRAM:     5994 MB
    Driver:   32.0.15.9597
Initialize mono
Mono path[0] = 'C:/Program Files/Unity/Hub/Editor/2022.3.50f1/Editor/Data/Managed'
Mono path[1] = 'C:/Program Files/Unity/Hub/Editor/2022.3.50f1/Editor/Data/MonoBleedingEdge/lib/mono/unityjit-win32'
Mono config path = 'C:/Program Files/Unity/Hub/Editor/2022.3.50f1/Editor/Data/MonoBleedingEdge/etc'
Using monoOptions --debugger-agent=transport=dt_socket,embedding=1,server=y,suspend=n,address=127.0.0.1:56584
Begin MonoManager ReloadAssembly
Registering precompiled unity dll's ...
Register platform support module: C:/Program Files/Unity/Hub/Editor/2022.3.50f1/Editor/Data/PlaybackEngines/AndroidPlayer/UnityEditor.Android.Extensions.dll
Register platform support module: C:/Program Files/Unity/Hub/Editor/2022.3.50f1/Editor/Data/PlaybackEngines/iOSSupport/UnityEditor.iOS.Extensions.dll
Register platform support module: C:/Program Files/Unity/Hub/Editor/2022.3.50f1/Editor/Data/PlaybackEngines/WindowsStandaloneSupport/UnityEditor.WindowsStandalone.Extensions.dll
Registered in 0.014352 seconds.
- Loaded All Assemblies, in  0.395 seconds
Native extension for WindowsStandalone target not found
[usbmuxd] Start listen thread
[usbmuxd] Listen thread started
Native extension for iOS target not found
Native extension for Android target not found
Android Extension - Scanning For ADB Devices 239 ms
Mono: successfully reloaded assembly
- Finished resetting the current domain, in  0.559 seconds
Domain Reload Profiling: 951ms
	BeginReloadAssembly (115ms)
		ExecutionOrderSort (0ms)
		DisableScriptedObjects (0ms)
		BackupInstance (0ms)
		ReleaseScriptingObjects (0ms)
		CreateAndSetChildDomain (1ms)
	RebuildCommonClasses (34ms)
	RebuildNativeTypeToScriptingClass (10ms)
	initialDomainReloadingComplete (68ms)
	LoadAllAssembliesAndSetupDomain (164ms)
		LoadAssemblies (113ms)
		RebuildTransferFunctionScriptingTraits (0ms)
		AnalyzeDomain (161ms)
			TypeCache.Refresh (159ms)
				TypeCache.ScanAssembly (146ms)
			ScanForSourceGeneratedMonoScriptInfo (0ms)
			ResolveRequiredComponents (0ms)
	FinalizeReload (560ms)
		ReleaseScriptCaches (0ms)
		RebuildScriptCaches (0ms)
		SetupLoadedEditorAssemblies (511ms)
			LogAssemblyErrors (0ms)
			InitializePlatformSupportModulesInManaged (349ms)
			SetLoadedEditorAssemblies (4ms)
			RefreshPlugins (0ms)
			BeforeProcessingInitializeOnLoad (2ms)
			ProcessInitializeOnLoadAttributes (110ms)
			ProcessInitializeOnLoadMethodAttributes (46ms)
			AfterProcessingInitializeOnLoad (0ms)
			EditorAssembliesLoaded (0ms)
		ExecutionOrderSort2 (0ms)
		AwakeInstancesAfterBackupRestoration (0ms)
========================================================================
Worker process is ready to serve import requests
Caller must complete domain reload
Begin MonoManager ReloadAssembly
- Loaded All Assemblies, in  0.884 seconds
Native extension for WindowsStandalone target not found
Native extension for iOS target not found
Native extension for Android target not found
Mono: successfully reloaded assembly
Package Manager log level set to [2]
[Package Manager] Server::EnsureServerProcessIsRunning -- launch failed, reason: Unity was launched with the -noUpm command-line argument
[Package Manager] UpmClient::Send -- Unable to send message (not connected to UPM process).
[Package Manager] Cannot connect to Unity Package Manager local server
[Package Manager] Server::EnsureServerProcessIsRunning -- launch failed, reason: Unity was launched with the -noUpm command-line argument
[Package Manager] UpmClient::Send -- Unable to send message (not connected to UPM process).
[Package Manager] Cannot connect to Unity Package Manager local server
- Finished resetting the current domain, in  1.128 seconds
Domain Reload Profiling: 2008ms
	BeginReloadAssembly (186ms)
		ExecutionOrderSort (0ms)
		DisableScriptedObjects (6ms)
		BackupInstance (0ms)
		ReleaseScriptingObjects (0ms)
		CreateAndSetChildDomain (20ms)
	RebuildCommonClasses (53ms)
	RebuildNativeTypeToScriptingClass (19ms)
	initialDomainReloadingComplete (70ms)
	LoadAllAssembliesAndSetupDomain (551ms)
		LoadAssemblies (425ms)
		RebuildTransferFunctionScriptingTraits (0ms)
		AnalyzeDomain (249ms)
			TypeCache.Refresh (190ms)
				TypeCache.ScanAssembly (169ms)
			ScanForSourceGeneratedMonoScriptInfo (44ms)
			ResolveRequiredComponents (12ms)
	FinalizeReload (1129ms)
		ReleaseScriptCaches (0ms)
		RebuildScriptCaches (0ms)
		SetupLoadedEditorAssemblies (839ms)
			LogAssemblyErrors (0ms)
			InitializePlatformSupportModulesInManaged (32ms)
			SetLoadedEditorAssemblies (4ms)
			RefreshPlugins (0ms)
			BeforeProcessingInitializeOnLoad (88ms)
			ProcessInitializeOnLoadAttributes (567ms)
			ProcessInitializeOnLoadMethodAttributes (129ms)
			AfterProcessingInitializeOnLoad (18ms)
			EditorAssembliesLoaded (0ms)
		ExecutionOrderSort2 (0ms)
		AwakeInstancesAfterBackupRestoration (14ms)
Launched and connected shader compiler UnityShaderCompiler.exe after 0.05 seconds
Refreshing native plugins compatible for Editor in 10.09 ms, found 4 plugins.
Preloading 0 native plugins for Editor in 0.00 ms.
Unloading 5349 Unused Serialized files (Serialized files now loaded: 0)
Unloading 37 unused Assets / (510.4 KB). Loaded Objects now: 5815.
Memory consumption went from 183.7 MB to 183.2 MB.
Total: 5.214800 ms (FindLiveObjects: 0.570100 ms CreateObjectMapping: 0.690600 ms MarkObjects: 3.677500 ms  DeleteObjects: 0.275600 ms)

AssetImportParameters requested are different than current active one (requested -> active):
  custom:container-demuxer-ogg: 62fdf1f143b41e24485cea50d1cbac27 -> 
  custom:video-codec-MediaFoundation-h265: 746d11721c4dcdbdad8f713fa42b33f4 -> 
  custom:video-decoder-ogg-theora: a1e56fd34408186e4bbccfd4996cb3dc -> 
  custom:framework-win-MediaFoundation: 216162199b28c13a410421893ffa2e32 -> 
  custom:CustomObjectIndexerAttribute: 9a22284fe3817be447336de3de66b15e -> 
  custom:container-demuxer-webm: 4f35f7cbe854078d1ac9338744f61a02 -> 
  custom:container-muxer-webm: aa71ff27fc2769a1b78a27578f13a17b -> 
  custom:video-decoder-webm-vp8: 9c59270c3fd7afecdb556c50c9e8de78 -> 
  custom:SearchIndexIgnoredProperties: e643bd26f0fe6173181afceb89e7c659 -> 
  custom:AudioImporter_EditorPlatform: d09bf68614088b80899f8185d706f6e7 -> 
  custom:video-encoder-webm-vp8: eb34c28f22e8b96e1ab97ce403110664 -> 
  custom:audio-decoder-ogg-vorbis: bf7c407c2cedff20999df2af8eb42d56 -> 
  custom:audio-encoder-webm-vorbis: bf7c407c2cedff20999df2af8eb42d56 -> 
========================================================================
Received Import Request.
  Time since last request: 1441.787651 seconds.
  path: Assets/Synty/PolygonGeneric/Models/SM_Gen_Env_Road_Gravel_Straight_02.fbx
  artifactKey: Guid(3701b3ef1c56dad4d85f7f5933ef9cbf) Importer(815301076,1909f56bfc062723c751e8b465ee728b)
Start importing Assets/Synty/PolygonGeneric/Models/SM_Gen_Env_Road_Gravel_Straight_02.fbx using Guid(3701b3ef1c56dad4d85f7f5933ef9cbf) Importer(815301076,1909f56bfc062723c751e8b465ee728b) [PhysX] Initialized MultithreadedTaskDispatcher with 12 workers.
[PhysX] Initialized MultithreadedTaskDispatcher with 12 workers.
[PhysX] Initialized MultithreadedTaskDispatcher with 12 workers.
 -> (artifact id: '9e66a9a0f74cbd59b2de1665aa490aaa') in 0.137528 seconds
Number of updated asset objects reloaded before import = 0
Number of asset objects unloaded after import = 7
========================================================================
Received Import Request.
  Time since last request: 0.000039 seconds.
  path: Assets/Synty/PolygonGeneric/Models/SM_Gen_Env_Road_Parking_03.fbx
  artifactKey: Guid(890cd2e7f52b0854ea06f6bafc27ad66) Importer(815301076,1909f56bfc062723c751e8b465ee728b)
Start importing Assets/Synty/PolygonGeneric/Models/SM_Gen_Env_Road_Parking_03.fbx using Guid(890cd2e7f52b0854ea06f6bafc27ad66) Importer(815301076,1909f56bfc062723c751e8b465ee728b) [PhysX] Initialized MultithreadedTaskDispatcher with 12 workers.
[PhysX] Initialized MultithreadedTaskDispatcher with 12 workers.
[PhysX] Initialized MultithreadedTaskDispatcher with 12 workers.
 -> (artifact id: '5a4d9e2878a0687bd3b74e8006642b92') in 0.023202 seconds
Number of updated asset objects reloaded before import = 0
Number of asset objects unloaded after import = 7
========================================================================
Received Import Request.
  Time since last request: 0.000022 seconds.
  path: Assets/Synty/PolygonGeneric/Models/SM_Gen_Env_Road_Gravel_Corner_Small_02.fbx
  artifactKey: Guid(3fbb3e500c9f58340af75461109842b1) Importer(815301076,1909f56bfc062723c751e8b465ee728b)
Start importing Assets/Synty/PolygonGeneric/Models/SM_Gen_Env_Road_Gravel_Corner_Small_02.fbx using Guid(3fbb3e500c9f58340af75461109842b1) Importer(815301076,1909f56bfc062723c751e8b465ee728b) [PhysX] Initialized MultithreadedTaskDispatcher with 12 workers.
[PhysX] Initialized MultithreadedTaskDispatcher with 12 workers.
[PhysX] Initialized MultithreadedTaskDispatcher with 12 workers.
 -> (artifact id: '570540feca676c9477832590244a8398') in 0.017196 seconds
Number of updated asset objects reloaded before import = 0
Number of asset objects unloaded after import = 7
========================================================================
Received Import Request.
  Time since last request: 0.000025 seconds.
  path: Assets/Synty/PolygonGeneric/Models/SM_Gen_Env_Mushroom_03.fbx
  artifactKey: Guid(fe05391184bd9e647b63455523f30c45) Importer(815301076,1909f56bfc062723c751e8b465ee728b)
Start importing Assets/Synty/PolygonGeneric/Models/SM_Gen_Env_Mushroom_03.fbx using Guid(fe05391184bd9e647b63455523f30c45) Importer(815301076,1909f56bfc062723c751e8b465ee728b) [PhysX] Initialized MultithreadedTaskDispatcher with 12 workers.
[PhysX] Initialized MultithreadedTaskDispatcher with 12 workers.
[PhysX] Initialized MultithreadedTaskDispatcher with 12 workers.
 -> (artifact id: '3f241c3b2356d0b8ad29f4b7b17141c0') in 0.019927 seconds
Number of updated asset objects reloaded before import = 0
Number of asset objects unloaded after import = 7
========================================================================
Received Import Request.
  Time since last request: 0.578104 seconds.
  path: Assets/Synty/PolygonGeneric/Models/SM_Gen_Env_Rock_04.fbx
  artifactKey: Guid(99a1d4493dc20ea43a51561c33721535) Importer(815301076,1909f56bfc062723c751e8b465ee728b)
Start importing Assets/Synty/PolygonGeneric/Models/SM_Gen_Env_Rock_04.fbx using Guid(99a1d4493dc20ea43a51561c33721535) Importer(815301076,1909f56bfc062723c751e8b465ee728b) [PhysX] Initialized MultithreadedTaskDispatcher with 12 workers.
[PhysX] Initialized MultithreadedTaskDispatcher with 12 workers.
[PhysX] Initialized MultithreadedTaskDispatcher with 12 workers.
 -> (artifact id: 'ca360cd2f4c19b99c95b6c561f3f4709') in 0.019102 seconds
Number of updated asset objects reloaded before import = 0
Number of asset objects unloaded after import = 7
========================================================================
Received Import Request.
  Time since last request: 0.000036 seconds.
  path: Assets/Synty/PolygonGeneric/Models/SM_Gen_Env_Rock_06.fbx
  artifactKey: Guid(3c57b5d93072ee1448c2fd6fa88086f0) Importer(815301076,1909f56bfc062723c751e8b465ee728b)
Start importing Assets/Synty/PolygonGeneric/Models/SM_Gen_Env_Rock_06.fbx using Guid(3c57b5d93072ee1448c2fd6fa88086f0) Importer(815301076,1909f56bfc062723c751e8b465ee728b) [PhysX] Initialized MultithreadedTaskDispatcher with 12 workers.
[PhysX] Initialized MultithreadedTaskDispatcher with 12 workers.
[PhysX] Initialized MultithreadedTaskDispatcher with 12 workers.
 -> (artifact id: '1ed3ce2017b832ac8f5b2c00c2952459') in 0.017814 seconds
Number of updated asset objects reloaded before import = 0
Number of asset objects unloaded after import = 7
========================================================================
Received Import Request.
  Time since last request: 0.000029 seconds.
  path: Assets/Synty/PolygonGeneric/Models/SM_Gen_Env_Rock_05.fbx
  artifactKey: Guid(fbac42a6223f54646a9e7d95be0db2f1) Importer(815301076,1909f56bfc062723c751e8b465ee728b)
Start importing Assets/Synty/PolygonGeneric/Models/SM_Gen_Env_Rock_05.fbx using Guid(fbac42a6223f54646a9e7d95be0db2f1) Importer(815301076,1909f56bfc062723c751e8b465ee728b) [PhysX] Initialized MultithreadedTaskDispatcher with 12 workers.
[PhysX] Initialized MultithreadedTaskDispatcher with 12 workers.
[PhysX] Initialized MultithreadedTaskDispatcher with 12 workers.
 -> (artifact id: '929fc12557ff3345f2538ff9a0837b64') in 0.017827 seconds
Number of updated asset objects reloaded before import = 0
Number of asset objects unloaded after import = 7
========================================================================
Received Import Request.
  Time since last request: 0.023202 seconds.
  path: Assets/Synty/PolygonGeneric/Models/SM_Gen_Env_Rock_Pebbles_02.fbx
  artifactKey: Guid(79720d895e0b77d4c83894a4f2405817) Importer(815301076,1909f56bfc062723c751e8b465ee728b)
Start importing Assets/Synty/PolygonGeneric/Models/SM_Gen_Env_Rock_Pebbles_02.fbx using Guid(79720d895e0b77d4c83894a4f2405817) Importer(815301076,1909f56bfc062723c751e8b465ee728b) [PhysX] Initialized MultithreadedTaskDispatcher with 12 workers.
[PhysX] Initialized MultithreadedTaskDispatcher with 12 workers.
[PhysX] Initialized MultithreadedTaskDispatcher with 12 workers.
 -> (artifact id: 'dc1593448876aee4fa5a2192ecdd9b14') in 0.017654 seconds
Number of updated asset objects reloaded before import = 0
Number of asset objects unloaded after import = 7
========================================================================
Received Import Request.
  Time since last request: 0.000019 seconds.
  path: Assets/Synty/PolygonGeneric/Models/SM_Gen_Env_Rock_Pebbles_05.fbx
  artifactKey: Guid(b36f9e538533e774cbca93889c7b955b) Importer(815301076,1909f56bfc062723c751e8b465ee728b)
Start importing Assets/Synty/PolygonGeneric/Models/SM_Gen_Env_Rock_Pebbles_05.fbx using Guid(b36f9e538533e774cbca93889c7b955b) Importer(815301076,1909f56bfc062723c751e8b465ee728b) [PhysX] Initialized MultithreadedTaskDispatcher with 12 workers.
[PhysX] Initialized MultithreadedTaskDispatcher with 12 workers.
[PhysX] Initialized MultithreadedTaskDispatcher with 12 workers.
 -> (artifact id: '503a64aac8078bc81d6224cd14f1bbb1') in 0.021002 seconds
Number of updated asset objects reloaded before import = 0
Number of asset objects unloaded after import = 7
========================================================================
Received Import Request.
  Time since last request: 0.368850 seconds.
  path: Assets/Synty/PolygonGeneric/Models/SM_Gen_Env_Shrub_03.fbx
  artifactKey: Guid(73983603174935c48b9d134c9604358d) Importer(815301076,1909f56bfc062723c751e8b465ee728b)
Start importing Assets/Synty/PolygonGeneric/Models/SM_Gen_Env_Shrub_03.fbx using Guid(73983603174935c48b9d134c9604358d) Importer(815301076,1909f56bfc062723c751e8b465ee728b) [PhysX] Initialized MultithreadedTaskDispatcher with 12 workers.
[PhysX] Initialized MultithreadedTaskDispatcher with 12 workers.
[PhysX] Initialized MultithreadedTaskDispatcher with 12 workers.
 -> (artifact id: '2768be6e1359918149499d093bb06fe8') in 0.020467 seconds
Number of updated asset objects reloaded before import = 0
Number of asset objects unloaded after import = 7
========================================================================
Received Import Request.
  Time since last request: 0.000017 seconds.
  path: Assets/Synty/PolygonGeneric/Models/SM_Gen_Env_Sidewalk_Corner_01.fbx
  artifactKey: Guid(393aedf22c9eeed4ba1cdfdc2e3e220e) Importer(815301076,1909f56bfc062723c751e8b465ee728b)
Start importing Assets/Synty/PolygonGeneric/Models/SM_Gen_Env_Sidewalk_Corner_01.fbx using Guid(393aedf22c9eeed4ba1cdfdc2e3e220e) Importer(815301076,1909f56bfc062723c751e8b465ee728b) [PhysX] Initialized MultithreadedTaskDispatcher with 12 workers.
[PhysX] Initialized MultithreadedTaskDispatcher with 12 workers.
[PhysX] Initialized MultithreadedTaskDispatcher with 12 workers.
 -> (artifact id: '51f0d8f02f5a9c0f49949a7d2a556eff') in 0.017799 seconds
Number of updated asset objects reloaded before import = 0
Number of asset objects unloaded after import = 7
========================================================================
Received Import Request.
  Time since last request: 0.000015 seconds.
  path: Assets/Synty/PolygonGeneric/Models/SM_Gen_Env_Skydome_01.fbx
  artifactKey: Guid(bedf2d0f1ddd6d244807bddb8677a9cf) Importer(815301076,1909f56bfc062723c751e8b465ee728b)
Start importing Assets/Synty/PolygonGeneric/Models/SM_Gen_Env_Skydome_01.fbx using Guid(bedf2d0f1ddd6d244807bddb8677a9cf) Importer(815301076,1909f56bfc062723c751e8b465ee728b) [PhysX] Initialized MultithreadedTaskDispatcher with 12 workers.
[PhysX] Initialized MultithreadedTaskDispatcher with 12 workers.
[PhysX] Initialized MultithreadedTaskDispatcher with 12 workers.
 -> (artifact id: '7bf01c4d3ce8b4a9b88cb241d8170b39') in 0.017775 seconds
Number of updated asset objects reloaded before import = 0
Number of asset objects unloaded after import = 7
========================================================================
Received Import Request.
  Time since last request: 0.000018 seconds.
  path: Assets/Synty/PolygonGeneric/Models/SM_Gen_Env_Stalactite_01.fbx
  artifactKey: Guid(fd8d11f51fdb75d4ca6c9df0825c164a) Importer(815301076,1909f56bfc062723c751e8b465ee728b)
Start importing Assets/Synty/PolygonGeneric/Models/SM_Gen_Env_Stalactite_01.fbx using Guid(fd8d11f51fdb75d4ca6c9df0825c164a) Importer(815301076,1909f56bfc062723c751e8b465ee728b) [PhysX] Initialized MultithreadedTaskDispatcher with 12 workers.
[PhysX] Initialized MultithreadedTaskDispatcher with 12 workers.
[PhysX] Initialized MultithreadedTaskDispatcher with 12 workers.
 -> (artifact id: '4395709827cd12cfea5f9909fc9cff93') in 0.019567 seconds
Number of updated asset objects reloaded before import = 0
Number of asset objects unloaded after import = 7
========================================================================
Received Import Request.
  Time since last request: 0.000026 seconds.
  path: Assets/Synty/PolygonGeneric/Models/SM_Gen_Env_Stump_03.fbx
  artifactKey: Guid(b72f1b4a812d75b4d9fdc0ec343358cb) Importer(815301076,1909f56bfc062723c751e8b465ee728b)
Start importing Assets/Synty/PolygonGeneric/Models/SM_Gen_Env_Stump_03.fbx using Guid(b72f1b4a812d75b4d9fdc0ec343358cb) Importer(815301076,1909f56bfc062723c751e8b465ee728b) [PhysX] Initialized MultithreadedTaskDispatcher with 12 workers.
[PhysX] Initialized MultithreadedTaskDispatcher with 12 workers.
[PhysX] Initialized MultithreadedTaskDispatcher with 12 workers.
 -> (artifact id: '5d3eb005c22d86afae70451b9f5fade5') in 0.018681 seconds
Number of updated asset objects reloaded before import = 0
Number of asset objects unloaded after import = 7
========================================================================
Received Import Request.
  Time since last request: 0.000019 seconds.
  path: Assets/Synty/PolygonGeneric/Models/SM_Gen_Env_Tree_Pine_02.fbx
  artifactKey: Guid(d678d562e33509f46afb22781460c849) Importer(815301076,1909f56bfc062723c751e8b465ee728b)
Start importing Assets/Synty/PolygonGeneric/Models/SM_Gen_Env_Tree_Pine_02.fbx using Guid(d678d562e33509f46afb22781460c849) Importer(815301076,1909f56bfc062723c751e8b465ee728b) [PhysX] Initialized MultithreadedTaskDispatcher with 12 workers.
[PhysX] Initialized MultithreadedTaskDispatcher with 12 workers.
[PhysX] Initialized MultithreadedTaskDispatcher with 12 workers.
 -> (artifact id: 'c367edd26a91b020cad31e7bd11b3a77') in 0.021460 seconds
Number of updated asset objects reloaded before import = 0
Number of asset objects unloaded after import = 7
========================================================================
Received Import Request.
  Time since last request: 0.000033 seconds.
  path: Assets/Synty/PolygonGeneric/Models/SM_Gen_Env_Tree_Dead_03.fbx
  artifactKey: Guid(3f67a377d84f4214fadea3ab78ceb854) Importer(815301076,1909f56bfc062723c751e8b465ee728b)
Start importing Assets/Synty/PolygonGeneric/Models/SM_Gen_Env_Tree_Dead_03.fbx using Guid(3f67a377d84f4214fadea3ab78ceb854) Importer(815301076,1909f56bfc062723c751e8b465ee728b) [PhysX] Initialized MultithreadedTaskDispatcher with 12 workers.
[PhysX] Initialized MultithreadedTaskDispatcher with 12 workers.
[PhysX] Initialized MultithreadedTaskDispatcher with 12 workers.
 -> (artifact id: 'e17e87d4a83ff366a90f422cb8aedad5') in 0.020011 seconds
Number of updated asset objects reloaded before import = 0
Number of asset objects unloaded after import = 7
========================================================================
Received Import Request.
  Time since last request: 0.000022 seconds.
  path: Assets/Synty/PolygonGeneric/Models/SM_Gen_Env_Tree_01.fbx
  artifactKey: Guid(a72ca66bf87bcd34db41af5038c18f49) Importer(815301076,1909f56bfc062723c751e8b465ee728b)
Start importing Assets/Synty/PolygonGeneric/Models/SM_Gen_Env_Tree_01.fbx using Guid(a72ca66bf87bcd34db41af5038c18f49) Importer(815301076,1909f56bfc062723c751e8b465ee728b) [PhysX] Initialized MultithreadedTaskDispatcher with 12 workers.
[PhysX] Initialized MultithreadedTaskDispatcher with 12 workers.
[PhysX] Initialized MultithreadedTaskDispatcher with 12 workers.
 -> (artifact id: '51f5040ea3592ade363d5c7c76c33590') in 0.018866 seconds
Number of updated asset objects reloaded before import = 0
Number of asset objects unloaded after import = 7
========================================================================
Received Import Request.
  Time since last request: 0.000021 seconds.
  path: Assets/Synty/PolygonGeneric/Models/SM_Gen_Env_Tree_02.fbx
  artifactKey: Guid(e2e60a97507aac14a8f616d5f5076d94) Importer(815301076,1909f56bfc062723c751e8b465ee728b)
Start importing Assets/Synty/PolygonGeneric/Models/SM_Gen_Env_Tree_02.fbx using Guid(e2e60a97507aac14a8f616d5f5076d94) Importer(815301076,1909f56bfc062723c751e8b465ee728b) [PhysX] Initialized MultithreadedTaskDispatcher with 12 workers.
[PhysX] Initialized MultithreadedTaskDispatcher with 12 workers.
[PhysX] Initialized MultithreadedTaskDispatcher with 12 workers.
 -> (artifact id: '60a0a695846d1731b11c26022bbb70ad') in 0.020125 seconds
Number of updated asset objects reloaded before import = 0
Number of asset objects unloaded after import = 7
========================================================================
Received Import Request.
  Time since last request: 0.000021 seconds.
  path: Assets/Synty/PolygonGeneric/Models/SM_Gen_Env_Vines_05.fbx
  artifactKey: Guid(d79db6e3cb724144885459b54bf9e9f4) Importer(815301076,1909f56bfc062723c751e8b465ee728b)
Start importing Assets/Synty/PolygonGeneric/Models/SM_Gen_Env_Vines_05.fbx using Guid(d79db6e3cb724144885459b54bf9e9f4) Importer(815301076,1909f56bfc062723c751e8b465ee728b) [PhysX] Initialized MultithreadedTaskDispatcher with 12 workers.
[PhysX] Initialized MultithreadedTaskDispatcher with 12 workers.
[PhysX] Initialized MultithreadedTaskDispatcher with 12 workers.
 -> (artifact id: 'dbaf610ce669b0cb7d6795623e7e12eb') in 0.020739 seconds
Number of updated asset objects reloaded before import = 0
Number of asset objects unloaded after import = 7
========================================================================
Received Import Request.
  Time since last request: 0.000022 seconds.
  path: Assets/Synty/PolygonGeneric/Models/SM_Gen_Env_Waterfall_02.fbx
  artifactKey: Guid(138286068710cb64eb7fea01ca769d77) Importer(815301076,1909f56bfc062723c751e8b465ee728b)
Start importing Assets/Synty/PolygonGeneric/Models/SM_Gen_Env_Waterfall_02.fbx using Guid(138286068710cb64eb7fea01ca769d77) Importer(815301076,1909f56bfc062723c751e8b465ee728b) [PhysX] Initialized MultithreadedTaskDispatcher with 12 workers.
[PhysX] Initialized MultithreadedTaskDispatcher with 12 workers.
[PhysX] Initialized MultithreadedTaskDispatcher with 12 workers.
 -> (artifact id: 'f60c281fd4be7ea1c0c2cfb99e14a3bc') in 0.020571 seconds
Number of updated asset objects reloaded before import = 0
Number of asset objects unloaded after import = 7
========================================================================
Received Import Request.
  Time since last request: 0.000037 seconds.
  path: Assets/Synty/PolygonGeneric/Models/SM_Gen_Prop_Barrel_Wood_01.fbx
  artifactKey: Guid(2947e04cd2b7501429de715b54ba3ef2) Importer(815301076,1909f56bfc062723c751e8b465ee728b)
Start importing Assets/Synty/PolygonGeneric/Models/SM_Gen_Prop_Barrel_Wood_01.fbx using Guid(2947e04cd2b7501429de715b54ba3ef2) Importer(815301076,1909f56bfc062723c751e8b465ee728b) [PhysX] Initialized MultithreadedTaskDispatcher with 12 workers.
[PhysX] Initialized MultithreadedTaskDispatcher with 12 workers.
[PhysX] Initialized MultithreadedTaskDispatcher with 12 workers.
 -> (artifact id: 'bc445be28e11aae73b5b0d69dbbe22a2') in 0.019991 seconds
Number of updated asset objects reloaded before import = 0
Number of asset objects unloaded after import = 7
========================================================================
Received Import Request.
  Time since last request: 0.000027 seconds.
  path: Assets/Synty/PolygonGeneric/Models/SM_Gen_Prop_Barrel_Metal_02.fbx
  artifactKey: Guid(bf0ba22fd35bca6488b0823035583e66) Importer(815301076,1909f56bfc062723c751e8b465ee728b)
Start importing Assets/Synty/PolygonGeneric/Models/SM_Gen_Prop_Barrel_Metal_02.fbx using Guid(bf0ba22fd35bca6488b0823035583e66) Importer(815301076,1909f56bfc062723c751e8b465ee728b) [PhysX] Initialized MultithreadedTaskDispatcher with 12 workers.
[PhysX] Initialized MultithreadedTaskDispatcher with 12 workers.
[PhysX] Initialized MultithreadedTaskDispatcher with 12 workers.
 -> (artifact id: '7a49c1a30b1498641e045e561b5c4492') in 0.020713 seconds
Number of updated asset objects reloaded before import = 0
Number of asset objects unloaded after import = 7
========================================================================
Received Import Request.
  Time since last request: 0.000026 seconds.
  path: Assets/Synty/PolygonGeneric/Models/SM_Gen_Env_Sidewalk_Half_01.fbx
  artifactKey: Guid(1bc20380ef9b84242952cb45ff0e2cd8) Importer(815301076,1909f56bfc062723c751e8b465ee728b)
Start importing Assets/Synty/PolygonGeneric/Models/SM_Gen_Env_Sidewalk_Half_01.fbx using Guid(1bc20380ef9b84242952cb45ff0e2cd8) Importer(815301076,1909f56bfc062723c751e8b465ee728b) [PhysX] Initialized MultithreadedTaskDispatcher with 12 workers.
[PhysX] Initialized MultithreadedTaskDispatcher with 12 workers.
[PhysX] Initialized MultithreadedTaskDispatcher with 12 workers.
 -> (artifact id: '9a8b2679f93e48267f72d139c91bf8b7') in 0.017720 seconds
Number of updated asset objects reloaded before import = 0
Number of asset objects unloaded after import = 7
========================================================================
Received Import Request.
  Time since last request: 0.000023 seconds.
  path: Assets/Synty/PolygonGeneric/Models/SM_Gen_Prop_Bottle_03.fbx
  artifactKey: Guid(fb50e2a0ca374e94e89ebd6258cdcafc) Importer(815301076,1909f56bfc062723c751e8b465ee728b)
Start importing Assets/Synty/PolygonGeneric/Models/SM_Gen_Prop_Bottle_03.fbx using Guid(fb50e2a0ca374e94e89ebd6258cdcafc) Importer(815301076,1909f56bfc062723c751e8b465ee728b) [PhysX] Initialized MultithreadedTaskDispatcher with 12 workers.
[PhysX] Initialized MultithreadedTaskDispatcher with 12 workers.
[PhysX] Initialized MultithreadedTaskDispatcher with 12 workers.
 -> (artifact id: '1b00b9901c3b0c1e2c4c19c9a0efc796') in 0.020737 seconds
Number of updated asset objects reloaded before import = 0
Number of asset objects unloaded after import = 7
========================================================================
Received Import Request.
  Time since last request: 0.000017 seconds.
  path: Assets/Synty/PolygonGeneric/Models/SM_Gen_Prop_Barrel_Wood_03.fbx
  artifactKey: Guid(7fb87147c68edba49bf1b1412cd9dffe) Importer(815301076,1909f56bfc062723c751e8b465ee728b)
Start importing Assets/Synty/PolygonGeneric/Models/SM_Gen_Prop_Barrel_Wood_03.fbx using Guid(7fb87147c68edba49bf1b1412cd9dffe) Importer(815301076,1909f56bfc062723c751e8b465ee728b) [PhysX] Initialized MultithreadedTaskDispatcher with 12 workers.
[PhysX] Initialized MultithreadedTaskDispatcher with 12 workers.
[PhysX] Initialized MultithreadedTaskDispatcher with 12 workers.
 -> (artifact id: 'eeb0dff80bc459bb3d1d432109a78ecf') in 0.020509 seconds
Number of updated asset objects reloaded before import = 0
Number of asset objects unloaded after import = 7
========================================================================
Received Import Request.
  Time since last request: 0.000028 seconds.
  path: Assets/Synty/PolygonGeneric/Models/SM_Gen_Env_Water_Plane_01.fbx
  artifactKey: Guid(bba35968f6654c5468b15145051145ef) Importer(815301076,1909f56bfc062723c751e8b465ee728b)
Start importing Assets/Synty/PolygonGeneric/Models/SM_Gen_Env_Water_Plane_01.fbx using Guid(bba35968f6654c5468b15145051145ef) Importer(815301076,1909f56bfc062723c751e8b465ee728b) [PhysX] Initialized MultithreadedTaskDispatcher with 12 workers.
[PhysX] Initialized MultithreadedTaskDispatcher with 12 workers.
[PhysX] Initialized MultithreadedTaskDispatcher with 12 workers.
[PhysX] Initialized MultithreadedTaskDispatcher with 12 workers.
 -> (artifact id: '9105ebf1bbacaa9ba3fcc541a2d60d0b') in 0.046297 seconds
Number of updated asset objects reloaded before import = 0
Number of asset objects unloaded after import = 8
========================================================================
Received Import Request.
  Time since last request: 0.000045 seconds.
  path: Assets/Synty/PolygonGeneric/Models/SM_Gen_Env_Twig_03.fbx
  artifactKey: Guid(0c925e26eeb2f5c46adc26da3cfdb6df) Importer(815301076,1909f56bfc062723c751e8b465ee728b)
Start importing Assets/Synty/PolygonGeneric/Models/SM_Gen_Env_Twig_03.fbx using Guid(0c925e26eeb2f5c46adc26da3cfdb6df) Importer(815301076,1909f56bfc062723c751e8b465ee728b) [PhysX] Initialized MultithreadedTaskDispatcher with 12 workers.
[PhysX] Initialized MultithreadedTaskDispatcher with 12 workers.
[PhysX] Initialized MultithreadedTaskDispatcher with 12 workers.
 -> (artifact id: '56a56f491ee33ded0992ff6229799fb8') in 0.019466 seconds
Number of updated asset objects reloaded before import = 0
Number of asset objects unloaded after import = 7
========================================================================
Received Import Request.
  Time since last request: 0.224317 seconds.
  path: Assets/Synty/PolygonGeneric/Models/SM_Gen_Prop_Cardboard_Box_02.fbx
  artifactKey: Guid(590a4e9835ad0914587b1daee80804d1) Importer(815301076,1909f56bfc062723c751e8b465ee728b)
Start importing Assets/Synty/PolygonGeneric/Models/SM_Gen_Prop_Cardboard_Box_02.fbx using Guid(590a4e9835ad0914587b1daee80804d1) Importer(815301076,1909f56bfc062723c751e8b465ee728b) [PhysX] Initialized MultithreadedTaskDispatcher with 12 workers.
[PhysX] Initialized MultithreadedTaskDispatcher with 12 workers.
[PhysX] Initialized MultithreadedTaskDispatcher with 12 workers.
 -> (artifact id: '5da5230cab9c3c36c4d50d33a1126efe') in 0.029304 seconds
Number of updated asset objects reloaded before import = 0
Number of asset objects unloaded after import = 7
========================================================================
Received Import Request.
  Time since last request: 0.000164 seconds.
  path: Assets/Synty/PolygonGeneric/Models/SM_Gen_Prop_Cardboard_Box_Preset_01.fbx
  artifactKey: Guid(33f38719458b45f41bfccca49a10969f) Importer(815301076,1909f56bfc062723c751e8b465ee728b)
Start importing Assets/Synty/PolygonGeneric/Models/SM_Gen_Prop_Cardboard_Box_Preset_01.fbx using Guid(33f38719458b45f41bfccca49a10969f) Importer(815301076,1909f56bfc062723c751e8b465ee728b) [PhysX] Initialized MultithreadedTaskDispatcher with 12 workers.
[PhysX] Initialized MultithreadedTaskDispatcher with 12 workers.
[PhysX] Initialized MultithreadedTaskDispatcher with 12 workers.
 -> (artifact id: 'ab8b707af01ed74cb529516001613e6e') in 0.031537 seconds
Number of updated asset objects reloaded before import = 0
Number of asset objects unloaded after import = 7
========================================================================
Received Import Request.
  Time since last request: 0.000023 seconds.
  path: Assets/Synty/PolygonGeneric/Models/SM_Gen_Prop_Cardboard_Box_05.fbx
  artifactKey: Guid(947be72e55979cb4cb36a4081ce0f9c8) Importer(815301076,1909f56bfc062723c751e8b465ee728b)
Start importing Assets/Synty/PolygonGeneric/Models/SM_Gen_Prop_Cardboard_Box_05.fbx using Guid(947be72e55979cb4cb36a4081ce0f9c8) Importer(815301076,1909f56bfc062723c751e8b465ee728b) [PhysX] Initialized MultithreadedTaskDispatcher with 12 workers.
[PhysX] Initialized MultithreadedTaskDispatcher with 12 workers.
[PhysX] Initialized MultithreadedTaskDispatcher with 12 workers.
 -> (artifact id: 'c873c0a8b52d824d0acb07086fc3f903') in 0.026647 seconds
Number of updated asset objects reloaded before import = 0
Number of asset objects unloaded after import = 7
========================================================================
Received Import Request.
  Time since last request: 121.399102 seconds.
  path: Assets/Synty/PolygonGeneric/Materials/Generic_Carpet.mat
  artifactKey: Guid(837de04461ee1ae4d90ac30ccb02910d) Importer(815301076,1909f56bfc062723c751e8b465ee728b)
Start importing Assets/Synty/PolygonGeneric/Materials/Generic_Carpet.mat using Guid(837de04461ee1ae4d90ac30ccb02910d) Importer(815301076,1909f56bfc062723c751e8b465ee728b) [PhysX] Initialized MultithreadedTaskDispatcher with 12 workers.
[PhysX] Initialized MultithreadedTaskDispatcher with 12 workers.
 -> (artifact id: 'a5688ab172091d1b5bb8b232bfdcd283') in 0.052731 seconds
Number of updated asset objects reloaded before import = 0
Number of asset objects unloaded after import = 2
========================================================================
Received Import Request.
  Time since last request: 0.000017 seconds.
  path: Assets/Synty/PolygonGeneric/Materials/Generic_Rock.mat
  artifactKey: Guid(274a221ab2ce454449ba603552e4d58b) Importer(815301076,1909f56bfc062723c751e8b465ee728b)
Start importing Assets/Synty/PolygonGeneric/Materials/Generic_Rock.mat using Guid(274a221ab2ce454449ba603552e4d58b) Importer(815301076,1909f56bfc062723c751e8b465ee728b) [PhysX] Initialized MultithreadedTaskDispatcher with 12 workers.
[PhysX] Initialized MultithreadedTaskDispatcher with 12 workers.
 -> (artifact id: '000c12acd5a1995cb3184939408a7f5b') in 0.069007 seconds
Number of updated asset objects reloaded before import = 0
Number of asset objects unloaded after import = 3
========================================================================
Received Import Request.
  Time since last request: 0.000018 seconds.
  path: Assets/Synty/PolygonGeneric/Materials/Glass_Opaque_01.mat
  artifactKey: Guid(00cc91ec301d5ec43ba83a2647c18527) Importer(815301076,1909f56bfc062723c751e8b465ee728b)
Start importing Assets/Synty/PolygonGeneric/Materials/Glass_Opaque_01.mat using Guid(00cc91ec301d5ec43ba83a2647c18527) Importer(815301076,1909f56bfc062723c751e8b465ee728b) [PhysX] Initialized MultithreadedTaskDispatcher with 12 workers.
[PhysX] Initialized MultithreadedTaskDispatcher with 12 workers.
 -> (artifact id: '4219f1f60e222f7f28445f8bd25a68a2') in 0.039696 seconds
Number of updated asset objects reloaded before import = 0
Number of asset objects unloaded after import = 1
========================================================================
Received Import Request.
  Time since last request: 0.000031 seconds.
  path: Assets/Synty/PolygonGeneric/Materials/Skybox_01.mat
  artifactKey: Guid(ffb777b6c60362f4c91c6e29cd23f381) Importer(815301076,1909f56bfc062723c751e8b465ee728b)
Start importing Assets/Synty/PolygonGeneric/Materials/Skybox_01.mat using Guid(ffb777b6c60362f4c91c6e29cd23f381) Importer(815301076,1909f56bfc062723c751e8b465ee728b) [PhysX] Initialized MultithreadedTaskDispatcher with 12 workers.
[PhysX] Initialized MultithreadedTaskDispatcher with 12 workers.
 -> (artifact id: '9080a8546e40fbb5a74694d5e7462ab0') in 0.429526 seconds
Number of updated asset objects reloaded before import = 0
Number of asset objects unloaded after import = 3
========================================================================
Received Import Request.
  Time since last request: 0.000019 seconds.
  path: Assets/Synty/PolygonGeneric/Materials/Generic_Cloud.mat
  artifactKey: Guid(d5781eac488aef247903a1f97360b2c4) Importer(815301076,1909f56bfc062723c751e8b465ee728b)
Start importing Assets/Synty/PolygonGeneric/Materials/Generic_Cloud.mat using Guid(d5781eac488aef247903a1f97360b2c4) Importer(815301076,1909f56bfc062723c751e8b465ee728b) [PhysX] Initialized MultithreadedTaskDispatcher with 12 workers.
[PhysX] Initialized MultithreadedTaskDispatcher with 12 workers.
 -> (artifact id: '8b4d335e00bc82bce2b11b7cedab4bed') in 0.015710 seconds
Number of updated asset objects reloaded before import = 0
Number of asset objects unloaded after import = 1
========================================================================
Received Import Request.
  Time since last request: 0.000025 seconds.
  path: Assets/Synty/PolygonGeneric/Materials/Generic_Triplanar_Grass_01.mat
  artifactKey: Guid(d2095bea359c259489550a526cfd4a66) Importer(815301076,1909f56bfc062723c751e8b465ee728b)
Start importing Assets/Synty/PolygonGeneric/Materials/Generic_Triplanar_Grass_01.mat using Guid(d2095bea359c259489550a526cfd4a66) Importer(815301076,1909f56bfc062723c751e8b465ee728b) [PhysX] Initialized MultithreadedTaskDispatcher with 12 workers.
[PhysX] Initialized MultithreadedTaskDispatcher with 12 workers.
 -> (artifact id: '3c845a3f31f7d7ba4bdbbabd437787e6') in 0.245951 seconds
Number of updated asset objects reloaded before import = 0
Number of asset objects unloaded after import = 7
========================================================================
Received Import Request.
  Time since last request: 0.000031 seconds.
  path: Assets/Synty/PolygonGeneric/Materials/Generic_Concrete.mat
  artifactKey: Guid(db8c29b5f8b2a2e40b477b54206d0456) Importer(815301076,1909f56bfc062723c751e8b465ee728b)
Start importing Assets/Synty/PolygonGeneric/Materials/Generic_Concrete.mat using Guid(db8c29b5f8b2a2e40b477b54206d0456) Importer(815301076,1909f56bfc062723c751e8b465ee728b) [PhysX] Initialized MultithreadedTaskDispatcher with 12 workers.
[PhysX] Initialized MultithreadedTaskDispatcher with 12 workers.
 -> (artifact id: '691704097939aa8a7cb6d20f5fc7e21e') in 0.067405 seconds
Number of updated asset objects reloaded before import = 0
Number of asset objects unloaded after import = 2
========================================================================
Received Import Request.
  Time since last request: 0.000034 seconds.
  path: Assets/Synty/PolygonGeneric/Materials/Generic_Ivy.mat
  artifactKey: Guid(818015086f3dfe3498a76b42ca89a843) Importer(815301076,1909f56bfc062723c751e8b465ee728b)
Start importing Assets/Synty/PolygonGeneric/Materials/Generic_Ivy.mat using Guid(818015086f3dfe3498a76b42ca89a843) Importer(815301076,1909f56bfc062723c751e8b465ee728b) [PhysX] Initialized MultithreadedTaskDispatcher with 12 workers.
[PhysX] Initialized MultithreadedTaskDispatcher with 12 workers.
 -> (artifact id: 'b90d8ea0a4c40764b13848b3a28862e9') in 0.164504 seconds
Number of updated asset objects reloaded before import = 0
Number of asset objects unloaded after import = 3
========================================================================
Received Import Request.
  Time since last request: 0.000021 seconds.
  path: Assets/Synty/PolygonGeneric/Materials/Generic_Plaster.mat
  artifactKey: Guid(55b6a6098e1f4d44486ac3652a215970) Importer(815301076,1909f56bfc062723c751e8b465ee728b)
Start importing Assets/Synty/PolygonGeneric/Materials/Generic_Plaster.mat using Guid(55b6a6098e1f4d44486ac3652a215970) Importer(815301076,1909f56bfc062723c751e8b465ee728b) [PhysX] Initialized MultithreadedTaskDispatcher with 12 workers.
[PhysX] Initialized MultithreadedTaskDispatcher with 12 workers.
 -> (artifact id: '235d66c1ce78c688bcaf4960e85ce40c') in 0.031147 seconds
Number of updated asset objects reloaded before import = 0
Number of asset objects unloaded after import = 2
========================================================================
Received Import Request.
  Time since last request: 0.000018 seconds.
  path: Assets/Synty/PolygonGeneric/Materials/Generic_Skyline.mat
  artifactKey: Guid(c3fed16a72fd672438081713004f6cde) Importer(815301076,1909f56bfc062723c751e8b465ee728b)
Start importing Assets/Synty/PolygonGeneric/Materials/Generic_Skyline.mat using Guid(c3fed16a72fd672438081713004f6cde) Importer(815301076,1909f56bfc062723c751e8b465ee728b) [PhysX] Initialized MultithreadedTaskDispatcher with 12 workers.
[PhysX] Initialized MultithreadedTaskDispatcher with 12 workers.
 -> (artifact id: '6c3bb0c08e4cf48ed3f308b3087cc035') in 0.019239 seconds
Number of updated asset objects reloaded before import = 0
Number of asset objects unloaded after import = 2
========================================================================
Received Import Request.
  Time since last request: 0.000026 seconds.
  path: Assets/Synty/PolygonGeneric/Materials/Generic_Water.mat
  artifactKey: Guid(c62164f02b7ce3049893d13d6256f145) Importer(815301076,1909f56bfc062723c751e8b465ee728b)
Start importing Assets/Synty/PolygonGeneric/Materials/Generic_Water.mat using Guid(c62164f02b7ce3049893d13d6256f145) Importer(815301076,1909f56bfc062723c751e8b465ee728b) [PhysX] Initialized MultithreadedTaskDispatcher with 12 workers.
[PhysX] Initialized MultithreadedTaskDispatcher with 12 workers.
 -> (artifact id: '1bdfa8563fedf17307fe65a11a82c3aa') in 0.514323 seconds
Number of updated asset objects reloaded before import = 0
Number of asset objects unloaded after import = 3
========================================================================
Received Import Request.
  Time since last request: 0.000028 seconds.
  path: Assets/Synty/PolygonGeneric/Materials/Generic_Dirt.mat
  artifactKey: Guid(a98a889207a454f48ab79b85673a9804) Importer(815301076,1909f56bfc062723c751e8b465ee728b)
Start importing Assets/Synty/PolygonGeneric/Materials/Generic_Dirt.mat using Guid(a98a889207a454f48ab79b85673a9804) Importer(815301076,1909f56bfc062723c751e8b465ee728b) [PhysX] Initialized MultithreadedTaskDispatcher with 12 workers.
[PhysX] Initialized MultithreadedTaskDispatcher with 12 workers.
 -> (artifact id: '8cfec55acb754cbc4bb76e1883595aae') in 0.055544 seconds
Number of updated asset objects reloaded before import = 0
Number of asset objects unloaded after import = 3
========================================================================
Received Import Request.
  Time since last request: 0.000018 seconds.
  path: Assets/Synty/PolygonGeneric/Materials/Generic_Water_Fade.mat
  artifactKey: Guid(f61df759b6660794fb5054dfbe7085c1) Importer(815301076,1909f56bfc062723c751e8b465ee728b)
Start importing Assets/Synty/PolygonGeneric/Materials/Generic_Water_Fade.mat using Guid(f61df759b6660794fb5054dfbe7085c1) Importer(815301076,1909f56bfc062723c751e8b465ee728b) [PhysX] Initialized MultithreadedTaskDispatcher with 12 workers.
[PhysX] Initialized MultithreadedTaskDispatcher with 12 workers.
 -> (artifact id: '2b21458696b77911b6f3cfee71718d97') in 0.302011 seconds
Number of updated asset objects reloaded before import = 0
Number of asset objects unloaded after import = 2
========================================================================
Received Import Request.
  Time since last request: 0.000670 seconds.
  path: Assets/Synty/PolygonGeneric/Materials/Generic_Road.mat
  artifactKey: Guid(03eccdb98fde9a1459e53b3b29f0a541) Importer(815301076,1909f56bfc062723c751e8b465ee728b)
Start importing Assets/Synty/PolygonGeneric/Materials/Generic_Road.mat using Guid(03eccdb98fde9a1459e53b3b29f0a541) Importer(815301076,1909f56bfc062723c751e8b465ee728b) [PhysX] Initialized MultithreadedTaskDispatcher with 12 workers.
[PhysX] Initialized MultithreadedTaskDispatcher with 12 workers.
 -> (artifact id: 'f0e94e14a99a4dad2b7d419deaa499f1') in 0.039465 seconds
Number of updated asset objects reloaded before import = 0
Number of asset objects unloaded after import = 2
========================================================================
Received Import Request.
  Time since last request: 44.575713 seconds.
  path: Assets/Synty/PolygonGeneric/Materials/Alts/Generic_01_C.mat
  artifactKey: Guid(56c2ce0e88ed0574e9e9a20150967a27) Importer(815301076,1909f56bfc062723c751e8b465ee728b)
Start importing Assets/Synty/PolygonGeneric/Materials/Alts/Generic_01_C.mat using Guid(56c2ce0e88ed0574e9e9a20150967a27) Importer(815301076,1909f56bfc062723c751e8b465ee728b) [PhysX] Initialized MultithreadedTaskDispatcher with 12 workers.
[PhysX] Initialized MultithreadedTaskDispatcher with 12 workers.
 -> (artifact id: 'c94d8f262047ca9981e85c6de337fff0') in 1.467742 seconds
Number of updated asset objects reloaded before import = 0
Number of asset objects unloaded after import = 5
========================================================================
Received Import Request.
  Time since last request: 0.000036 seconds.
  path: Assets/Synty/PolygonGeneric/Materials/Alts/Generic_02_C.mat
  artifactKey: Guid(e84b8831d3c6e2a41bea99b972582cd2) Importer(815301076,1909f56bfc062723c751e8b465ee728b)
Start importing Assets/Synty/PolygonGeneric/Materials/Alts/Generic_02_C.mat using Guid(e84b8831d3c6e2a41bea99b972582cd2) Importer(815301076,1909f56bfc062723c751e8b465ee728b) [PhysX] Initialized MultithreadedTaskDispatcher with 12 workers.
[PhysX] Initialized MultithreadedTaskDispatcher with 12 workers.
 -> (artifact id: 'ac707e4dc4c4ada2a75db678a216092e') in 0.564450 seconds
Number of updated asset objects reloaded before import = 0
Number of asset objects unloaded after import = 5
========================================================================
Received Import Request.
  Time since last request: 0.000064 seconds.
  path: Assets/Synty/PolygonGeneric/Materials/Alts/Generic_02_A.mat
  artifactKey: Guid(003a3ad6605dc2f4cbf121d8dafecb97) Importer(815301076,1909f56bfc062723c751e8b465ee728b)
Start importing Assets/Synty/PolygonGeneric/Materials/Alts/Generic_02_A.mat using Guid(003a3ad6605dc2f4cbf121d8dafecb97) Importer(815301076,1909f56bfc062723c751e8b465ee728b) [PhysX] Initialized MultithreadedTaskDispatcher with 12 workers.
[PhysX] Initialized MultithreadedTaskDispatcher with 12 workers.
 -> (artifact id: 'db234cf0feae107cb6885f708fcdab0d') in 0.589847 seconds
Number of updated asset objects reloaded before import = 0
Number of asset objects unloaded after import = 5
========================================================================
Received Import Request.
  Time since last request: 0.000036 seconds.
  path: Assets/Synty/PolygonGeneric/Materials/Alts/Generic_04_B.mat
  artifactKey: Guid(045fd5a88cadd6a468f27632c751c7b2) Importer(815301076,1909f56bfc062723c751e8b465ee728b)
Start importing Assets/Synty/PolygonGeneric/Materials/Alts/Generic_04_B.mat using Guid(045fd5a88cadd6a468f27632c751c7b2) Importer(815301076,1909f56bfc062723c751e8b465ee728b) [PhysX] Initialized MultithreadedTaskDispatcher with 12 workers.
[PhysX] Initialized MultithreadedTaskDispatcher with 12 workers.
 -> (artifact id: 'f9c0b8cead22bfa132678df18e332c37') in 0.506278 seconds
Number of updated asset objects reloaded before import = 0
Number of asset objects unloaded after import = 5
========================================================================
Received Import Request.
  Time since last request: 32.248621 seconds.
  path: Assets/Synty/PolygonGeneric/Models/SM_Gen_Prop_Chain_Anchor_01.fbx
  artifactKey: Guid(f2b369e830e6f2641be45f8086c9e9e3) Importer(815301076,1909f56bfc062723c751e8b465ee728b)
Start importing Assets/Synty/PolygonGeneric/Models/SM_Gen_Prop_Chain_Anchor_01.fbx using Guid(f2b369e830e6f2641be45f8086c9e9e3) Importer(815301076,1909f56bfc062723c751e8b465ee728b) [PhysX] Initialized MultithreadedTaskDispatcher with 12 workers.
[PhysX] Initialized MultithreadedTaskDispatcher with 12 workers.
[PhysX] Initialized MultithreadedTaskDispatcher with 12 workers.
 -> (artifact id: 'd8075f22996a168f8d253dd0dc77481b') in 0.023457 seconds
Number of updated asset objects reloaded before import = 0
Number of asset objects unloaded after import = 7
========================================================================
Received Import Request.
  Time since last request: 0.000022 seconds.
  path: Assets/Synty/PolygonGeneric/Models/SM_Gen_Prop_Coin_01.fbx
  artifactKey: Guid(ec9c085dd8c8f53438c59be2591ad260) Importer(815301076,1909f56bfc062723c751e8b465ee728b)
Start importing Assets/Synty/PolygonGeneric/Models/SM_Gen_Prop_Coin_01.fbx using Guid(ec9c085dd8c8f53438c59be2591ad260) Importer(815301076,1909f56bfc062723c751e8b465ee728b) [PhysX] Initialized MultithreadedTaskDispatcher with 12 workers.
[PhysX] Initialized MultithreadedTaskDispatcher with 12 workers.
[PhysX] Initialized MultithreadedTaskDispatcher with 12 workers.
 -> (artifact id: '3b68706922bf2561f42329c4ce13d1e4') in 0.023832 seconds
Number of updated asset objects reloaded before import = 0
Number of asset objects unloaded after import = 7
========================================================================
Received Import Request.
  Time since last request: 0.000025 seconds.
  path: Assets/Synty/PolygonGeneric/Models/SM_Gen_Prop_Chest_01.fbx
  artifactKey: Guid(5c477d5bbd0a52a4684e82987e4aa66a) Importer(815301076,1909f56bfc062723c751e8b465ee728b)
Start importing Assets/Synty/PolygonGeneric/Models/SM_Gen_Prop_Chest_01.fbx using Guid(5c477d5bbd0a52a4684e82987e4aa66a) Importer(815301076,1909f56bfc062723c751e8b465ee728b) [PhysX] Initialized MultithreadedTaskDispatcher with 12 workers.
[PhysX] Initialized MultithreadedTaskDispatcher with 12 workers.
[PhysX] Initialized MultithreadedTaskDispatcher with 12 workers.
[PhysX] Initialized MultithreadedTaskDispatcher with 12 workers.
[PhysX] Initialized MultithreadedTaskDispatcher with 12 workers.
[PhysX] Initialized MultithreadedTaskDispatcher with 12 workers.
 -> (artifact id: 'de721e71ade2dd76c9b1f8c6e9e1135f') in 0.062115 seconds
Number of updated asset objects reloaded before import = 0
Number of asset objects unloaded after import = 17
========================================================================
Received Import Request.
  Time since last request: 0.000049 seconds.
  path: Assets/Synty/PolygonGeneric/Models/SM_Gen_Prop_Coin_Stack_01.fbx
  artifactKey: Guid(6d16b7c335f433c488a1cc8d01145da5) Importer(815301076,1909f56bfc062723c751e8b465ee728b)
Start importing Assets/Synty/PolygonGeneric/Models/SM_Gen_Prop_Coin_Stack_01.fbx using Guid(6d16b7c335f433c488a1cc8d01145da5) Importer(815301076,1909f56bfc062723c751e8b465ee728b) [PhysX] Initialized MultithreadedTaskDispatcher with 12 workers.
[PhysX] Initialized MultithreadedTaskDispatcher with 12 workers.
[PhysX] Initialized MultithreadedTaskDispatcher with 12 workers.
 -> (artifact id: 'a95b8ca2682fea1cb4c654f86417570b') in 0.026231 seconds
Number of updated asset objects reloaded before import = 0
Number of asset objects unloaded after import = 7
========================================================================
Received Import Request.
  Time since last request: 0.000037 seconds.
  path: Assets/Synty/PolygonGeneric/Models/SM_Gen_Prop_Coin_Stack_02.fbx
  artifactKey: Guid(2f2804d620a7418488ab2e148845a010) Importer(815301076,1909f56bfc062723c751e8b465ee728b)
Start importing Assets/Synty/PolygonGeneric/Models/SM_Gen_Prop_Coin_Stack_02.fbx using Guid(2f2804d620a7418488ab2e148845a010) Importer(815301076,1909f56bfc062723c751e8b465ee728b) [PhysX] Initialized MultithreadedTaskDispatcher with 12 workers.
[PhysX] Initialized MultithreadedTaskDispatcher with 12 workers.
[PhysX] Initialized MultithreadedTaskDispatcher with 12 workers.
 -> (artifact id: 'b505ff2b5e9eb9d7fe2439d4b255942e') in 0.027412 seconds
Number of updated asset objects reloaded before import = 0
Number of asset objects unloaded after import = 7
========================================================================
Received Import Request.
  Time since last request: 0.000023 seconds.
  path: Assets/Synty/PolygonGeneric/Models/SM_Gen_Prop_Crate_01.fbx
  artifactKey: Guid(048fb867fc12ba3409840470fbc07d31) Importer(815301076,1909f56bfc062723c751e8b465ee728b)
Start importing Assets/Synty/PolygonGeneric/Models/SM_Gen_Prop_Crate_01.fbx using Guid(048fb867fc12ba3409840470fbc07d31) Importer(815301076,1909f56bfc062723c751e8b465ee728b) [PhysX] Initialized MultithreadedTaskDispatcher with 12 workers.
[PhysX] Initialized MultithreadedTaskDispatcher with 12 workers.
[PhysX] Initialized MultithreadedTaskDispatcher with 12 workers.
 -> (artifact id: 'c46486d8dd9bc38269dcebce40e16acf') in 0.021604 seconds
Number of updated asset objects reloaded before import = 0
Number of asset objects unloaded after import = 7
========================================================================
Received Import Request.
  Time since last request: 0.610737 seconds.
  path: Assets/Synty/PolygonGeneric/Models/SM_Gen_Prop_Food_Meat_01.fbx
  artifactKey: Guid(631b6f58e89f1af419b83b22a0753b90) Importer(815301076,1909f56bfc062723c751e8b465ee728b)
Start importing Assets/Synty/PolygonGeneric/Models/SM_Gen_Prop_Food_Meat_01.fbx using Guid(631b6f58e89f1af419b83b22a0753b90) Importer(815301076,1909f56bfc062723c751e8b465ee728b) [PhysX] Initialized MultithreadedTaskDispatcher with 12 workers.
[PhysX] Initialized MultithreadedTaskDispatcher with 12 workers.
[PhysX] Initialized MultithreadedTaskDispatcher with 12 workers.
 -> (artifact id: '7794e3702982dcd3a1f8889ef7edc7a7') in 0.020769 seconds
Number of updated asset objects reloaded before import = 0
Number of asset objects unloaded after import = 7
========================================================================
Received Import Request.
  Time since last request: 0.000015 seconds.
  path: Assets/Synty/PolygonGeneric/Models/SM_Gen_Prop_Food_Meat_06.fbx
  artifactKey: Guid(253edb8bcc16ef44f855d573e9e6b54a) Importer(815301076,1909f56bfc062723c751e8b465ee728b)
Start importing Assets/Synty/PolygonGeneric/Models/SM_Gen_Prop_Food_Meat_06.fbx using Guid(253edb8bcc16ef44f855d573e9e6b54a) Importer(815301076,1909f56bfc062723c751e8b465ee728b) [PhysX] Initialized MultithreadedTaskDispatcher with 12 workers.
[PhysX] Initialized MultithreadedTaskDispatcher with 12 workers.
[PhysX] Initialized MultithreadedTaskDispatcher with 12 workers.
 -> (artifact id: '332061a4cdabb566a3b3ae2072148857') in 0.019722 seconds
Number of updated asset objects reloaded before import = 0
Number of asset objects unloaded after import = 7
========================================================================
Received Import Request.
  Time since last request: 0.000018 seconds.
  path: Assets/Synty/PolygonGeneric/Models/SM_Gen_Prop_Food_Meat_04.fbx
  artifactKey: Guid(b4ec1ad2c700e094ea2fd39b20d8f3bc) Importer(815301076,1909f56bfc062723c751e8b465ee728b)
Start importing Assets/Synty/PolygonGeneric/Models/SM_Gen_Prop_Food_Meat_04.fbx using Guid(b4ec1ad2c700e094ea2fd39b20d8f3bc) Importer(815301076,1909f56bfc062723c751e8b465ee728b) [PhysX] Initialized MultithreadedTaskDispatcher with 12 workers.
[PhysX] Initialized MultithreadedTaskDispatcher with 12 workers.
[PhysX] Initialized MultithreadedTaskDispatcher with 12 workers.
 -> (artifact id: '76a995ac95cc759b2630568effe0e890') in 0.016943 seconds
Number of updated asset objects reloaded before import = 0
Number of asset objects unloaded after import = 7
========================================================================
Received Import Request.
  Time since last request: 0.129623 seconds.
  path: Assets/Synty/PolygonGeneric/Models/SM_Gen_Prop_Food_Vegetable_03.fbx
  artifactKey: Guid(76b4e03e86fa69f4cab2457fbce334a1) Importer(815301076,1909f56bfc062723c751e8b465ee728b)
Start importing Assets/Synty/PolygonGeneric/Models/SM_Gen_Prop_Food_Vegetable_03.fbx using Guid(76b4e03e86fa69f4cab2457fbce334a1) Importer(815301076,1909f56bfc062723c751e8b465ee728b) [PhysX] Initialized MultithreadedTaskDispatcher with 12 workers.
[PhysX] Initialized MultithreadedTaskDispatcher with 12 workers.
[PhysX] Initialized MultithreadedTaskDispatcher with 12 workers.
 -> (artifact id: 'b14797fc599c540fba76a541420fb0fd') in 0.016980 seconds
Number of updated asset objects reloaded before import = 0
Number of asset objects unloaded after import = 7
========================================================================
Received Import Request.
  Time since last request: 0.000021 seconds.
  path: Assets/Synty/PolygonGeneric/Models/SM_Gen_Prop_Food_Vegetable_05.fbx
  artifactKey: Guid(d4b5a1a76042bf649b2d38e5e7583545) Importer(815301076,1909f56bfc062723c751e8b465ee728b)
Start importing Assets/Synty/PolygonGeneric/Models/SM_Gen_Prop_Food_Vegetable_05.fbx using Guid(d4b5a1a76042bf649b2d38e5e7583545) Importer(815301076,1909f56bfc062723c751e8b465ee728b) [PhysX] Initialized MultithreadedTaskDispatcher with 12 workers.
[PhysX] Initialized MultithreadedTaskDispatcher with 12 workers.
[PhysX] Initialized MultithreadedTaskDispatcher with 12 workers.
 -> (artifact id: 'fc9f8b1f3a3a7f29fa39267cc28c4c51') in 0.018910 seconds
Number of updated asset objects reloaded before import = 0
Number of asset objects unloaded after import = 7
========================================================================
Received Import Request.
  Time since last request: 0.000025 seconds.
  path: Assets/Synty/PolygonGeneric/Models/SM_Gen_Prop_Food_Vegetable_04.fbx
  artifactKey: Guid(e17963f1b8841f44ba02858a1eea9f64) Importer(815301076,1909f56bfc062723c751e8b465ee728b)
Start importing Assets/Synty/PolygonGeneric/Models/SM_Gen_Prop_Food_Vegetable_04.fbx using Guid(e17963f1b8841f44ba02858a1eea9f64) Importer(815301076,1909f56bfc062723c751e8b465ee728b) [PhysX] Initialized MultithreadedTaskDispatcher with 12 workers.
[PhysX] Initialized MultithreadedTaskDispatcher with 12 workers.
[PhysX] Initialized MultithreadedTaskDispatcher with 12 workers.
 -> (artifact id: 'd64080c9851da605c9f7b5a88f071d41') in 0.017043 seconds
Number of updated asset objects reloaded before import = 0
Number of asset objects unloaded after import = 7
========================================================================
Received Import Request.
  Time since last request: 0.478757 seconds.
  path: Assets/Synty/PolygonGeneric/Models/SM_Gen_Prop_Lever_02.fbx
  artifactKey: Guid(dfe2fc6bfaf522845bc511492d159c85) Importer(815301076,1909f56bfc062723c751e8b465ee728b)
Start importing Assets/Synty/PolygonGeneric/Models/SM_Gen_Prop_Lever_02.fbx using Guid(dfe2fc6bfaf522845bc511492d159c85) Importer(815301076,1909f56bfc062723c751e8b465ee728b) [PhysX] Initialized MultithreadedTaskDispatcher with 12 workers.
[PhysX] Initialized MultithreadedTaskDispatcher with 12 workers.
[PhysX] Initialized MultithreadedTaskDispatcher with 12 workers.
[PhysX] Initialized MultithreadedTaskDispatcher with 12 workers.
[PhysX] Initialized MultithreadedTaskDispatcher with 12 workers.
 -> (artifact id: 'a898a87cde1e0299aa060b8588b2003f') in 0.026141 seconds
Number of updated asset objects reloaded before import = 0
Number of asset objects unloaded after import = 12
========================================================================
Received Import Request.
  Time since last request: 0.000018 seconds.
  path: Assets/Synty/PolygonGeneric/Models/SM_Gen_Prop_Light_Roof_03.fbx
  artifactKey: Guid(6471808f41fb09d41955906fed24b910) Importer(815301076,1909f56bfc062723c751e8b465ee728b)
Start importing Assets/Synty/PolygonGeneric/Models/SM_Gen_Prop_Light_Roof_03.fbx using Guid(6471808f41fb09d41955906fed24b910) Importer(815301076,1909f56bfc062723c751e8b465ee728b) [PhysX] Initialized MultithreadedTaskDispatcher with 12 workers.
[PhysX] Initialized MultithreadedTaskDispatcher with 12 workers.
[PhysX] Initialized MultithreadedTaskDispatcher with 12 workers.
 -> (artifact id: '22d9fde447bf7035bb552590d49eef30') in 0.017230 seconds
Number of updated asset objects reloaded before import = 0
Number of asset objects unloaded after import = 7
========================================================================
Received Import Request.
  Time since last request: 0.000024 seconds.
  path: Assets/Synty/PolygonGeneric/Models/SM_Gen_Prop_Light_Roof_01.fbx
  artifactKey: Guid(62e836387ef26db48ab8b5d4083f77ac) Importer(815301076,1909f56bfc062723c751e8b465ee728b)
Start importing Assets/Synty/PolygonGeneric/Models/SM_Gen_Prop_Light_Roof_01.fbx using Guid(62e836387ef26db48ab8b5d4083f77ac) Importer(815301076,1909f56bfc062723c751e8b465ee728b) [PhysX] Initialized MultithreadedTaskDispatcher with 12 workers.
[PhysX] Initialized MultithreadedTaskDispatcher with 12 workers.
[PhysX] Initialized MultithreadedTaskDispatcher with 12 workers.
 -> (artifact id: '29a0fbdde0af5faf8b75c06a6219ca56') in 0.018822 seconds
Number of updated asset objects reloaded before import = 0
Number of asset objects unloaded after import = 7
========================================================================
Received Import Request.
  Time since last request: 0.648447 seconds.
  path: Assets/Synty/PolygonGeneric/Models/SM_Gen_Prop_Papers_02.fbx
  artifactKey: Guid(b50efe9fbecd1064cad2d9ed71e9dd82) Importer(815301076,1909f56bfc062723c751e8b465ee728b)
Start importing Assets/Synty/PolygonGeneric/Models/SM_Gen_Prop_Papers_02.fbx using Guid(b50efe9fbecd1064cad2d9ed71e9dd82) Importer(815301076,1909f56bfc062723c751e8b465ee728b) [PhysX] Initialized MultithreadedTaskDispatcher with 12 workers.
[PhysX] Initialized MultithreadedTaskDispatcher with 12 workers.
[PhysX] Initialized MultithreadedTaskDispatcher with 12 workers.
 -> (artifact id: 'b99890bed2e8e6ca9eff66a5730fd761') in 0.021800 seconds
Number of updated asset objects reloaded before import = 0
Number of asset objects unloaded after import = 7
========================================================================
Received Import Request.
  Time since last request: 0.000018 seconds.
  path: Assets/Synty/PolygonGeneric/Models/SM_Gen_Prop_Papers_05.fbx
  artifactKey: Guid(43e409a2fa8c7dd43bf4107729b66685) Importer(815301076,1909f56bfc062723c751e8b465ee728b)
Start importing Assets/Synty/PolygonGeneric/Models/SM_Gen_Prop_Papers_05.fbx using Guid(43e409a2fa8c7dd43bf4107729b66685) Importer(815301076,1909f56bfc062723c751e8b465ee728b) [PhysX] Initialized MultithreadedTaskDispatcher with 12 workers.
[PhysX] Initialized MultithreadedTaskDispatcher with 12 workers.
[PhysX] Initialized MultithreadedTaskDispatcher with 12 workers.
 -> (artifact id: 'ad2bb2c9db66c81cfe3529595e8cfcad') in 0.019814 seconds
Number of updated asset objects reloaded before import = 0
Number of asset objects unloaded after import = 7
========================================================================
Received Import Request.
  Time since last request: 0.000017 seconds.
  path: Assets/Synty/PolygonGeneric/Models/SM_Gen_Prop_Papers_04.fbx
  artifactKey: Guid(10cd939a920e9ed4e9c468d6ba8ad903) Importer(815301076,1909f56bfc062723c751e8b465ee728b)
Start importing Assets/Synty/PolygonGeneric/Models/SM_Gen_Prop_Papers_04.fbx using Guid(10cd939a920e9ed4e9c468d6ba8ad903) Importer(815301076,1909f56bfc062723c751e8b465ee728b) [PhysX] Initialized MultithreadedTaskDispatcher with 12 workers.
[PhysX] Initialized MultithreadedTaskDispatcher with 12 workers.
[PhysX] Initialized MultithreadedTaskDispatcher with 12 workers.
 -> (artifact id: 'd3ed9658433c3cf174ef21e70333a49f') in 0.018921 seconds
Number of updated asset objects reloaded before import = 0
Number of asset objects unloaded after import = 7
========================================================================
Received Import Request.
  Time since last request: 0.063866 seconds.
  path: Assets/Synty/PolygonGeneric/Models/SM_Gen_Prop_Plinth_02.fbx
  artifactKey: Guid(26faea8082b43e64ebcc1750f7dbabde) Importer(815301076,1909f56bfc062723c751e8b465ee728b)
Start importing Assets/Synty/PolygonGeneric/Models/SM_Gen_Prop_Plinth_02.fbx using Guid(26faea8082b43e64ebcc1750f7dbabde) Importer(815301076,1909f56bfc062723c751e8b465ee728b) [PhysX] Initialized MultithreadedTaskDispatcher with 12 workers.
[PhysX] Initialized MultithreadedTaskDispatcher with 12 workers.
[PhysX] Initialized MultithreadedTaskDispatcher with 12 workers.
 -> (artifact id: '03e63132a48bef6223d4d92148fff868') in 0.019844 seconds
Number of updated asset objects reloaded before import = 0
Number of asset objects unloaded after import = 7
========================================================================
Received Import Request.
  Time since last request: 0.000024 seconds.
  path: Assets/Synty/PolygonGeneric/Models/SM_Gen_Prop_Pot_05.fbx
  artifactKey: Guid(d250b97469d42514cb950bb0012daa3f) Importer(815301076,1909f56bfc062723c751e8b465ee728b)
Start importing Assets/Synty/PolygonGeneric/Models/SM_Gen_Prop_Pot_05.fbx using Guid(d250b97469d42514cb950bb0012daa3f) Importer(815301076,1909f56bfc062723c751e8b465ee728b) [PhysX] Initialized MultithreadedTaskDispatcher with 12 workers.
[PhysX] Initialized MultithreadedTaskDispatcher with 12 workers.
[PhysX] Initialized MultithreadedTaskDispatcher with 12 workers.
 -> (artifact id: '601345d653648a745e636a8c32a1df69') in 0.020735 seconds
Number of updated asset objects reloaded before import = 0
Number of asset objects unloaded after import = 7
========================================================================
Received Import Request.
  Time since last request: 1.688783 seconds.
  path: Assets/Synty/PolygonGeneric/Models/SM_Gen_Prop_Rope_02.fbx
  artifactKey: Guid(a75dc211c5d6253499b43e51f5e4d620) Importer(815301076,1909f56bfc062723c751e8b465ee728b)
Start importing Assets/Synty/PolygonGeneric/Models/SM_Gen_Prop_Rope_02.fbx using Guid(a75dc211c5d6253499b43e51f5e4d620) Importer(815301076,1909f56bfc062723c751e8b465ee728b) [PhysX] Initialized MultithreadedTaskDispatcher with 12 workers.
[PhysX] Initialized MultithreadedTaskDispatcher with 12 workers.
[PhysX] Initialized MultithreadedTaskDispatcher with 12 workers.
 -> (artifact id: '62a9ad03b535711d2b5f8de7303833c9') in 0.021536 seconds
Number of updated asset objects reloaded before import = 0
Number of asset objects unloaded after import = 7
========================================================================
Received Import Request.
  Time since last request: 0.000016 seconds.
  path: Assets/Synty/PolygonGeneric/Models/SM_Gen_Prop_Rope_03.fbx
  artifactKey: Guid(e97fb4ac55ce3df488d5f8e472adcf13) Importer(815301076,1909f56bfc062723c751e8b465ee728b)
Start importing Assets/Synty/PolygonGeneric/Models/SM_Gen_Prop_Rope_03.fbx using Guid(e97fb4ac55ce3df488d5f8e472adcf13) Importer(815301076,1909f56bfc062723c751e8b465ee728b) [PhysX] Initialized MultithreadedTaskDispatcher with 12 workers.
[PhysX] Initialized MultithreadedTaskDispatcher with 12 workers.
[PhysX] Initialized MultithreadedTaskDispatcher with 12 workers.
 -> (artifact id: 'b0c6ad77be95f5f16f323cef5ba0fe29') in 0.022470 seconds
Number of updated asset objects reloaded before import = 0
Number of asset objects unloaded after import = 7
========================================================================
Received Import Request.
  Time since last request: 0.000020 seconds.
  path: Assets/Synty/PolygonGeneric/Models/SM_Gen_Prop_Rope_Knot_01.fbx
  artifactKey: Guid(74e4c20f8900ddb4eb09898ece5b8556) Importer(815301076,1909f56bfc062723c751e8b465ee728b)
Start importing Assets/Synty/PolygonGeneric/Models/SM_Gen_Prop_Rope_Knot_01.fbx using Guid(74e4c20f8900ddb4eb09898ece5b8556) Importer(815301076,1909f56bfc062723c751e8b465ee728b) [PhysX] Initialized MultithreadedTaskDispatcher with 12 workers.
[PhysX] Initialized MultithreadedTaskDispatcher with 12 workers.
[PhysX] Initialized MultithreadedTaskDispatcher with 12 workers.
 -> (artifact id: 'd90364cf3b3217e23ea5448c869b5dd0') in 0.027209 seconds
Number of updated asset objects reloaded before import = 0
Number of asset objects unloaded after import = 7
========================================================================
Received Import Request.
  Time since last request: 0.705227 seconds.
  path: Assets/Synty/PolygonGeneric/Models/SM_Gen_Prop_Sack_Stack_01.fbx
  artifactKey: Guid(404607ca2b0d5e443b9e51d64f0475a2) Importer(815301076,1909f56bfc062723c751e8b465ee728b)
Start importing Assets/Synty/PolygonGeneric/Models/SM_Gen_Prop_Sack_Stack_01.fbx using Guid(404607ca2b0d5e443b9e51d64f0475a2) Importer(815301076,1909f56bfc062723c751e8b465ee728b) [PhysX] Initialized MultithreadedTaskDispatcher with 12 workers.
[PhysX] Initialized MultithreadedTaskDispatcher with 12 workers.
[PhysX] Initialized MultithreadedTaskDispatcher with 12 workers.
 -> (artifact id: '4c18836938b8fb52a7172099749855d9') in 0.038470 seconds
Number of updated asset objects reloaded before import = 0
Number of asset objects unloaded after import = 7
========================================================================
Received Import Request.
  Time since last request: 0.000028 seconds.
  path: Assets/Synty/PolygonGeneric/Models/SM_Gen_Prop_Sack_Stack_02.fbx
  artifactKey: Guid(2cb013337622187458a8d2ee3f12daf7) Importer(815301076,1909f56bfc062723c751e8b465ee728b)
Start importing Assets/Synty/PolygonGeneric/Models/SM_Gen_Prop_Sack_Stack_02.fbx using Guid(2cb013337622187458a8d2ee3f12daf7) Importer(815301076,1909f56bfc062723c751e8b465ee728b) [PhysX] Initialized MultithreadedTaskDispatcher with 12 workers.
[PhysX] Initialized MultithreadedTaskDispatcher with 12 workers.
[PhysX] Initialized MultithreadedTaskDispatcher with 12 workers.
 -> (artifact id: 'bace4e192553c1a9a82119c38c60376d') in 0.025778 seconds
Number of updated asset objects reloaded before import = 0
Number of asset objects unloaded after import = 7
========================================================================
Received Import Request.
  Time since last request: 0.201565 seconds.
  path: Assets/Synty/PolygonGeneric/Models/SM_Gen_Prop_Statue_02.fbx
  artifactKey: Guid(8ff307f58120ad041bc319d527b9f166) Importer(815301076,1909f56bfc062723c751e8b465ee728b)
Start importing Assets/Synty/PolygonGeneric/Models/SM_Gen_Prop_Statue_02.fbx using Guid(8ff307f58120ad041bc319d527b9f166) Importer(815301076,1909f56bfc062723c751e8b465ee728b) [PhysX] Initialized MultithreadedTaskDispatcher with 12 workers.
[PhysX] Initialized MultithreadedTaskDispatcher with 12 workers.
[PhysX] Initialized MultithreadedTaskDispatcher with 12 workers.
 -> (artifact id: '62dd04d8309ae887defa1424516c9e50') in 0.020339 seconds
Number of updated asset objects reloaded before import = 0
Number of asset objects unloaded after import = 7
========================================================================
Received Import Request.
  Time since last request: 0.000020 seconds.
  path: Assets/Synty/PolygonGeneric/Models/SM_Gen_Prop_Statue_04.fbx
  artifactKey: Guid(6db0449b3d906094386af8750ab1644b) Importer(815301076,1909f56bfc062723c751e8b465ee728b)
Start importing Assets/Synty/PolygonGeneric/Models/SM_Gen_Prop_Statue_04.fbx using Guid(6db0449b3d906094386af8750ab1644b) Importer(815301076,1909f56bfc062723c751e8b465ee728b) [PhysX] Initialized MultithreadedTaskDispatcher with 12 workers.
[PhysX] Initialized MultithreadedTaskDispatcher with 12 workers.
[PhysX] Initialized MultithreadedTaskDispatcher with 12 workers.
 -> (artifact id: '93d6fbca2c46903bbac02ee4170c12e3') in 0.018384 seconds
Number of updated asset objects reloaded before import = 0
Number of asset objects unloaded after import = 7
========================================================================
Received Import Request.
  Time since last request: 0.000018 seconds.
  path: Assets/Synty/PolygonGeneric/Models/SM_Gen_Prop_Statue_03.fbx
  artifactKey: Guid(45a42c78c4b51b747b9d1feb05713a76) Importer(815301076,1909f56bfc062723c751e8b465ee728b)
Start importing Assets/Synty/PolygonGeneric/Models/SM_Gen_Prop_Statue_03.fbx using Guid(45a42c78c4b51b747b9d1feb05713a76) Importer(815301076,1909f56bfc062723c751e8b465ee728b) [PhysX] Initialized MultithreadedTaskDispatcher with 12 workers.
[PhysX] Initialized MultithreadedTaskDispatcher with 12 workers.
[PhysX] Initialized MultithreadedTaskDispatcher with 12 workers.
 -> (artifact id: '978ae6d37b3f4bb88094c8a546ca510d') in 0.021673 seconds
Number of updated asset objects reloaded before import = 0
Number of asset objects unloaded after import = 7
========================================================================
Received Import Request.
  Time since last request: 0.635905 seconds.
  path: Assets/Synty/PolygonGeneric/Models/SM_Gen_Wep_Spade_01.fbx
  artifactKey: Guid(42ef36c66f938ca4992796f01d67819f) Importer(815301076,1909f56bfc062723c751e8b465ee728b)
Start importing Assets/Synty/PolygonGeneric/Models/SM_Gen_Wep_Spade_01.fbx using Guid(42ef36c66f938ca4992796f01d67819f) Importer(815301076,1909f56bfc062723c751e8b465ee728b) [PhysX] Initialized MultithreadedTaskDispatcher with 12 workers.
[PhysX] Initialized MultithreadedTaskDispatcher with 12 workers.
[PhysX] Initialized MultithreadedTaskDispatcher with 12 workers.
 -> (artifact id: 'fd2cc8c838a27a237beabf3633fe3f1d') in 0.019425 seconds
Number of updated asset objects reloaded before import = 0
Number of asset objects unloaded after import = 7
========================================================================
Received Import Request.
  Time since last request: 23.422274 seconds.
  path: Assets/Synty/PolygonGeneric/Models/Base/SM_Bld_Base_Pillar_Half_05.fbx
  artifactKey: Guid(9c6c3d58651bd4940bdb6dc513d4973a) Importer(815301076,1909f56bfc062723c751e8b465ee728b)
Start importing Assets/Synty/PolygonGeneric/Models/Base/SM_Bld_Base_Pillar_Half_05.fbx using Guid(9c6c3d58651bd4940bdb6dc513d4973a) Importer(815301076,1909f56bfc062723c751e8b465ee728b) [PhysX] Initialized MultithreadedTaskDispatcher with 12 workers.
[PhysX] Initialized MultithreadedTaskDispatcher with 12 workers.
[PhysX] Initialized MultithreadedTaskDispatcher with 12 workers.
 -> (artifact id: 'f79fdc7413e4e44ddee2fa3c65c31372') in 0.022195 seconds
Number of updated asset objects reloaded before import = 0
Number of asset objects unloaded after import = 7
========================================================================
Received Import Request.
  Time since last request: 0.000023 seconds.
  path: Assets/Synty/PolygonGeneric/Models/Base/SM_Bld_Base_Roof_Cap_Angle_01.fbx
  artifactKey: Guid(b1c30651dfe9f6a47b945ba950491730) Importer(815301076,1909f56bfc062723c751e8b465ee728b)
Start importing Assets/Synty/PolygonGeneric/Models/Base/SM_Bld_Base_Roof_Cap_Angle_01.fbx using Guid(b1c30651dfe9f6a47b945ba950491730) Importer(815301076,1909f56bfc062723c751e8b465ee728b) [PhysX] Initialized MultithreadedTaskDispatcher with 12 workers.
[PhysX] Initialized MultithreadedTaskDispatcher with 12 workers.
[PhysX] Initialized MultithreadedTaskDispatcher with 12 workers.
 -> (artifact id: 'dede359a2dc1945bf4c057df8574b7e0') in 0.027754 seconds
Number of updated asset objects reloaded before import = 0
Number of asset objects unloaded after import = 7
========================================================================
Received Import Request.
  Time since last request: 1.298704 seconds.
  path: Assets/Synty/PolygonGeneric/Models/Base/Collision/SM_Bld_Base_Wall_Angle_01_Collision.fbx
  artifactKey: Guid(18e5bc57d3f110a42a508fc3e1ec4f53) Importer(815301076,1909f56bfc062723c751e8b465ee728b)
Start importing Assets/Synty/PolygonGeneric/Models/Base/Collision/SM_Bld_Base_Wall_Angle_01_Collision.fbx using Guid(18e5bc57d3f110a42a508fc3e1ec4f53) Importer(815301076,1909f56bfc062723c751e8b465ee728b) [PhysX] Initialized MultithreadedTaskDispatcher with 12 workers.
[PhysX] Initialized MultithreadedTaskDispatcher with 12 workers.
[PhysX] Initialized MultithreadedTaskDispatcher with 12 workers.
 -> (artifact id: 'ab162f3a6a45b2617c792415cb96ca44') in 0.025971 seconds
Number of updated asset objects reloaded before import = 0
Number of asset objects unloaded after import = 7
========================================================================
Received Import Request.
  Time since last request: 0.000016 seconds.
  path: Assets/Synty/PolygonGeneric/Models/Base/Collision/SM_Bld_Base_Wall_Door_Large_01_Collision.fbx
  artifactKey: Guid(1c1a1dd0e454d3049a7419e321969ae1) Importer(815301076,1909f56bfc062723c751e8b465ee728b)
Start importing Assets/Synty/PolygonGeneric/Models/Base/Collision/SM_Bld_Base_Wall_Door_Large_01_Collision.fbx using Guid(1c1a1dd0e454d3049a7419e321969ae1) Importer(815301076,1909f56bfc062723c751e8b465ee728b) [PhysX] Initialized MultithreadedTaskDispatcher with 12 workers.
[PhysX] Initialized MultithreadedTaskDispatcher with 12 workers.
[PhysX] Initialized MultithreadedTaskDispatcher with 12 workers.
 -> (artifact id: '8004627e81de561f4593f18a89f5cca8') in 0.027852 seconds
Number of updated asset objects reloaded before import = 0
Number of asset objects unloaded after import = 7
========================================================================
Received Import Request.
  Time since last request: 4.358128 seconds.
  path: Assets/Synty/PolygonGeneric/Models/Collision/SM_Gen_Prop_Barrel_Metal_03_Convex.asset
  artifactKey: Guid(b7983411811cb6b4cb9291138face510) Importer(815301076,1909f56bfc062723c751e8b465ee728b)
Start importing Assets/Synty/PolygonGeneric/Models/Collision/SM_Gen_Prop_Barrel_Metal_03_Convex.asset using Guid(b7983411811cb6b4cb9291138face510) Importer(815301076,1909f56bfc062723c751e8b465ee728b) [PhysX] Initialized MultithreadedTaskDispatcher with 12 workers.
[PhysX] Initialized MultithreadedTaskDispatcher with 12 workers.
 -> (artifact id: '55bc9d44cd0b1ca094fba7f30184f20e') in 0.013540 seconds
Number of updated asset objects reloaded before import = 0
Number of asset objects unloaded after import = 2
========================================================================
Received Import Request.
  Time since last request: 0.000016 seconds.
  path: Assets/Synty/PolygonGeneric/Models/Collision/SM_Gen_Prop_Coin_01_Convex.asset
  artifactKey: Guid(4c6fd259cd2ceac4c81c9abe025d1423) Importer(815301076,1909f56bfc062723c751e8b465ee728b)
Start importing Assets/Synty/PolygonGeneric/Models/Collision/SM_Gen_Prop_Coin_01_Convex.asset using Guid(4c6fd259cd2ceac4c81c9abe025d1423) Importer(815301076,1909f56bfc062723c751e8b465ee728b) [PhysX] Initialized MultithreadedTaskDispatcher with 12 workers.
[PhysX] Initialized MultithreadedTaskDispatcher with 12 workers.
 -> (artifact id: '1e252f00b8b5e6746ea024689091aed2') in 0.105152 seconds
Number of updated asset objects reloaded before import = 0
Number of asset objects unloaded after import = 2
========================================================================
Received Import Request.
  Time since last request: 0.000025 seconds.
  path: Assets/Synty/PolygonGeneric/Models/Collision/SM_Gen_Prop_Bottle_03_Convex.asset
  artifactKey: Guid(57fddeaaa0283074b90cad4d00e5eb21) Importer(815301076,1909f56bfc062723c751e8b465ee728b)
Start importing Assets/Synty/PolygonGeneric/Models/Collision/SM_Gen_Prop_Bottle_03_Convex.asset using Guid(57fddeaaa0283074b90cad4d00e5eb21) Importer(815301076,1909f56bfc062723c751e8b465ee728b) [PhysX] Initialized MultithreadedTaskDispatcher with 12 workers.
[PhysX] Initialized MultithreadedTaskDispatcher with 12 workers.
 -> (artifact id: '632ccf4aaf07bfec0f2d8f166af65b7d') in 0.057317 seconds
Number of updated asset objects reloaded before import = 0
Number of asset objects unloaded after import = 2
========================================================================
Received Import Request.
  Time since last request: 0.000028 seconds.
  path: Assets/Synty/PolygonGeneric/Models/Collision/SM_Gen_Prop_Chain_Anchor_01_Convex.asset
  artifactKey: Guid(457a576e8a68c754f9167395ef5f8957) Importer(815301076,1909f56bfc062723c751e8b465ee728b)
Start importing Assets/Synty/PolygonGeneric/Models/Collision/SM_Gen_Prop_Chain_Anchor_01_Convex.asset using Guid(457a576e8a68c754f9167395ef5f8957) Importer(815301076,1909f56bfc062723c751e8b465ee728b) [PhysX] Initialized MultithreadedTaskDispatcher with 12 workers.
[PhysX] Initialized MultithreadedTaskDispatcher with 12 workers.
 -> (artifact id: 'faee875961ff318e526c8745104718aa') in 0.014468 seconds
Number of updated asset objects reloaded before import = 0
Number of asset objects unloaded after import = 2
========================================================================
Received Import Request.
  Time since last request: 0.000018 seconds.
  path: Assets/Synty/PolygonGeneric/Models/Collision/SM_Gen_Prop_Bottle_02_Convex.asset
  artifactKey: Guid(35ec4c342b19dcf4db7d7acf9cf2530a) Importer(815301076,1909f56bfc062723c751e8b465ee728b)
Start importing Assets/Synty/PolygonGeneric/Models/Collision/SM_Gen_Prop_Bottle_02_Convex.asset using Guid(35ec4c342b19dcf4db7d7acf9cf2530a) Importer(815301076,1909f56bfc062723c751e8b465ee728b) [PhysX] Initialized MultithreadedTaskDispatcher with 12 workers.
[PhysX] Initialized MultithreadedTaskDispatcher with 12 workers.
 -> (artifact id: '58d22ac50b14ea5c9a0ca2a5eae36227') in 0.014517 seconds
Number of updated asset objects reloaded before import = 0
Number of asset objects unloaded after import = 2
========================================================================
Received Import Request.
  Time since last request: 0.000018 seconds.
  path: Assets/Synty/PolygonGeneric/Models/Collision/SM_Gen_Prop_Coin_Stack_02_Convex.asset
  artifactKey: Guid(d0fb66ff63dbd3941b01dcd3c396786f) Importer(815301076,1909f56bfc062723c751e8b465ee728b)
Start importing Assets/Synty/PolygonGeneric/Models/Collision/SM_Gen_Prop_Coin_Stack_02_Convex.asset using Guid(d0fb66ff63dbd3941b01dcd3c396786f) Importer(815301076,1909f56bfc062723c751e8b465ee728b) [PhysX] Initialized MultithreadedTaskDispatcher with 12 workers.
[PhysX] Initialized MultithreadedTaskDispatcher with 12 workers.
 -> (artifact id: 'ec71221818e121e4a1f80988b734195b') in 0.014900 seconds
Number of updated asset objects reloaded before import = 0
Number of asset objects unloaded after import = 2
========================================================================
Received Import Request.
  Time since last request: 0.000017 seconds.
  path: Assets/Synty/PolygonGeneric/Models/Collision/SM_Gen_Prop_Barrel_Wood_01_Convex.asset
  artifactKey: Guid(12d2e2d5de69eec4ab290341ad1534f3) Importer(815301076,1909f56bfc062723c751e8b465ee728b)
Start importing Assets/Synty/PolygonGeneric/Models/Collision/SM_Gen_Prop_Barrel_Wood_01_Convex.asset using Guid(12d2e2d5de69eec4ab290341ad1534f3) Importer(815301076,1909f56bfc062723c751e8b465ee728b) [PhysX] Initialized MultithreadedTaskDispatcher with 12 workers.
[PhysX] Initialized MultithreadedTaskDispatcher with 12 workers.
 -> (artifact id: 'aeb0c81621c12a8ca8df2bb14d161922') in 0.012677 seconds
Number of updated asset objects reloaded before import = 0
Number of asset objects unloaded after import = 2
========================================================================
Received Import Request.
  Time since last request: 0.000017 seconds.
  path: Assets/Synty/PolygonGeneric/Models/Collision/SM_Gen_Prop_Coin_Pile_01_Convex.asset
  artifactKey: Guid(290945841a81e374a8f11d90ded2c639) Importer(815301076,1909f56bfc062723c751e8b465ee728b)
Start importing Assets/Synty/PolygonGeneric/Models/Collision/SM_Gen_Prop_Coin_Pile_01_Convex.asset using Guid(290945841a81e374a8f11d90ded2c639) Importer(815301076,1909f56bfc062723c751e8b465ee728b) [PhysX] Initialized MultithreadedTaskDispatcher with 12 workers.
[PhysX] Initialized MultithreadedTaskDispatcher with 12 workers.
 -> (artifact id: '13f0b098f942072f51fcbd30d80e498f') in 0.012538 seconds
Number of updated asset objects reloaded before import = 0
Number of asset objects unloaded after import = 2
========================================================================
Received Import Request.
  Time since last request: 0.000016 seconds.
  path: Assets/Synty/PolygonGeneric/Models/Collision/SM_Gen_Prop_Food_Meat_02_Convex.asset
  artifactKey: Guid(62179a974b8b1f746a163ac58f9583e6) Importer(815301076,1909f56bfc062723c751e8b465ee728b)
Start importing Assets/Synty/PolygonGeneric/Models/Collision/SM_Gen_Prop_Food_Meat_02_Convex.asset using Guid(62179a974b8b1f746a163ac58f9583e6) Importer(815301076,1909f56bfc062723c751e8b465ee728b) [PhysX] Initialized MultithreadedTaskDispatcher with 12 workers.
[PhysX] Initialized MultithreadedTaskDispatcher with 12 workers.
 -> (artifact id: 'c1e1a43fb2778a695e32ec16cf18db81') in 0.012280 seconds
Number of updated asset objects reloaded before import = 0
Number of asset objects unloaded after import = 2
========================================================================
Received Import Request.
  Time since last request: 0.000029 seconds.
  path: Assets/Synty/PolygonGeneric/Models/Collision/SM_Gen_Prop_Chest_01_Convex 1.asset
  artifactKey: Guid(9df54d67cfaf8334491149cbc4b947fe) Importer(815301076,1909f56bfc062723c751e8b465ee728b)
Start importing Assets/Synty/PolygonGeneric/Models/Collision/SM_Gen_Prop_Chest_01_Convex 1.asset using Guid(9df54d67cfaf8334491149cbc4b947fe) Importer(815301076,1909f56bfc062723c751e8b465ee728b) [PhysX] Initialized MultithreadedTaskDispatcher with 12 workers.
[PhysX] Initialized MultithreadedTaskDispatcher with 12 workers.
 -> (artifact id: 'ac607cfc356c63dd4bbfc0c73f7eb573') in 0.014888 seconds
Number of updated asset objects reloaded before import = 0
Number of asset objects unloaded after import = 2
========================================================================
Received Import Request.
  Time since last request: 0.000018 seconds.
  path: Assets/Synty/PolygonGeneric/Models/Collision/SM_Gen_Prop_Bottle_01_Convex.asset
  artifactKey: Guid(f730a592a9adf8647861dd24b5dfadd7) Importer(815301076,1909f56bfc062723c751e8b465ee728b)
Start importing Assets/Synty/PolygonGeneric/Models/Collision/SM_Gen_Prop_Bottle_01_Convex.asset using Guid(f730a592a9adf8647861dd24b5dfadd7) Importer(815301076,1909f56bfc062723c751e8b465ee728b) [PhysX] Initialized MultithreadedTaskDispatcher with 12 workers.
[PhysX] Initialized MultithreadedTaskDispatcher with 12 workers.
 -> (artifact id: '12037efbf8591ec6833195a4f0538fe1') in 0.011858 seconds
Number of updated asset objects reloaded before import = 0
Number of asset objects unloaded after import = 2
========================================================================
Received Import Request.
  Time since last request: 0.000022 seconds.
  path: Assets/Synty/PolygonGeneric/Models/Collision/SM_Gen_Prop_Food_Vegetable_04_Convex.asset
  artifactKey: Guid(1aa4ae7bc654b644facdb3fce23c0979) Importer(815301076,1909f56bfc062723c751e8b465ee728b)
Start importing Assets/Synty/PolygonGeneric/Models/Collision/SM_Gen_Prop_Food_Vegetable_04_Convex.asset using Guid(1aa4ae7bc654b644facdb3fce23c0979) Importer(815301076,1909f56bfc062723c751e8b465ee728b) [PhysX] Initialized MultithreadedTaskDispatcher with 12 workers.
[PhysX] Initialized MultithreadedTaskDispatcher with 12 workers.
 -> (artifact id: 'd47e0a3f6f0108a1239a831f99655340') in 0.013573 seconds
Number of updated asset objects reloaded before import = 0
Number of asset objects unloaded after import = 2
========================================================================
Received Import Request.
  Time since last request: 0.755296 seconds.
  path: Assets/Synty/PolygonGeneric/Models/Collision/SM_Gen_Prop_Keypad_01_Convex.asset
  artifactKey: Guid(a140d851faeaf5c4eaf3e5e10d8148b7) Importer(815301076,1909f56bfc062723c751e8b465ee728b)
Start importing Assets/Synty/PolygonGeneric/Models/Collision/SM_Gen_Prop_Keypad_01_Convex.asset using Guid(a140d851faeaf5c4eaf3e5e10d8148b7) Importer(815301076,1909f56bfc062723c751e8b465ee728b) [PhysX] Initialized MultithreadedTaskDispatcher with 12 workers.
[PhysX] Initialized MultithreadedTaskDispatcher with 12 workers.
 -> (artifact id: '24fbc019a8d08e2eb5b49a4dcbc6a008') in 0.014554 seconds
Number of updated asset objects reloaded before import = 0
Number of asset objects unloaded after import = 2
========================================================================
Received Import Request.
  Time since last request: 0.000016 seconds.
  path: Assets/Synty/PolygonGeneric/Models/Collision/SM_Gen_Prop_Light_Wall_01_Convex.asset
  artifactKey: Guid(123b78afaaf6e2b4daa717f288965c40) Importer(815301076,1909f56bfc062723c751e8b465ee728b)
Start importing Assets/Synty/PolygonGeneric/Models/Collision/SM_Gen_Prop_Light_Wall_01_Convex.asset using Guid(123b78afaaf6e2b4daa717f288965c40) Importer(815301076,1909f56bfc062723c751e8b465ee728b) [PhysX] Initialized MultithreadedTaskDispatcher with 12 workers.
[PhysX] Initialized MultithreadedTaskDispatcher with 12 workers.
 -> (artifact id: '8d3068d8e0d2002a30636e9630640b81') in 0.014485 seconds
Number of updated asset objects reloaded before import = 0
Number of asset objects unloaded after import = 2
========================================================================
Received Import Request.
  Time since last request: 0.000017 seconds.
  path: Assets/Synty/PolygonGeneric/Models/Collision/SM_Gen_Prop_Lever_02_Convex.asset
  artifactKey: Guid(efbe6e908433af14aad1f00ed2e5fbb2) Importer(815301076,1909f56bfc062723c751e8b465ee728b)
Start importing Assets/Synty/PolygonGeneric/Models/Collision/SM_Gen_Prop_Lever_02_Convex.asset using Guid(efbe6e908433af14aad1f00ed2e5fbb2) Importer(815301076,1909f56bfc062723c751e8b465ee728b) [PhysX] Initialized MultithreadedTaskDispatcher with 12 workers.
[PhysX] Initialized MultithreadedTaskDispatcher with 12 workers.
 -> (artifact id: '2a0e22e3836445f328ef72eb6017d2a5') in 0.016091 seconds
Number of updated asset objects reloaded before import = 0
Number of asset objects unloaded after import = 2
========================================================================
Received Import Request.
  Time since last request: 0.014751 seconds.
  path: Assets/Synty/PolygonGeneric/Models/Collision/SM_Gen_Prop_Pot_03_Convex.asset
  artifactKey: Guid(970014480ddd38749910bc5cf963a198) Importer(815301076,1909f56bfc062723c751e8b465ee728b)
Start importing Assets/Synty/PolygonGeneric/Models/Collision/SM_Gen_Prop_Pot_03_Convex.asset using Guid(970014480ddd38749910bc5cf963a198) Importer(815301076,1909f56bfc062723c751e8b465ee728b) [PhysX] Initialized MultithreadedTaskDispatcher with 12 workers.
[PhysX] Initialized MultithreadedTaskDispatcher with 12 workers.
 -> (artifact id: '45b88b7442c641d1d9f968b4cd2c33e8') in 0.011988 seconds
Number of updated asset objects reloaded before import = 0
Number of asset objects unloaded after import = 2
========================================================================
Received Import Request.
  Time since last request: 0.000015 seconds.
  path: Assets/Synty/PolygonGeneric/Models/Collision/SM_Gen_Prop_Statue_04_Convex.asset
  artifactKey: Guid(6903800ce71f20a4db2396ccca1b7594) Importer(815301076,1909f56bfc062723c751e8b465ee728b)
Start importing Assets/Synty/PolygonGeneric/Models/Collision/SM_Gen_Prop_Statue_04_Convex.asset using Guid(6903800ce71f20a4db2396ccca1b7594) Importer(815301076,1909f56bfc062723c751e8b465ee728b) [PhysX] Initialized MultithreadedTaskDispatcher with 12 workers.
[PhysX] Initialized MultithreadedTaskDispatcher with 12 workers.
[PhysX] Initialized MultithreadedTaskDispatcher with 12 workers.
[PhysX] Initialized MultithreadedTaskDispatcher with 12 workers.
[PhysX] Initialized MultithreadedTaskDispatcher with 12 workers.
[PhysX] Initialized MultithreadedTaskDispatcher with 12 workers.
 -> (artifact id: 'ed15cbc6d979b71715b44946923f4b70') in 0.032197 seconds
Number of updated asset objects reloaded before import = 0
Number of asset objects unloaded after import = 6
========================================================================
Received Import Request.
  Time since last request: 0.000019 seconds.
  path: Assets/Synty/PolygonGeneric/Models/Collision/SM_Gen_Prop_Statue_01_Convex 1.asset
  artifactKey: Guid(e09f561ce3c65924c9ce9c2be2d8a1d1) Importer(815301076,1909f56bfc062723c751e8b465ee728b)
Start importing Assets/Synty/PolygonGeneric/Models/Collision/SM_Gen_Prop_Statue_01_Convex 1.asset using Guid(e09f561ce3c65924c9ce9c2be2d8a1d1) Importer(815301076,1909f56bfc062723c751e8b465ee728b) [PhysX] Initialized MultithreadedTaskDispatcher with 12 workers.
[PhysX] Initialized MultithreadedTaskDispatcher with 12 workers.
[PhysX] Initialized MultithreadedTaskDispatcher with 12 workers.
[PhysX] Initialized MultithreadedTaskDispatcher with 12 workers.
[PhysX] Initialized MultithreadedTaskDispatcher with 12 workers.
[PhysX] Initialized MultithreadedTaskDispatcher with 12 workers.
[PhysX] Initialized MultithreadedTaskDispatcher with 12 workers.
 -> (artifact id: '1fce4d324b9e4eac089c4244f2f80fee') in 0.033393 seconds
Number of updated asset objects reloaded before import = 0
Number of asset objects unloaded after import = 7
========================================================================
Received Import Request.
  Time since last request: 3.058899 seconds.
  path: Assets/Synty/PolygonGeneric/Models/FX/FX_Plane_01.fbx
  artifactKey: Guid(a7f537fc35d1493ba1f5e9f7bd6b87c5) Importer(815301076,1909f56bfc062723c751e8b465ee728b)
Start importing Assets/Synty/PolygonGeneric/Models/FX/FX_Plane_01.fbx using Guid(a7f537fc35d1493ba1f5e9f7bd6b87c5) Importer(815301076,1909f56bfc062723c751e8b465ee728b) [PhysX] Initialized MultithreadedTaskDispatcher with 12 workers.
[PhysX] Initialized MultithreadedTaskDispatcher with 12 workers.
[PhysX] Initialized MultithreadedTaskDispatcher with 12 workers.
 -> (artifact id: '1397c5a46049cc53fe086613fab7dd36') in 0.035202 seconds
Number of updated asset objects reloaded before import = 0
Number of asset objects unloaded after import = 7
========================================================================
Received Import Request.
  Time since last request: 0.000016 seconds.
  path: Assets/Synty/PolygonGeneric/Models/FX/FX_Sphere_Small_01.fbx
  artifactKey: Guid(50432b8396559be42a968fbaea6caa66) Importer(815301076,1909f56bfc062723c751e8b465ee728b)
Start importing Assets/Synty/PolygonGeneric/Models/FX/FX_Sphere_Small_01.fbx using Guid(50432b8396559be42a968fbaea6caa66) Importer(815301076,1909f56bfc062723c751e8b465ee728b) [PhysX] Initialized MultithreadedTaskDispatcher with 12 workers.
[PhysX] Initialized MultithreadedTaskDispatcher with 12 workers.
[PhysX] Initialized MultithreadedTaskDispatcher with 12 workers.
 -> (artifact id: '5f9db7f487ec01f796a5db8153d535f4') in 0.034041 seconds
Number of updated asset objects reloaded before import = 0
Number of asset objects unloaded after import = 7
========================================================================
Received Import Request.
  Time since last request: 0.000018 seconds.
  path: Assets/Synty/PolygonGeneric/Models/FX/FX_SunShafts_01.fbx
  artifactKey: Guid(55634147778e40cda3f1132709fbc7e7) Importer(815301076,1909f56bfc062723c751e8b465ee728b)
Start importing Assets/Synty/PolygonGeneric/Models/FX/FX_SunShafts_01.fbx using Guid(55634147778e40cda3f1132709fbc7e7) Importer(815301076,1909f56bfc062723c751e8b465ee728b) [PhysX] Initialized MultithreadedTaskDispatcher with 12 workers.
[PhysX] Initialized MultithreadedTaskDispatcher with 12 workers.
[PhysX] Initialized MultithreadedTaskDispatcher with 12 workers.
[PhysX] Initialized MultithreadedTaskDispatcher with 12 workers.
 -> (artifact id: 'c96545c4963cb9ee05d74b14564f2f61') in 0.029056 seconds
Number of updated asset objects reloaded before import = 0
Number of asset objects unloaded after import = 8
========================================================================
Received Import Request.
  Time since last request: 74.590711 seconds.
  path: Assets/Synty/PolygonSciFiCity/Prefabs/Buildings/SM_Bld_Advanced_02.prefab
  artifactKey: Guid(6c47e359451615e409f3d203232f5ee5) Importer(815301076,1909f56bfc062723c751e8b465ee728b)
Start importing Assets/Synty/PolygonSciFiCity/Prefabs/Buildings/SM_Bld_Advanced_02.prefab using Guid(6c47e359451615e409f3d203232f5ee5) Importer(815301076,1909f56bfc062723c751e8b465ee728b) [PhysX] Initialized MultithreadedTaskDispatcher with 12 workers.
[PhysX] Initialized MultithreadedTaskDispatcher with 12 workers.
 -> (artifact id: '108a99674baf7631294808be91e652b9') in 0.236459 seconds
Number of updated asset objects reloaded before import = 0
Number of asset objects unloaded after import = 13
========================================================================
Received Import Request.
  Time since last request: 0.000036 seconds.
  path: Assets/Synty/PolygonSciFiCity/Prefabs/Buildings/SM_Bld_Background_Small_04.prefab
  artifactKey: Guid(98be61c6635b7784aa91fcee4f0df5ff) Importer(815301076,1909f56bfc062723c751e8b465ee728b)
Start importing Assets/Synty/PolygonSciFiCity/Prefabs/Buildings/SM_Bld_Background_Small_04.prefab using Guid(98be61c6635b7784aa91fcee4f0df5ff) Importer(815301076,1909f56bfc062723c751e8b465ee728b) [PhysX] Initialized MultithreadedTaskDispatcher with 12 workers.
[PhysX] Initialized MultithreadedTaskDispatcher with 12 workers.
 -> (artifact id: '6cfb359dad17cc03379a0c26cf602b10') in 0.042613 seconds
Number of updated asset objects reloaded before import = 0
Number of asset objects unloaded after import = 9
========================================================================
Received Import Request.
  Time since last request: 0.000032 seconds.
  path: Assets/Synty/PolygonSciFiCity/Prefabs/Buildings/SM_Bld_Background_Med_04.prefab
  artifactKey: Guid(2b4f4c6dd9003ab49ac2cb68ebc4a3b4) Importer(815301076,1909f56bfc062723c751e8b465ee728b)
Start importing Assets/Synty/PolygonSciFiCity/Prefabs/Buildings/SM_Bld_Background_Med_04.prefab using Guid(2b4f4c6dd9003ab49ac2cb68ebc4a3b4) Importer(815301076,1909f56bfc062723c751e8b465ee728b) [PhysX] Initialized MultithreadedTaskDispatcher with 12 workers.
[PhysX] Initialized MultithreadedTaskDispatcher with 12 workers.
 -> (artifact id: '9f70055460211eee755511f75f712d62') in 0.018112 seconds
Number of updated asset objects reloaded before import = 0
Number of asset objects unloaded after import = 9
========================================================================
Received Import Request.
  Time since last request: 0.000015 seconds.
  path: Assets/Synty/PolygonSciFiCity/Prefabs/Buildings/SM_Bld_Chopshop_01.prefab
  artifactKey: Guid(a1d953a27b5df6b49a82f3aef4d575c5) Importer(815301076,1909f56bfc062723c751e8b465ee728b)
Start importing Assets/Synty/PolygonSciFiCity/Prefabs/Buildings/SM_Bld_Chopshop_01.prefab using Guid(a1d953a27b5df6b49a82f3aef4d575c5) Importer(815301076,1909f56bfc062723c751e8b465ee728b) [PhysX] Initialized MultithreadedTaskDispatcher with 12 workers.
[PhysX] Initialized MultithreadedTaskDispatcher with 12 workers.
 -> (artifact id: '251fccaa6a6c873855ae99c6b4f56b0b') in 0.099217 seconds
Number of updated asset objects reloaded before import = 0
Number of asset objects unloaded after import = 13
========================================================================
Received Import Request.
  Time since last request: 0.000024 seconds.
  path: Assets/Synty/PolygonSciFiCity/Prefabs/Buildings/SM_Bld_City_Wall_01.prefab
  artifactKey: Guid(8feb2335a05b64642a1d35a6a73cb21c) Importer(815301076,1909f56bfc062723c751e8b465ee728b)
Start importing Assets/Synty/PolygonSciFiCity/Prefabs/Buildings/SM_Bld_City_Wall_01.prefab using Guid(8feb2335a05b64642a1d35a6a73cb21c) Importer(815301076,1909f56bfc062723c751e8b465ee728b) [PhysX] Initialized MultithreadedTaskDispatcher with 12 workers.
[PhysX] Initialized MultithreadedTaskDispatcher with 12 workers.
 -> (artifact id: '7c927e211bbbce0d61b91d5f4f8a1853') in 0.086385 seconds
Number of updated asset objects reloaded before import = 0
Number of asset objects unloaded after import = 17
========================================================================
Received Import Request.
  Time since last request: 0.004435 seconds.
  path: Assets/Synty/PolygonSciFiCity/Prefabs/Buildings/SM_Bld_LandingPad_01.prefab
  artifactKey: Guid(e9a4f67b7f329ca4abf5de824f66db82) Importer(815301076,1909f56bfc062723c751e8b465ee728b)
Start importing Assets/Synty/PolygonSciFiCity/Prefabs/Buildings/SM_Bld_LandingPad_01.prefab using Guid(e9a4f67b7f329ca4abf5de824f66db82) Importer(815301076,1909f56bfc062723c751e8b465ee728b) [PhysX] Initialized MultithreadedTaskDispatcher with 12 workers.
[PhysX] Initialized MultithreadedTaskDispatcher with 12 workers.
 -> (artifact id: '6943b904d7bcac5313ea155295f43be9') in 0.074027 seconds
Number of updated asset objects reloaded before import = 0
Number of asset objects unloaded after import = 15
========================================================================
Received Import Request.
  Time since last request: 0.000023 seconds.
  path: Assets/Synty/PolygonSciFiCity/Prefabs/Buildings/SM_Bld_Large_01.prefab
  artifactKey: Guid(c037f4cd64354fd428bbf6b6007c235d) Importer(815301076,1909f56bfc062723c751e8b465ee728b)
Start importing Assets/Synty/PolygonSciFiCity/Prefabs/Buildings/SM_Bld_Large_01.prefab using Guid(c037f4cd64354fd428bbf6b6007c235d) Importer(815301076,1909f56bfc062723c751e8b465ee728b) [PhysX] Initialized MultithreadedTaskDispatcher with 12 workers.
[PhysX] Initialized MultithreadedTaskDispatcher with 12 workers.
 -> (artifact id: '472294147a1d66113dc715a23fb271e4') in 0.090110 seconds
Number of updated asset objects reloaded before import = 0
Number of asset objects unloaded after import = 13
========================================================================
Received Import Request.
  Time since last request: 0.000024 seconds.
  path: Assets/Synty/PolygonSciFiCity/Prefabs/Buildings/SM_Bld_Advanced_Doorway_01.prefab
  artifactKey: Guid(f001aad6219fda044ae60555f9109544) Importer(815301076,1909f56bfc062723c751e8b465ee728b)
Start importing Assets/Synty/PolygonSciFiCity/Prefabs/Buildings/SM_Bld_Advanced_Doorway_01.prefab using Guid(f001aad6219fda044ae60555f9109544) Importer(815301076,1909f56bfc062723c751e8b465ee728b) [PhysX] Initialized MultithreadedTaskDispatcher with 12 workers.
[PhysX] Initialized MultithreadedTaskDispatcher with 12 workers.
 -> (artifact id: '68c15b53d4805b28e531ee406e2c7600') in 0.074193 seconds
Number of updated asset objects reloaded before import = 0
Number of asset objects unloaded after import = 13
========================================================================
Received Import Request.
  Time since last request: 0.000029 seconds.
  path: Assets/Synty/PolygonSciFiCity/Prefabs/Buildings/SM_Bld_Large_02.prefab
  artifactKey: Guid(6053e238c2ee3e4499318f9353b3587f) Importer(815301076,1909f56bfc062723c751e8b465ee728b)
Start importing Assets/Synty/PolygonSciFiCity/Prefabs/Buildings/SM_Bld_Large_02.prefab using Guid(6053e238c2ee3e4499318f9353b3587f) Importer(815301076,1909f56bfc062723c751e8b465ee728b) [PhysX] Initialized MultithreadedTaskDispatcher with 12 workers.
[PhysX] Initialized MultithreadedTaskDispatcher with 12 workers.
 -> (artifact id: '79657541a4df7dabc70b3a7362fa59b8') in 0.092715 seconds
Number of updated asset objects reloaded before import = 0
Number of asset objects unloaded after import = 13
========================================================================
Received Import Request.
  Time since last request: 0.000035 seconds.
  path: Assets/Synty/PolygonSciFiCity/Prefabs/Buildings/SM_Bld_Background_Med_06.prefab
  artifactKey: Guid(c55cddf0517aed545bedf9b927124c15) Importer(815301076,1909f56bfc062723c751e8b465ee728b)
Start importing Assets/Synty/PolygonSciFiCity/Prefabs/Buildings/SM_Bld_Background_Med_06.prefab using Guid(c55cddf0517aed545bedf9b927124c15) Importer(815301076,1909f56bfc062723c751e8b465ee728b) [PhysX] Initialized MultithreadedTaskDispatcher with 12 workers.
[PhysX] Initialized MultithreadedTaskDispatcher with 12 workers.
 -> (artifact id: '263e35d01cac9c4133b4a25552489aca') in 0.020451 seconds
Number of updated asset objects reloaded before import = 0
Number of asset objects unloaded after import = 9
========================================================================
Received Import Request.
  Time since last request: 0.005260 seconds.
  path: Assets/Synty/PolygonSciFiCity/Prefabs/Buildings/SM_Bld_Bank_01.prefab
  artifactKey: Guid(f0274b246cd36f849b6f60898f359f1e) Importer(815301076,1909f56bfc062723c751e8b465ee728b)
Start importing Assets/Synty/PolygonSciFiCity/Prefabs/Buildings/SM_Bld_Bank_01.prefab using Guid(f0274b246cd36f849b6f60898f359f1e) Importer(815301076,1909f56bfc062723c751e8b465ee728b) [PhysX] Initialized MultithreadedTaskDispatcher with 12 workers.
[PhysX] Initialized MultithreadedTaskDispatcher with 12 workers.
 -> (artifact id: 'f583847ec5df666705712b29c1da49d8') in 0.087098 seconds
Number of updated asset objects reloaded before import = 0
Number of asset objects unloaded after import = 41
========================================================================
Received Import Request.
  Time since last request: 0.000022 seconds.
  path: Assets/Synty/PolygonSciFiCity/Prefabs/Buildings/SM_Bld_Background_Med_05.prefab
  artifactKey: Guid(5916a3b9673d1984085cdfe02a594bd3) Importer(815301076,1909f56bfc062723c751e8b465ee728b)
Start importing Assets/Synty/PolygonSciFiCity/Prefabs/Buildings/SM_Bld_Background_Med_05.prefab using Guid(5916a3b9673d1984085cdfe02a594bd3) Importer(815301076,1909f56bfc062723c751e8b465ee728b) [PhysX] Initialized MultithreadedTaskDispatcher with 12 workers.
[PhysX] Initialized MultithreadedTaskDispatcher with 12 workers.
 -> (artifact id: '6fd351849a046aff22cdeebe4780190a') in 0.022645 seconds
Number of updated asset objects reloaded before import = 0
Number of asset objects unloaded after import = 9
========================================================================
Received Import Request.
  Time since last request: 0.000018 seconds.
  path: Assets/Synty/PolygonSciFiCity/Prefabs/Buildings/SM_Bld_Large_04.prefab
  artifactKey: Guid(ed95a1d27b321874cbe7017a50a4c292) Importer(815301076,1909f56bfc062723c751e8b465ee728b)
Start importing Assets/Synty/PolygonSciFiCity/Prefabs/Buildings/SM_Bld_Large_04.prefab using Guid(ed95a1d27b321874cbe7017a50a4c292) Importer(815301076,1909f56bfc062723c751e8b465ee728b) [PhysX] Initialized MultithreadedTaskDispatcher with 12 workers.
[PhysX] Initialized MultithreadedTaskDispatcher with 12 workers.
 -> (artifact id: '26d2fa1c52f208e9ba2cef737207c309') in 0.077002 seconds
Number of updated asset objects reloaded before import = 0
Number of asset objects unloaded after import = 13
========================================================================
Received Import Request.
  Time since last request: 0.000027 seconds.
  path: Assets/Synty/PolygonSciFiCity/Prefabs/Buildings/SM_Bld_Background_Small_03.prefab
  artifactKey: Guid(ce31bf417050b6843b2ef2efaed2e4a8) Importer(815301076,1909f56bfc062723c751e8b465ee728b)
Start importing Assets/Synty/PolygonSciFiCity/Prefabs/Buildings/SM_Bld_Background_Small_03.prefab using Guid(ce31bf417050b6843b2ef2efaed2e4a8) Importer(815301076,1909f56bfc062723c751e8b465ee728b) [PhysX] Initialized MultithreadedTaskDispatcher with 12 workers.
[PhysX] Initialized MultithreadedTaskDispatcher with 12 workers.
 -> (artifact id: 'd2b42864f07527f28182b0c5b35cc64a') in 0.016941 seconds
Number of updated asset objects reloaded before import = 0
Number of asset objects unloaded after import = 9
========================================================================
Received Import Request.
  Time since last request: 0.803340 seconds.
  path: Assets/Synty/PolygonSciFiCity/Prefabs/Buildings/SM_Bld_Large_Part_01.prefab
  artifactKey: Guid(5f257b0a01530674191819b4bf513840) Importer(815301076,1909f56bfc062723c751e8b465ee728b)
Start importing Assets/Synty/PolygonSciFiCity/Prefabs/Buildings/SM_Bld_Large_Part_01.prefab using Guid(5f257b0a01530674191819b4bf513840) Importer(815301076,1909f56bfc062723c751e8b465ee728b) [PhysX] Initialized MultithreadedTaskDispatcher with 12 workers.
[PhysX] Initialized MultithreadedTaskDispatcher with 12 workers.
 -> (artifact id: '51aa86adec2ea6865f86b282e8f5a404') in 0.096725 seconds
Number of updated asset objects reloaded before import = 0
Number of asset objects unloaded after import = 13
========================================================================
Received Import Request.
  Time since last request: 0.000053 seconds.
  path: Assets/Synty/PolygonSciFiCity/Prefabs/Buildings/SM_Bld_Roof_Pagoda_02.prefab
  artifactKey: Guid(46221641799ce0a4a967e4ca016ff088) Importer(815301076,1909f56bfc062723c751e8b465ee728b)
Start importing Assets/Synty/PolygonSciFiCity/Prefabs/Buildings/SM_Bld_Roof_Pagoda_02.prefab using Guid(46221641799ce0a4a967e4ca016ff088) Importer(815301076,1909f56bfc062723c751e8b465ee728b) [PhysX] Initialized MultithreadedTaskDispatcher with 12 workers.
[PhysX] Initialized MultithreadedTaskDispatcher with 12 workers.
 -> (artifact id: 'b6f52a86d70f9ddc81c5f1d8f9f2d198') in 0.088546 seconds
Number of updated asset objects reloaded before import = 0
Number of asset objects unloaded after import = 13
========================================================================
Received Import Request.
  Time since last request: 0.000030 seconds.
  path: Assets/Synty/PolygonSciFiCity/Prefabs/Buildings/SM_Bld_Large_Part_06.prefab
  artifactKey: Guid(99e8bea94a6b2ff42b52f59dfea5bce6) Importer(815301076,1909f56bfc062723c751e8b465ee728b)
Start importing Assets/Synty/PolygonSciFiCity/Prefabs/Buildings/SM_Bld_Large_Part_06.prefab using Guid(99e8bea94a6b2ff42b52f59dfea5bce6) Importer(815301076,1909f56bfc062723c751e8b465ee728b) [PhysX] Initialized MultithreadedTaskDispatcher with 12 workers.
[PhysX] Initialized MultithreadedTaskDispatcher with 12 workers.
 -> (artifact id: 'd3512f81d8d6cc922316fdb0c564c083') in 0.092902 seconds
Number of updated asset objects reloaded before import = 0
Number of asset objects unloaded after import = 13
========================================================================
Received Import Request.
  Time since last request: 0.000019 seconds.
  path: Assets/Synty/PolygonSciFiCity/Prefabs/Buildings/SM_Bld_Power_03.prefab
  artifactKey: Guid(0fafb1450aa63ce469d1b0dde39971c1) Importer(815301076,1909f56bfc062723c751e8b465ee728b)
Start importing Assets/Synty/PolygonSciFiCity/Prefabs/Buildings/SM_Bld_Power_03.prefab using Guid(0fafb1450aa63ce469d1b0dde39971c1) Importer(815301076,1909f56bfc062723c751e8b465ee728b) [PhysX] Initialized MultithreadedTaskDispatcher with 12 workers.
[PhysX] Initialized MultithreadedTaskDispatcher with 12 workers.
 -> (artifact id: '1128e8861339965dc26fd0ad5084fa65') in 0.075917 seconds
Number of updated asset objects reloaded before import = 0
Number of asset objects unloaded after import = 13
========================================================================
Received Import Request.
  Time since last request: 0.000017 seconds.
  path: Assets/Synty/PolygonSciFiCity/Prefabs/Buildings/SM_Bld_Large_Part_05.prefab
  artifactKey: Guid(163acdb00268b5e498aad6a2f0828b90) Importer(815301076,1909f56bfc062723c751e8b465ee728b)
Start importing Assets/Synty/PolygonSciFiCity/Prefabs/Buildings/SM_Bld_Large_Part_05.prefab using Guid(163acdb00268b5e498aad6a2f0828b90) Importer(815301076,1909f56bfc062723c751e8b465ee728b) [PhysX] Initialized MultithreadedTaskDispatcher with 12 workers.
[PhysX] Initialized MultithreadedTaskDispatcher with 12 workers.
 -> (artifact id: '069fc9f3a6856a5dbd447b12cf69cf0e') in 0.097849 seconds
Number of updated asset objects reloaded before import = 0
Number of asset objects unloaded after import = 13
========================================================================
Received Import Request.
  Time since last request: 0.000023 seconds.
  path: Assets/Synty/PolygonSciFiCity/Prefabs/Buildings/SM_Bld_Section_Door_02.prefab
  artifactKey: Guid(692039e2420b31443a1e49fe9a1ba389) Importer(815301076,1909f56bfc062723c751e8b465ee728b)
Start importing Assets/Synty/PolygonSciFiCity/Prefabs/Buildings/SM_Bld_Section_Door_02.prefab using Guid(692039e2420b31443a1e49fe9a1ba389) Importer(815301076,1909f56bfc062723c751e8b465ee728b) [PhysX] Initialized MultithreadedTaskDispatcher with 12 workers.
[PhysX] Initialized MultithreadedTaskDispatcher with 12 workers.
 -> (artifact id: '020dfe3c27b25aa484b8833742c0773e') in 0.095568 seconds
Number of updated asset objects reloaded before import = 0
Number of asset objects unloaded after import = 13
========================================================================
Received Import Request.
  Time since last request: 0.000069 seconds.
  path: Assets/Synty/PolygonSciFiCity/Prefabs/Buildings/SM_Bld_Raised_01.prefab
  artifactKey: Guid(f26a6a01921a0cc44a493b8424859c38) Importer(815301076,1909f56bfc062723c751e8b465ee728b)
Start importing Assets/Synty/PolygonSciFiCity/Prefabs/Buildings/SM_Bld_Raised_01.prefab using Guid(f26a6a01921a0cc44a493b8424859c38) Importer(815301076,1909f56bfc062723c751e8b465ee728b) [PhysX] Initialized MultithreadedTaskDispatcher with 12 workers.
[PhysX] Initialized MultithreadedTaskDispatcher with 12 workers.
 -> (artifact id: '8f556e9a187069199d851f49741ffe5e') in 0.085529 seconds
Number of updated asset objects reloaded before import = 0
Number of asset objects unloaded after import = 16
========================================================================
Received Import Request.
  Time since last request: 0.000029 seconds.
  path: Assets/Synty/PolygonSciFiCity/Prefabs/Buildings/SM_Bld_Section_Wall_01.prefab
  artifactKey: Guid(4caa1debd226fcd4884eca0c619ce93f) Importer(815301076,1909f56bfc062723c751e8b465ee728b)
Start importing Assets/Synty/PolygonSciFiCity/Prefabs/Buildings/SM_Bld_Section_Wall_01.prefab using Guid(4caa1debd226fcd4884eca0c619ce93f) Importer(815301076,1909f56bfc062723c751e8b465ee728b) [PhysX] Initialized MultithreadedTaskDispatcher with 12 workers.
[PhysX] Initialized MultithreadedTaskDispatcher with 12 workers.
 -> (artifact id: '5a9fc951a775ab9d0f8967538ac740ee') in 0.089443 seconds
Number of updated asset objects reloaded before import = 0
Number of asset objects unloaded after import = 13
========================================================================
Received Import Request.
  Time since last request: 0.000023 seconds.
  path: Assets/Synty/PolygonSciFiCity/Prefabs/Buildings/SM_Bld_Section_Door_05.prefab
  artifactKey: Guid(713cc0a3dfe2279499ed8b72f056607e) Importer(815301076,1909f56bfc062723c751e8b465ee728b)
Start importing Assets/Synty/PolygonSciFiCity/Prefabs/Buildings/SM_Bld_Section_Door_05.prefab using Guid(713cc0a3dfe2279499ed8b72f056607e) Importer(815301076,1909f56bfc062723c751e8b465ee728b) [PhysX] Initialized MultithreadedTaskDispatcher with 12 workers.
[PhysX] Initialized MultithreadedTaskDispatcher with 12 workers.
 -> (artifact id: '41d97a3398d11c1980958c4f9a417758') in 0.093891 seconds
Number of updated asset objects reloaded before import = 0
Number of asset objects unloaded after import = 21
========================================================================
Received Import Request.
  Time since last request: 0.002688 seconds.
  path: Assets/Synty/PolygonSciFiCity/Prefabs/Buildings/SM_Bld_Section_Wall_02.prefab
  artifactKey: Guid(300058755dbc3334db2b882dfbb9453e) Importer(815301076,1909f56bfc062723c751e8b465ee728b)
Start importing Assets/Synty/PolygonSciFiCity/Prefabs/Buildings/SM_Bld_Section_Wall_02.prefab using Guid(300058755dbc3334db2b882dfbb9453e) Importer(815301076,1909f56bfc062723c751e8b465ee728b) [PhysX] Initialized MultithreadedTaskDispatcher with 12 workers.
[PhysX] Initialized MultithreadedTaskDispatcher with 12 workers.
 -> (artifact id: '6a1a975199ff561f6883d658f66594d8') in 0.088154 seconds
Number of updated asset objects reloaded before import = 0
Number of asset objects unloaded after import = 13
========================================================================
Received Import Request.
  Time since last request: 0.000022 seconds.
  path: Assets/Synty/PolygonSciFiCity/Prefabs/Buildings/SM_Bld_Section_Window_03.prefab
  artifactKey: Guid(afe5d108fdbdaea4fa35d9e3c923fafa) Importer(815301076,1909f56bfc062723c751e8b465ee728b)
Start importing Assets/Synty/PolygonSciFiCity/Prefabs/Buildings/SM_Bld_Section_Window_03.prefab using Guid(afe5d108fdbdaea4fa35d9e3c923fafa) Importer(815301076,1909f56bfc062723c751e8b465ee728b) [PhysX] Initialized MultithreadedTaskDispatcher with 12 workers.
[PhysX] Initialized MultithreadedTaskDispatcher with 12 workers.
 -> (artifact id: 'ea2bc0d869c6d00931d39c03d0b2f488') in 0.084621 seconds
Number of updated asset objects reloaded before import = 0
Number of asset objects unloaded after import = 13
========================================================================
Received Import Request.
  Time since last request: 0.000023 seconds.
  path: Assets/Synty/PolygonSciFiCity/Prefabs/Buildings/SM_Bld_Section_Door_06.prefab
  artifactKey: Guid(e6af98424eec7ef459a66398b4332b72) Importer(815301076,1909f56bfc062723c751e8b465ee728b)
Start importing Assets/Synty/PolygonSciFiCity/Prefabs/Buildings/SM_Bld_Section_Door_06.prefab using Guid(e6af98424eec7ef459a66398b4332b72) Importer(815301076,1909f56bfc062723c751e8b465ee728b) [PhysX] Initialized MultithreadedTaskDispatcher with 12 workers.
[PhysX] Initialized MultithreadedTaskDispatcher with 12 workers.
 -> (artifact id: '24bda6198dd55fc91e4afc8f2067ccf5') in 0.095147 seconds
Number of updated asset objects reloaded before import = 0
Number of asset objects unloaded after import = 12
========================================================================
Received Import Request.
  Time since last request: 0.000027 seconds.
  path: Assets/Synty/PolygonSciFiCity/Prefabs/Buildings/SM_Bld_Section_Grid_01.prefab
  artifactKey: Guid(d61e39d73d9919d40b9c31f5ea2bdcd9) Importer(815301076,1909f56bfc062723c751e8b465ee728b)
Start importing Assets/Synty/PolygonSciFiCity/Prefabs/Buildings/SM_Bld_Section_Grid_01.prefab using Guid(d61e39d73d9919d40b9c31f5ea2bdcd9) Importer(815301076,1909f56bfc062723c751e8b465ee728b) [PhysX] Initialized MultithreadedTaskDispatcher with 12 workers.
[PhysX] Initialized MultithreadedTaskDispatcher with 12 workers.
 -> (artifact id: 'd58eb9c9071227d2d6a14131f1d91ae2') in 0.093710 seconds
Number of updated asset objects reloaded before import = 0
Number of asset objects unloaded after import = 13
========================================================================
Received Import Request.
  Time since last request: 0.000029 seconds.
  path: Assets/Synty/PolygonSciFiCity/Prefabs/Buildings/SM_Bld_Section_Wall_03.prefab
  artifactKey: Guid(f9cf3ae7e4a962a408af376d301642e9) Importer(815301076,1909f56bfc062723c751e8b465ee728b)
Start importing Assets/Synty/PolygonSciFiCity/Prefabs/Buildings/SM_Bld_Section_Wall_03.prefab using Guid(f9cf3ae7e4a962a408af376d301642e9) Importer(815301076,1909f56bfc062723c751e8b465ee728b) [PhysX] Initialized MultithreadedTaskDispatcher with 12 workers.
[PhysX] Initialized MultithreadedTaskDispatcher with 12 workers.
 -> (artifact id: '01257541799563f52201569f65d4f1e8') in 0.094339 seconds
Number of updated asset objects reloaded before import = 0
Number of asset objects unloaded after import = 13
========================================================================
Received Import Request.
  Time since last request: 0.000019 seconds.
  path: Assets/Synty/PolygonSciFiCity/Prefabs/Buildings/SM_Bld_Section_Door_04.prefab
  artifactKey: Guid(1d198b720862bb8498ccdedf7d0e4cde) Importer(815301076,1909f56bfc062723c751e8b465ee728b)
Start importing Assets/Synty/PolygonSciFiCity/Prefabs/Buildings/SM_Bld_Section_Door_04.prefab using Guid(1d198b720862bb8498ccdedf7d0e4cde) Importer(815301076,1909f56bfc062723c751e8b465ee728b) [PhysX] Initialized MultithreadedTaskDispatcher with 12 workers.
[PhysX] Initialized MultithreadedTaskDispatcher with 12 workers.
 -> (artifact id: '7a87884d1b966071a8c9d6668b3cb2e8') in 0.100078 seconds
Number of updated asset objects reloaded before import = 0
Number of asset objects unloaded after import = 21
========================================================================
Received Import Request.
  Time since last request: 0.000016 seconds.
  path: Assets/Synty/PolygonSciFiCity/Prefabs/Buildings/SM_Bld_Section_Industrial_03.prefab
  artifactKey: Guid(a449f9f92e7875d48846e6d3a469c03a) Importer(815301076,1909f56bfc062723c751e8b465ee728b)
Start importing Assets/Synty/PolygonSciFiCity/Prefabs/Buildings/SM_Bld_Section_Industrial_03.prefab using Guid(a449f9f92e7875d48846e6d3a469c03a) Importer(815301076,1909f56bfc062723c751e8b465ee728b) [PhysX] Initialized MultithreadedTaskDispatcher with 12 workers.
[PhysX] Initialized MultithreadedTaskDispatcher with 12 workers.
 -> (artifact id: 'cfb0e68ee8627252d72f6be4700e82a4') in 0.097762 seconds
Number of updated asset objects reloaded before import = 0
Number of asset objects unloaded after import = 13
========================================================================
Received Import Request.
  Time since last request: 0.000027 seconds.
  path: Assets/Synty/PolygonSciFiCity/Prefabs/Buildings/SM_Bld_Large_Part_02.prefab
  artifactKey: Guid(60378a264f113174c825ec6ec6fcb135) Importer(815301076,1909f56bfc062723c751e8b465ee728b)
Start importing Assets/Synty/PolygonSciFiCity/Prefabs/Buildings/SM_Bld_Large_Part_02.prefab using Guid(60378a264f113174c825ec6ec6fcb135) Importer(815301076,1909f56bfc062723c751e8b465ee728b) [PhysX] Initialized MultithreadedTaskDispatcher with 12 workers.
[PhysX] Initialized MultithreadedTaskDispatcher with 12 workers.
 -> (artifact id: '9668631fa9d762b443c3f908a84ead09') in 0.088569 seconds
Number of updated asset objects reloaded before import = 0
Number of asset objects unloaded after import = 13
========================================================================
Received Import Request.
  Time since last request: 0.000037 seconds.
  path: Assets/Synty/PolygonSciFiCity/Prefabs/Buildings/SM_Bld_Large_Part_07.prefab
  artifactKey: Guid(19f7afc4823b6aa45b3f63b28e1360aa) Importer(815301076,1909f56bfc062723c751e8b465ee728b)
Start importing Assets/Synty/PolygonSciFiCity/Prefabs/Buildings/SM_Bld_Large_Part_07.prefab using Guid(19f7afc4823b6aa45b3f63b28e1360aa) Importer(815301076,1909f56bfc062723c751e8b465ee728b) [PhysX] Initialized MultithreadedTaskDispatcher with 12 workers.
[PhysX] Initialized MultithreadedTaskDispatcher with 12 workers.
 -> (artifact id: '6fce01fb8d7c5aa0ac59583cf105769f') in 0.084701 seconds
Number of updated asset objects reloaded before import = 0
Number of asset objects unloaded after import = 13
========================================================================
Received Import Request.
  Time since last request: 0.000025 seconds.
  path: Assets/Synty/PolygonSciFiCity/Prefabs/Buildings/SM_Bld_Section_Door_01.prefab
  artifactKey: Guid(1dd39e2a8df331343a963c91a1e0974c) Importer(815301076,1909f56bfc062723c751e8b465ee728b)
Start importing Assets/Synty/PolygonSciFiCity/Prefabs/Buildings/SM_Bld_Section_Door_01.prefab using Guid(1dd39e2a8df331343a963c91a1e0974c) Importer(815301076,1909f56bfc062723c751e8b465ee728b) [PhysX] Initialized MultithreadedTaskDispatcher with 12 workers.
[PhysX] Initialized MultithreadedTaskDispatcher with 12 workers.
 -> (artifact id: 'f565f934d9932777694fce9deefee0cb') in 0.079715 seconds
Number of updated asset objects reloaded before import = 0
Number of asset objects unloaded after import = 13
========================================================================
Received Import Request.
  Time since last request: 11.755589 seconds.
  path: Assets/Synty/PolygonSciFiCity/Models/SM_Bld_Large_Part_02.fbx
  artifactKey: Guid(8c87bf0e3e149b2409ddbf3e4dc8fde7) Importer(815301076,1909f56bfc062723c751e8b465ee728b)
Start importing Assets/Synty/PolygonSciFiCity/Models/SM_Bld_Large_Part_02.fbx using Guid(8c87bf0e3e149b2409ddbf3e4dc8fde7) Importer(815301076,1909f56bfc062723c751e8b465ee728b) [PhysX] Initialized MultithreadedTaskDispatcher with 12 workers.
[PhysX] Initialized MultithreadedTaskDispatcher with 12 workers.
[PhysX] Initialized MultithreadedTaskDispatcher with 12 workers.
 -> (artifact id: 'f49f048334b2c66476fe4bc4ab2c65ad') in 0.018019 seconds
Number of updated asset objects reloaded before import = 0
Number of asset objects unloaded after import = 7
========================================================================
Received Import Request.
  Time since last request: 0.000024 seconds.
  path: Assets/Synty/PolygonSciFiCity/Models/SM_Bld_Power_01.fbx
  artifactKey: Guid(29144ad1b41473c458cf9ea326fbe7a1) Importer(815301076,1909f56bfc062723c751e8b465ee728b)
Start importing Assets/Synty/PolygonSciFiCity/Models/SM_Bld_Power_01.fbx using Guid(29144ad1b41473c458cf9ea326fbe7a1) Importer(815301076,1909f56bfc062723c751e8b465ee728b) [PhysX] Initialized MultithreadedTaskDispatcher with 12 workers.
[PhysX] Initialized MultithreadedTaskDispatcher with 12 workers.
[PhysX] Initialized MultithreadedTaskDispatcher with 12 workers.
 -> (artifact id: '09bb192e759d417fee0b2b13d90c6dfc') in 0.017936 seconds
Number of updated asset objects reloaded before import = 0
Number of asset objects unloaded after import = 7
========================================================================
Received Import Request.
  Time since last request: 0.000016 seconds.
  path: Assets/Synty/PolygonSciFiCity/Models/SM_Bld_Section_Industrial_03.fbx
  artifactKey: Guid(a1476807bd0e5b341b1025e8dcee2ec8) Importer(815301076,1909f56bfc062723c751e8b465ee728b)
Start importing Assets/Synty/PolygonSciFiCity/Models/SM_Bld_Section_Industrial_03.fbx using Guid(a1476807bd0e5b341b1025e8dcee2ec8) Importer(815301076,1909f56bfc062723c751e8b465ee728b) [PhysX] Initialized MultithreadedTaskDispatcher with 12 workers.
[PhysX] Initialized MultithreadedTaskDispatcher with 12 workers.
[PhysX] Initialized MultithreadedTaskDispatcher with 12 workers.
 -> (artifact id: '86963498984773d5b3706cf79f55b10d') in 0.022072 seconds
Number of updated asset objects reloaded before import = 0
Number of asset objects unloaded after import = 7
========================================================================
Received Import Request.
  Time since last request: 0.000548 seconds.
  path: Assets/Synty/PolygonSciFiCity/Models/SM_Bld_Section_Wall_03.fbx
  artifactKey: Guid(63084df5b7210084182be724fb923879) Importer(815301076,1909f56bfc062723c751e8b465ee728b)
Start importing Assets/Synty/PolygonSciFiCity/Models/SM_Bld_Section_Wall_03.fbx using Guid(63084df5b7210084182be724fb923879) Importer(815301076,1909f56bfc062723c751e8b465ee728b) [PhysX] Initialized MultithreadedTaskDispatcher with 12 workers.
[PhysX] Initialized MultithreadedTaskDispatcher with 12 workers.
[PhysX] Initialized MultithreadedTaskDispatcher with 12 workers.
 -> (artifact id: '1254478e2b8d995a4d67f04fbeb51f7f') in 0.023440 seconds
Number of updated asset objects reloaded before import = 0
Number of asset objects unloaded after import = 7
========================================================================
Received Import Request.
  Time since last request: 0.000158 seconds.
  path: Assets/Synty/PolygonSciFiCity/Models/SM_Bld_Section_Industrial_01.fbx
  artifactKey: Guid(17ec786cb0156bf419d47c6495fabff7) Importer(815301076,1909f56bfc062723c751e8b465ee728b)
Start importing Assets/Synty/PolygonSciFiCity/Models/SM_Bld_Section_Industrial_01.fbx using Guid(17ec786cb0156bf419d47c6495fabff7) Importer(815301076,1909f56bfc062723c751e8b465ee728b) [PhysX] Initialized MultithreadedTaskDispatcher with 12 workers.
[PhysX] Initialized MultithreadedTaskDispatcher with 12 workers.
[PhysX] Initialized MultithreadedTaskDispatcher with 12 workers.
 -> (artifact id: 'dae85d707bb46819a12d6197382a395c') in 0.027968 seconds
Number of updated asset objects reloaded before import = 0
Number of asset objects unloaded after import = 7
========================================================================
Received Import Request.
  Time since last request: 0.000025 seconds.
  path: Assets/Synty/PolygonSciFiCity/Models/SM_Bld_Section_Door_04.fbx
  artifactKey: Guid(01d6c4efb3237a04f9d6d6a6cea76877) Importer(815301076,1909f56bfc062723c751e8b465ee728b)
Start importing Assets/Synty/PolygonSciFiCity/Models/SM_Bld_Section_Door_04.fbx using Guid(01d6c4efb3237a04f9d6d6a6cea76877) Importer(815301076,1909f56bfc062723c751e8b465ee728b) [PhysX] Initialized MultithreadedTaskDispatcher with 12 workers.
[PhysX] Initialized MultithreadedTaskDispatcher with 12 workers.
[PhysX] Initialized MultithreadedTaskDispatcher with 12 workers.
[PhysX] Initialized MultithreadedTaskDispatcher with 12 workers.
[PhysX] Initialized MultithreadedTaskDispatcher with 12 workers.
 -> (artifact id: '39249677396fb640da358c2dff4dab31') in 0.046746 seconds
Number of updated asset objects reloaded before import = 0
Number of asset objects unloaded after import = 14
========================================================================
Received Import Request.
  Time since last request: 0.000024 seconds.
  path: Assets/Synty/PolygonSciFiCity/Models/SM_Bld_Section_Wall_02.fbx
  artifactKey: Guid(902704bd5c9f81747ad4ed1dd8ab8855) Importer(815301076,1909f56bfc062723c751e8b465ee728b)
Start importing Assets/Synty/PolygonSciFiCity/Models/SM_Bld_Section_Wall_02.fbx using Guid(902704bd5c9f81747ad4ed1dd8ab8855) Importer(815301076,1909f56bfc062723c751e8b465ee728b) [PhysX] Initialized MultithreadedTaskDispatcher with 12 workers.
[PhysX] Initialized MultithreadedTaskDispatcher with 12 workers.
[PhysX] Initialized MultithreadedTaskDispatcher with 12 workers.
 -> (artifact id: '08f6c51ea8a169b2a21b9615450b9509') in 0.021281 seconds
Number of updated asset objects reloaded before import = 0
Number of asset objects unloaded after import = 7
========================================================================
Received Import Request.
  Time since last request: 0.000017 seconds.
  path: Assets/Synty/PolygonSciFiCity/Models/SM_Bld_Section_Grid_01.fbx
  artifactKey: Guid(bf13be95bbaf62e4496a2763297cf6e4) Importer(815301076,1909f56bfc062723c751e8b465ee728b)
Start importing Assets/Synty/PolygonSciFiCity/Models/SM_Bld_Section_Grid_01.fbx using Guid(bf13be95bbaf62e4496a2763297cf6e4) Importer(815301076,1909f56bfc062723c751e8b465ee728b) [PhysX] Initialized MultithreadedTaskDispatcher with 12 workers.
[PhysX] Initialized MultithreadedTaskDispatcher with 12 workers.
[PhysX] Initialized MultithreadedTaskDispatcher with 12 workers.
 -> (artifact id: '8ece5e4d3276d703eea7fcab6db28ff0') in 0.024529 seconds
Number of updated asset objects reloaded before import = 0
Number of asset objects unloaded after import = 7
========================================================================
Received Import Request.
  Time since last request: 0.000016 seconds.
  path: Assets/Synty/PolygonSciFiCity/Models/SM_Bld_Section_Door_07.fbx
  artifactKey: Guid(d131faf156439f04b961d7156a95bbd0) Importer(815301076,1909f56bfc062723c751e8b465ee728b)
Start importing Assets/Synty/PolygonSciFiCity/Models/SM_Bld_Section_Door_07.fbx using Guid(d131faf156439f04b961d7156a95bbd0) Importer(815301076,1909f56bfc062723c751e8b465ee728b) [PhysX] Initialized MultithreadedTaskDispatcher with 12 workers.
[PhysX] Initialized MultithreadedTaskDispatcher with 12 workers.
[PhysX] Initialized MultithreadedTaskDispatcher with 12 workers.
[PhysX] Initialized MultithreadedTaskDispatcher with 12 workers.
[PhysX] Initialized MultithreadedTaskDispatcher with 12 workers.
[PhysX] Initialized MultithreadedTaskDispatcher with 12 workers.
[PhysX] Initialized MultithreadedTaskDispatcher with 12 workers.
 -> (artifact id: '0471e1e4db6ef359aa324e97c9464e82') in 0.044945 seconds
Number of updated asset objects reloaded before import = 0
Number of asset objects unloaded after import = 19
========================================================================
Received Import Request.
  Time since last request: 0.000016 seconds.
  path: Assets/Synty/PolygonSciFiCity/Models/SM_Bld_Large_Part_08.fbx
  artifactKey: Guid(15ecd67545ff5f645bd31ccaee1d533c) Importer(815301076,1909f56bfc062723c751e8b465ee728b)
Start importing Assets/Synty/PolygonSciFiCity/Models/SM_Bld_Large_Part_08.fbx using Guid(15ecd67545ff5f645bd31ccaee1d533c) Importer(815301076,1909f56bfc062723c751e8b465ee728b) [PhysX] Initialized MultithreadedTaskDispatcher with 12 workers.
[PhysX] Initialized MultithreadedTaskDispatcher with 12 workers.
[PhysX] Initialized MultithreadedTaskDispatcher with 12 workers.
 -> (artifact id: '31bcdd863d1b959bb9daab3b6c51c1e5') in 0.024916 seconds
Number of updated asset objects reloaded before import = 0
Number of asset objects unloaded after import = 7
========================================================================
Received Import Request.
  Time since last request: 0.000020 seconds.
  path: Assets/Synty/PolygonSciFiCity/Models/SM_Bld_Section_Door_06.fbx
  artifactKey: Guid(34281e97dc70ec8459cf7158cdea756c) Importer(815301076,1909f56bfc062723c751e8b465ee728b)
Start importing Assets/Synty/PolygonSciFiCity/Models/SM_Bld_Section_Door_06.fbx using Guid(34281e97dc70ec8459cf7158cdea756c) Importer(815301076,1909f56bfc062723c751e8b465ee728b) [PhysX] Initialized MultithreadedTaskDispatcher with 12 workers.
[PhysX] Initialized MultithreadedTaskDispatcher with 12 workers.
[PhysX] Initialized MultithreadedTaskDispatcher with 12 workers.
 -> (artifact id: 'd2130ac12fd389f0d5fd67a72c30c622') in 0.020918 seconds
Number of updated asset objects reloaded before import = 0
Number of asset objects unloaded after import = 7
========================================================================
Received Import Request.
  Time since last request: 0.000025 seconds.
  path: Assets/Synty/PolygonSciFiCity/Models/SM_Bld_Section_Corner_01.fbx
  artifactKey: Guid(4bab9623700f26d42b1cff6f6aa0b74e) Importer(815301076,1909f56bfc062723c751e8b465ee728b)
Start importing Assets/Synty/PolygonSciFiCity/Models/SM_Bld_Section_Corner_01.fbx using Guid(4bab9623700f26d42b1cff6f6aa0b74e) Importer(815301076,1909f56bfc062723c751e8b465ee728b) [PhysX] Initialized MultithreadedTaskDispatcher with 12 workers.
[PhysX] Initialized MultithreadedTaskDispatcher with 12 workers.
[PhysX] Initialized MultithreadedTaskDispatcher with 12 workers.
[PhysX] Initialized MultithreadedTaskDispatcher with 12 workers.
[PhysX] Initialized MultithreadedTaskDispatcher with 12 workers.
 -> (artifact id: 'f42799e63e332d17ac0f2e03196cc8eb') in 0.024886 seconds
Number of updated asset objects reloaded before import = 0
Number of asset objects unloaded after import = 14
========================================================================
Received Import Request.
  Time since last request: 0.787159 seconds.
  path: Assets/Synty/PolygonSciFiCity/Models/SM_Bld_LandingPad_01.fbx
  artifactKey: Guid(81952299d90432a48889398dd6954dc5) Importer(815301076,1909f56bfc062723c751e8b465ee728b)
Start importing Assets/Synty/PolygonSciFiCity/Models/SM_Bld_LandingPad_01.fbx using Guid(81952299d90432a48889398dd6954dc5) Importer(815301076,1909f56bfc062723c751e8b465ee728b) [PhysX] Initialized MultithreadedTaskDispatcher with 12 workers.
[PhysX] Initialized MultithreadedTaskDispatcher with 12 workers.
[PhysX] Initialized MultithreadedTaskDispatcher with 12 workers.
 -> (artifact id: 'ba30837f09fce2f9e3aa97cf801759bc') in 0.021388 seconds
Number of updated asset objects reloaded before import = 0
Number of asset objects unloaded after import = 7
========================================================================
Received Import Request.
  Time since last request: 0.000023 seconds.
  path: Assets/Synty/PolygonSciFiCity/Models/SM_Bld_Large_04.fbx
  artifactKey: Guid(9e154dd6664f39140a4e1414b5734034) Importer(815301076,1909f56bfc062723c751e8b465ee728b)
Start importing Assets/Synty/PolygonSciFiCity/Models/SM_Bld_Large_04.fbx using Guid(9e154dd6664f39140a4e1414b5734034) Importer(815301076,1909f56bfc062723c751e8b465ee728b) [PhysX] Initialized MultithreadedTaskDispatcher with 12 workers.
[PhysX] Initialized MultithreadedTaskDispatcher with 12 workers.
[PhysX] Initialized MultithreadedTaskDispatcher with 12 workers.
 -> (artifact id: '2f68a976aa2106c6b57a578e0ed26c84') in 0.019645 seconds
Number of updated asset objects reloaded before import = 0
Number of asset objects unloaded after import = 7
========================================================================
Received Import Request.
  Time since last request: 0.184227 seconds.
  path: Assets/Synty/PolygonSciFiCity/Models/SM_Bld_Bank_01.fbx
  artifactKey: Guid(b868092dcc1d8c54daf867db4c9e5065) Importer(815301076,1909f56bfc062723c751e8b465ee728b)
Start importing Assets/Synty/PolygonSciFiCity/Models/SM_Bld_Bank_01.fbx using Guid(b868092dcc1d8c54daf867db4c9e5065) Importer(815301076,1909f56bfc062723c751e8b465ee728b) [PhysX] Initialized MultithreadedTaskDispatcher with 12 workers.
[PhysX] Initialized MultithreadedTaskDispatcher with 12 workers.
[PhysX] Initialized MultithreadedTaskDispatcher with 12 workers.
[PhysX] Initialized MultithreadedTaskDispatcher with 12 workers.
[PhysX] Initialized MultithreadedTaskDispatcher with 12 workers.
[PhysX] Initialized MultithreadedTaskDispatcher with 12 workers.
[PhysX] Initialized MultithreadedTaskDispatcher with 12 workers.
[PhysX] Initialized MultithreadedTaskDispatcher with 12 workers.
[PhysX] Initialized MultithreadedTaskDispatcher with 12 workers.
[PhysX] Initialized MultithreadedTaskDispatcher with 12 workers.
[PhysX] Initialized MultithreadedTaskDispatcher with 12 workers.
 -> (artifact id: 'b3666354fb0e0b2819a7e94b800c66f8') in 0.050668 seconds
Number of updated asset objects reloaded before import = 0
Number of asset objects unloaded after import = 32
========================================================================
Received Import Request.
  Time since last request: 0.000028 seconds.
  path: Assets/Synty/PolygonSciFiCity/Models/SM_Bld_FoodHole_01.fbx
  artifactKey: Guid(8cdb1009c1e155341a7168c24195ff6a) Importer(815301076,1909f56bfc062723c751e8b465ee728b)
Start importing Assets/Synty/PolygonSciFiCity/Models/SM_Bld_FoodHole_01.fbx using Guid(8cdb1009c1e155341a7168c24195ff6a) Importer(815301076,1909f56bfc062723c751e8b465ee728b) [PhysX] Initialized MultithreadedTaskDispatcher with 12 workers.
[PhysX] Initialized MultithreadedTaskDispatcher with 12 workers.
[PhysX] Initialized MultithreadedTaskDispatcher with 12 workers.
 -> (artifact id: 'de0871def606abcaf95f5ea1adf2bb82') in 0.016766 seconds
Number of updated asset objects reloaded before import = 0
Number of asset objects unloaded after import = 7
========================================================================
Received Import Request.
  Time since last request: 0.005316 seconds.
  path: Assets/Synty/PolygonSciFiCity/Models/SM_Bld_Background_Med_06.fbx
  artifactKey: Guid(7b68cd54141c78340a9bad375e2c9556) Importer(815301076,1909f56bfc062723c751e8b465ee728b)
Start importing Assets/Synty/PolygonSciFiCity/Models/SM_Bld_Background_Med_06.fbx using Guid(7b68cd54141c78340a9bad375e2c9556) Importer(815301076,1909f56bfc062723c751e8b465ee728b) [PhysX] Initialized MultithreadedTaskDispatcher with 12 workers.
[PhysX] Initialized MultithreadedTaskDispatcher with 12 workers.
[PhysX] Initialized MultithreadedTaskDispatcher with 12 workers.
 -> (artifact id: 'ff2cc5b190fc30d443d333ff6afbf39d') in 0.018405 seconds
Number of updated asset objects reloaded before import = 0
Number of asset objects unloaded after import = 7
========================================================================
Received Import Request.
  Time since last request: 0.000018 seconds.
  path: Assets/Synty/PolygonSciFiCity/Models/SM_Bld_Background_Small_02.fbx
  artifactKey: Guid(654b2e8552a142b4d824eaf49dd7dbed) Importer(815301076,1909f56bfc062723c751e8b465ee728b)
Start importing Assets/Synty/PolygonSciFiCity/Models/SM_Bld_Background_Small_02.fbx using Guid(654b2e8552a142b4d824eaf49dd7dbed) Importer(815301076,1909f56bfc062723c751e8b465ee728b) [PhysX] Initialized MultithreadedTaskDispatcher with 12 workers.
[PhysX] Initialized MultithreadedTaskDispatcher with 12 workers.
[PhysX] Initialized MultithreadedTaskDispatcher with 12 workers.
 -> (artifact id: '0232f646426a7a98ab05a2433d058735') in 0.016274 seconds
Number of updated asset objects reloaded before import = 0
Number of asset objects unloaded after import = 7
========================================================================
Received Import Request.
  Time since last request: 0.459247 seconds.
  path: Assets/Synty/PolygonSciFiCity/Models/SM_Bld_Background_Lrg_01.fbx
  artifactKey: Guid(f528e4334b3ce3c468fa3edc3f04156a) Importer(815301076,1909f56bfc062723c751e8b465ee728b)
Start importing Assets/Synty/PolygonSciFiCity/Models/SM_Bld_Background_Lrg_01.fbx using Guid(f528e4334b3ce3c468fa3edc3f04156a) Importer(815301076,1909f56bfc062723c751e8b465ee728b) [PhysX] Initialized MultithreadedTaskDispatcher with 12 workers.
[PhysX] Initialized MultithreadedTaskDispatcher with 12 workers.
[PhysX] Initialized MultithreadedTaskDispatcher with 12 workers.
 -> (artifact id: '79c84e3934fc22aca304fad541f8f0c4') in 0.021038 seconds
Number of updated asset objects reloaded before import = 0
Number of asset objects unloaded after import = 7
========================================================================
Received Import Request.
  Time since last request: 0.000018 seconds.
  path: Assets/Synty/PolygonSciFiCity/Models/SM_Bld_Background_Med_04.fbx
  artifactKey: Guid(0d35b40420c4af144b64e4dbef97d5bd) Importer(815301076,1909f56bfc062723c751e8b465ee728b)
Start importing Assets/Synty/PolygonSciFiCity/Models/SM_Bld_Background_Med_04.fbx using Guid(0d35b40420c4af144b64e4dbef97d5bd) Importer(815301076,1909f56bfc062723c751e8b465ee728b) [PhysX] Initialized MultithreadedTaskDispatcher with 12 workers.
[PhysX] Initialized MultithreadedTaskDispatcher with 12 workers.
[PhysX] Initialized MultithreadedTaskDispatcher with 12 workers.
 -> (artifact id: 'd2644b62384838c2cf13e8ca083c6a1c') in 0.017083 seconds
Number of updated asset objects reloaded before import = 0
Number of asset objects unloaded after import = 7
========================================================================
Received Import Request.
  Time since last request: 0.000018 seconds.
  path: Assets/Synty/PolygonSciFiCity/Models/SM_Bld_Background_Lrg_03.fbx
  artifactKey: Guid(c991f5eb02e3c8c4793c1f118c363e74) Importer(815301076,1909f56bfc062723c751e8b465ee728b)
Start importing Assets/Synty/PolygonSciFiCity/Models/SM_Bld_Background_Lrg_03.fbx using Guid(c991f5eb02e3c8c4793c1f118c363e74) Importer(815301076,1909f56bfc062723c751e8b465ee728b) [PhysX] Initialized MultithreadedTaskDispatcher with 12 workers.
[PhysX] Initialized MultithreadedTaskDispatcher with 12 workers.
[PhysX] Initialized MultithreadedTaskDispatcher with 12 workers.
 -> (artifact id: '91a4a2c06034bb20661ba81d796ef4f9') in 0.017802 seconds
Number of updated asset objects reloaded before import = 0
Number of asset objects unloaded after import = 7
========================================================================
Received Import Request.
  Time since last request: 0.067378 seconds.
  path: Assets/Synty/PolygonSciFiCity/Models/Flame_Mesh.fbx
  artifactKey: Guid(7af11619db8bcf64c85cea989d116eb4) Importer(815301076,1909f56bfc062723c751e8b465ee728b)
Start importing Assets/Synty/PolygonSciFiCity/Models/Flame_Mesh.fbx using Guid(7af11619db8bcf64c85cea989d116eb4) Importer(815301076,1909f56bfc062723c751e8b465ee728b) [PhysX] Initialized MultithreadedTaskDispatcher with 12 workers.
[PhysX] Initialized MultithreadedTaskDispatcher with 12 workers.
[PhysX] Initialized MultithreadedTaskDispatcher with 12 workers.
 -> (artifact id: 'd5050aad89a7d2c38873f3a70ce7e375') in 0.019220 seconds
Number of updated asset objects reloaded before import = 0
Number of asset objects unloaded after import = 7
========================================================================
Received Import Request.
  Time since last request: 0.000023 seconds.
  path: Assets/Synty/PolygonSciFiCity/Models/SM_Bld_Advanced_01.fbx
  artifactKey: Guid(bdc10414cdab65544a4ecdc4fd367295) Importer(815301076,1909f56bfc062723c751e8b465ee728b)
Start importing Assets/Synty/PolygonSciFiCity/Models/SM_Bld_Advanced_01.fbx using Guid(bdc10414cdab65544a4ecdc4fd367295) Importer(815301076,1909f56bfc062723c751e8b465ee728b) [PhysX] Initialized MultithreadedTaskDispatcher with 12 workers.
[PhysX] Initialized MultithreadedTaskDispatcher with 12 workers.
[PhysX] Initialized MultithreadedTaskDispatcher with 12 workers.
 -> (artifact id: '988b0c73b2207eb890db6849cefa5107') in 0.019148 seconds
Number of updated asset objects reloaded before import = 0
Number of asset objects unloaded after import = 7
========================================================================
Received Import Request.
  Time since last request: 0.000021 seconds.
  path: Assets/Synty/PolygonSciFiCity/Models/SM_Bld_Advanced_02.fbx
  artifactKey: Guid(2131246c19222cc4e8c02a103ead23b6) Importer(815301076,1909f56bfc062723c751e8b465ee728b)
Start importing Assets/Synty/PolygonSciFiCity/Models/SM_Bld_Advanced_02.fbx using Guid(2131246c19222cc4e8c02a103ead23b6) Importer(815301076,1909f56bfc062723c751e8b465ee728b) [PhysX] Initialized MultithreadedTaskDispatcher with 12 workers.
[PhysX] Initialized MultithreadedTaskDispatcher with 12 workers.
[PhysX] Initialized MultithreadedTaskDispatcher with 12 workers.
 -> (artifact id: 'af9583f32c4409f3a88da277b369d704') in 0.019182 seconds
Number of updated asset objects reloaded before import = 0
Number of asset objects unloaded after import = 7
========================================================================
Received Import Request.
  Time since last request: 4.856996 seconds.
  path: Assets/Synty/PolygonSciFiCity/Models/SM_Bld_Section_Wall_05.fbx
  artifactKey: Guid(43b5c35c7580fb449afe847c32105898) Importer(815301076,1909f56bfc062723c751e8b465ee728b)
Start importing Assets/Synty/PolygonSciFiCity/Models/SM_Bld_Section_Wall_05.fbx using Guid(43b5c35c7580fb449afe847c32105898) Importer(815301076,1909f56bfc062723c751e8b465ee728b) [PhysX] Initialized MultithreadedTaskDispatcher with 12 workers.
[PhysX] Initialized MultithreadedTaskDispatcher with 12 workers.
[PhysX] Initialized MultithreadedTaskDispatcher with 12 workers.
 -> (artifact id: '3e33eb90e16b0d1731056e21e26d49a5') in 0.024170 seconds
Number of updated asset objects reloaded before import = 0
Number of asset objects unloaded after import = 7
========================================================================
Received Import Request.
  Time since last request: 0.000023 seconds.
  path: Assets/Synty/PolygonSciFiCity/Models/SM_Bld_Section_Window_04.fbx
  artifactKey: Guid(eeefc730d2e396641bee2bf389c50dbd) Importer(815301076,1909f56bfc062723c751e8b465ee728b)
Start importing Assets/Synty/PolygonSciFiCity/Models/SM_Bld_Section_Window_04.fbx using Guid(eeefc730d2e396641bee2bf389c50dbd) Importer(815301076,1909f56bfc062723c751e8b465ee728b) [PhysX] Initialized MultithreadedTaskDispatcher with 12 workers.
[PhysX] Initialized MultithreadedTaskDispatcher with 12 workers.
[PhysX] Initialized MultithreadedTaskDispatcher with 12 workers.
 -> (artifact id: 'a85d3c70a62370691dc97b83f8d19288') in 0.030514 seconds
Number of updated asset objects reloaded before import = 0
Number of asset objects unloaded after import = 7
========================================================================
Received Import Request.
  Time since last request: 0.000023 seconds.
  path: Assets/Synty/PolygonSciFiCity/Models/SM_Bld_Section_Window_03.fbx
  artifactKey: Guid(3f1e4658969461544ba39318fa1a5528) Importer(815301076,1909f56bfc062723c751e8b465ee728b)
Start importing Assets/Synty/PolygonSciFiCity/Models/SM_Bld_Section_Window_03.fbx using Guid(3f1e4658969461544ba39318fa1a5528) Importer(815301076,1909f56bfc062723c751e8b465ee728b) [PhysX] Initialized MultithreadedTaskDispatcher with 12 workers.
[PhysX] Initialized MultithreadedTaskDispatcher with 12 workers.
[PhysX] Initialized MultithreadedTaskDispatcher with 12 workers.
 -> (artifact id: '3da1278375889e96b517914e9ddf77d7') in 0.027291 seconds
Number of updated asset objects reloaded before import = 0
Number of asset objects unloaded after import = 7
========================================================================
Received Import Request.
  Time since last request: 0.571734 seconds.
  path: Assets/Synty/PolygonSciFiCity/Models/SM_Bld_StripClub_Interior_01.fbx
  artifactKey: Guid(d9f6b047168b33f4291a603fc4cd3d48) Importer(815301076,1909f56bfc062723c751e8b465ee728b)
Start importing Assets/Synty/PolygonSciFiCity/Models/SM_Bld_StripClub_Interior_01.fbx using Guid(d9f6b047168b33f4291a603fc4cd3d48) Importer(815301076,1909f56bfc062723c751e8b465ee728b) [PhysX] Initialized MultithreadedTaskDispatcher with 12 workers.
[PhysX] Initialized MultithreadedTaskDispatcher with 12 workers.
[PhysX] Initialized MultithreadedTaskDispatcher with 12 workers.
[PhysX] Initialized MultithreadedTaskDispatcher with 12 workers.
[PhysX] Initialized MultithreadedTaskDispatcher with 12 workers.
[PhysX] Initialized MultithreadedTaskDispatcher with 12 workers.
[PhysX] Initialized MultithreadedTaskDispatcher with 12 workers.
[PhysX] Initialized MultithreadedTaskDispatcher with 12 workers.
[PhysX] Initialized MultithreadedTaskDispatcher with 12 workers.
[PhysX] Initialized MultithreadedTaskDispatcher with 12 workers.
[PhysX] Initialized MultithreadedTaskDispatcher with 12 workers.
[PhysX] Initialized MultithreadedTaskDispatcher with 12 workers.
[PhysX] Initialized MultithreadedTaskDispatcher with 12 workers.
[PhysX] Initialized MultithreadedTaskDispatcher with 12 workers.
[PhysX] Initialized MultithreadedTaskDispatcher with 12 workers.
[PhysX] Initialized MultithreadedTaskDispatcher with 12 workers.
[PhysX] Initialized MultithreadedTaskDispatcher with 12 workers.
 -> (artifact id: 'ff50028a230dd7fc94c0341a3688fd4e') in 0.080294 seconds
Number of updated asset objects reloaded before import = 0
Number of asset objects unloaded after import = 42
========================================================================
Received Import Request.
  Time since last request: 0.398766 seconds.
  path: Assets/Synty/PolygonSciFiCity/Models/SM_Env_Cloud_01.fbx
  artifactKey: Guid(c504fb4a1a2ba434fb39674bbce75392) Importer(815301076,1909f56bfc062723c751e8b465ee728b)
Start importing Assets/Synty/PolygonSciFiCity/Models/SM_Env_Cloud_01.fbx using Guid(c504fb4a1a2ba434fb39674bbce75392) Importer(815301076,1909f56bfc062723c751e8b465ee728b) [PhysX] Initialized MultithreadedTaskDispatcher with 12 workers.
[PhysX] Initialized MultithreadedTaskDispatcher with 12 workers.
[PhysX] Initialized MultithreadedTaskDispatcher with 12 workers.
 -> (artifact id: 'd25b411b85d92332b6a1c0a7ac55ae9b') in 0.020295 seconds
Number of updated asset objects reloaded before import = 0
Number of asset objects unloaded after import = 7
========================================================================
Received Import Request.
  Time since last request: 0.000021 seconds.
  path: Assets/Synty/PolygonSciFiCity/Models/SM_Env_Dirt_Mound_Small_01.fbx
  artifactKey: Guid(67fa00981eb4cbb478f3907a00ef4dac) Importer(815301076,1909f56bfc062723c751e8b465ee728b)
Start importing Assets/Synty/PolygonSciFiCity/Models/SM_Env_Dirt_Mound_Small_01.fbx using Guid(67fa00981eb4cbb478f3907a00ef4dac) Importer(815301076,1909f56bfc062723c751e8b465ee728b) [PhysX] Initialized MultithreadedTaskDispatcher with 12 workers.
[PhysX] Initialized MultithreadedTaskDispatcher with 12 workers.
[PhysX] Initialized MultithreadedTaskDispatcher with 12 workers.
 -> (artifact id: '1de6e8059ff20f42ddcf84c686ae8769') in 0.016468 seconds
Number of updated asset objects reloaded before import = 0
Number of asset objects unloaded after import = 7
========================================================================
Received Import Request.
  Time since last request: 0.000019 seconds.
  path: Assets/Synty/PolygonSciFiCity/Models/SM_Env_Cloud_04.fbx
  artifactKey: Guid(42e30c970cc0a3843a0e469b61d3333e) Importer(815301076,1909f56bfc062723c751e8b465ee728b)
Start importing Assets/Synty/PolygonSciFiCity/Models/SM_Env_Cloud_04.fbx using Guid(42e30c970cc0a3843a0e469b61d3333e) Importer(815301076,1909f56bfc062723c751e8b465ee728b) [PhysX] Initialized MultithreadedTaskDispatcher with 12 workers.
[PhysX] Initialized MultithreadedTaskDispatcher with 12 workers.
[PhysX] Initialized MultithreadedTaskDispatcher with 12 workers.
 -> (artifact id: '089be76fa02f4d9e1fa2a0d7493cd429') in 0.016337 seconds
Number of updated asset objects reloaded before import = 0
Number of asset objects unloaded after import = 7
========================================================================
Received Import Request.
  Time since last request: 0.016950 seconds.
  path: Assets/Synty/PolygonSciFiCity/Models/SM_Env_Graffiti_Ground_01.fbx
  artifactKey: Guid(9edccf08c5bfeca4cbdc146aa713b8cf) Importer(815301076,1909f56bfc062723c751e8b465ee728b)
Start importing Assets/Synty/PolygonSciFiCity/Models/SM_Env_Graffiti_Ground_01.fbx using Guid(9edccf08c5bfeca4cbdc146aa713b8cf) Importer(815301076,1909f56bfc062723c751e8b465ee728b) [PhysX] Initialized MultithreadedTaskDispatcher with 12 workers.
[PhysX] Initialized MultithreadedTaskDispatcher with 12 workers.
[PhysX] Initialized MultithreadedTaskDispatcher with 12 workers.
 -> (artifact id: 'da332e44d78abf4411edf62d94e36cdd') in 0.016928 seconds
Number of updated asset objects reloaded before import = 0
Number of asset objects unloaded after import = 7
========================================================================
Received Import Request.
  Time since last request: 0.000022 seconds.
  path: Assets/Synty/PolygonSciFiCity/Models/SM_Env_Graffiti_Wall_01.fbx
  artifactKey: Guid(9fa6e798979096344a2b96c5b694f0b2) Importer(815301076,1909f56bfc062723c751e8b465ee728b)
Start importing Assets/Synty/PolygonSciFiCity/Models/SM_Env_Graffiti_Wall_01.fbx using Guid(9fa6e798979096344a2b96c5b694f0b2) Importer(815301076,1909f56bfc062723c751e8b465ee728b) [PhysX] Initialized MultithreadedTaskDispatcher with 12 workers.
[PhysX] Initialized MultithreadedTaskDispatcher with 12 workers.
[PhysX] Initialized MultithreadedTaskDispatcher with 12 workers.
 -> (artifact id: 'fdad32e80db43d1677a334a6ebf3f295') in 0.017486 seconds
Number of updated asset objects reloaded before import = 0
Number of asset objects unloaded after import = 7
========================================================================
Received Import Request.
  Time since last request: 0.000017 seconds.
  path: Assets/Synty/PolygonSciFiCity/Models/SM_Env_Graffiti_Wall_02.fbx
  artifactKey: Guid(199c16e30a23de6448aaccab6f13ebea) Importer(815301076,1909f56bfc062723c751e8b465ee728b)
Start importing Assets/Synty/PolygonSciFiCity/Models/SM_Env_Graffiti_Wall_02.fbx using Guid(199c16e30a23de6448aaccab6f13ebea) Importer(815301076,1909f56bfc062723c751e8b465ee728b) [PhysX] Initialized MultithreadedTaskDispatcher with 12 workers.
[PhysX] Initialized MultithreadedTaskDispatcher with 12 workers.
[PhysX] Initialized MultithreadedTaskDispatcher with 12 workers.
 -> (artifact id: '105f0dbba87bfe1bdd694147413b64bb') in 0.017741 seconds
Number of updated asset objects reloaded before import = 0
Number of asset objects unloaded after import = 7
========================================================================
Received Import Request.
  Time since last request: 0.000024 seconds.
  path: Assets/Synty/PolygonSciFiCity/Models/SM_Env_Graffiti_Wall_05.fbx
  artifactKey: Guid(f74391939494ee44b8c6af9e7616629a) Importer(815301076,1909f56bfc062723c751e8b465ee728b)
Start importing Assets/Synty/PolygonSciFiCity/Models/SM_Env_Graffiti_Wall_05.fbx using Guid(f74391939494ee44b8c6af9e7616629a) Importer(815301076,1909f56bfc062723c751e8b465ee728b) [PhysX] Initialized MultithreadedTaskDispatcher with 12 workers.
[PhysX] Initialized MultithreadedTaskDispatcher with 12 workers.
[PhysX] Initialized MultithreadedTaskDispatcher with 12 workers.
 -> (artifact id: '373c4d03edb02791b602b36ae176d9af') in 0.012121 seconds
Number of updated asset objects reloaded before import = 0
Number of asset objects unloaded after import = 7
========================================================================
Received Import Request.
  Time since last request: 0.000016 seconds.
  path: Assets/Synty/PolygonSciFiCity/Models/SM_Env_Grass_Patch_02.fbx
  artifactKey: Guid(f0852a19370f74b4383d432cfda5b3fe) Importer(815301076,1909f56bfc062723c751e8b465ee728b)
Start importing Assets/Synty/PolygonSciFiCity/Models/SM_Env_Grass_Patch_02.fbx using Guid(f0852a19370f74b4383d432cfda5b3fe) Importer(815301076,1909f56bfc062723c751e8b465ee728b) [PhysX] Initialized MultithreadedTaskDispatcher with 12 workers.
[PhysX] Initialized MultithreadedTaskDispatcher with 12 workers.
[PhysX] Initialized MultithreadedTaskDispatcher with 12 workers.
 -> (artifact id: 'cd293da8e69a5b3f9d5af0809ad717dc') in 0.019116 seconds
Number of updated asset objects reloaded before import = 0
Number of asset objects unloaded after import = 7
========================================================================
Received Import Request.
  Time since last request: 1.198936 seconds.
  path: Assets/Synty/PolygonSciFiCity/Models/SM_Env_Ground_Flat_01.fbx
  artifactKey: Guid(88fd9561fa852054a916d1df12cfb320) Importer(815301076,1909f56bfc062723c751e8b465ee728b)
Start importing Assets/Synty/PolygonSciFiCity/Models/SM_Env_Ground_Flat_01.fbx using Guid(88fd9561fa852054a916d1df12cfb320) Importer(815301076,1909f56bfc062723c751e8b465ee728b) [PhysX] Initialized MultithreadedTaskDispatcher with 12 workers.
[PhysX] Initialized MultithreadedTaskDispatcher with 12 workers.
[PhysX] Initialized MultithreadedTaskDispatcher with 12 workers.
 -> (artifact id: '5f617d993a8c19b171199e28630636e9') in 0.018963 seconds
Number of updated asset objects reloaded before import = 0
Number of asset objects unloaded after import = 7
========================================================================
Received Import Request.
  Time since last request: 0.000025 seconds.
  path: Assets/Synty/PolygonSciFiCity/Models/SM_Env_Ground_Tile_02.fbx
  artifactKey: Guid(2b7b2d1ccf282e1439549becea260137) Importer(815301076,1909f56bfc062723c751e8b465ee728b)
Start importing Assets/Synty/PolygonSciFiCity/Models/SM_Env_Ground_Tile_02.fbx using Guid(2b7b2d1ccf282e1439549becea260137) Importer(815301076,1909f56bfc062723c751e8b465ee728b) [PhysX] Initialized MultithreadedTaskDispatcher with 12 workers.
[PhysX] Initialized MultithreadedTaskDispatcher with 12 workers.
[PhysX] Initialized MultithreadedTaskDispatcher with 12 workers.
 -> (artifact id: '63927c29cff258d88f0b51597dd11e97') in 0.015611 seconds
Number of updated asset objects reloaded before import = 0
Number of asset objects unloaded after import = 7
========================================================================
Received Import Request.
  Time since last request: 0.000021 seconds.
  path: Assets/Synty/PolygonSciFiCity/Models/SM_Env_Ground_Tile_06.fbx
  artifactKey: Guid(3e1e5662842cda2418acef1294ddaf56) Importer(815301076,1909f56bfc062723c751e8b465ee728b)
Start importing Assets/Synty/PolygonSciFiCity/Models/SM_Env_Ground_Tile_06.fbx using Guid(3e1e5662842cda2418acef1294ddaf56) Importer(815301076,1909f56bfc062723c751e8b465ee728b) [PhysX] Initialized MultithreadedTaskDispatcher with 12 workers.
[PhysX] Initialized MultithreadedTaskDispatcher with 12 workers.
[PhysX] Initialized MultithreadedTaskDispatcher with 12 workers.
 -> (artifact id: '14b4cfd02d35611f1cc3a1c2e73d7e9f') in 0.023831 seconds
Number of updated asset objects reloaded before import = 0
Number of asset objects unloaded after import = 7
========================================================================
Received Import Request.
  Time since last request: 0.494664 seconds.
  path: Assets/Synty/PolygonSciFiCity/Models/SM_Env_Ground_Tile_08.fbx
  artifactKey: Guid(6f68a13f30d34ce4282ff1c5b48935ab) Importer(815301076,1909f56bfc062723c751e8b465ee728b)
Start importing Assets/Synty/PolygonSciFiCity/Models/SM_Env_Ground_Tile_08.fbx using Guid(6f68a13f30d34ce4282ff1c5b48935ab) Importer(815301076,1909f56bfc062723c751e8b465ee728b) [PhysX] Initialized MultithreadedTaskDispatcher with 12 workers.
[PhysX] Initialized MultithreadedTaskDispatcher with 12 workers.
[PhysX] Initialized MultithreadedTaskDispatcher with 12 workers.
 -> (artifact id: 'afa390f56a4f153150c681a57a5e47aa') in 0.017808 seconds
Number of updated asset objects reloaded before import = 0
Number of asset objects unloaded after import = 7
========================================================================
Received Import Request.
  Time since last request: 0.000026 seconds.
  path: Assets/Synty/PolygonSciFiCity/Models/SM_Env_Ground_Tile_Floating_Platform_01.fbx
  artifactKey: Guid(d54283d2d66037144a5d9fcab47cceb9) Importer(815301076,1909f56bfc062723c751e8b465ee728b)
Start importing Assets/Synty/PolygonSciFiCity/Models/SM_Env_Ground_Tile_Floating_Platform_01.fbx using Guid(d54283d2d66037144a5d9fcab47cceb9) Importer(815301076,1909f56bfc062723c751e8b465ee728b) [PhysX] Initialized MultithreadedTaskDispatcher with 12 workers.
[PhysX] Initialized MultithreadedTaskDispatcher with 12 workers.
[PhysX] Initialized MultithreadedTaskDispatcher with 12 workers.
 -> (artifact id: '790dd290ec5c3e508773a074cdfe0d31') in 0.021876 seconds
Number of updated asset objects reloaded before import = 0
Number of asset objects unloaded after import = 7
========================================================================
Received Import Request.
  Time since last request: 0.000034 seconds.
  path: Assets/Synty/PolygonSciFiCity/Models/SM_Env_Ground_Tile_Base_04.fbx
  artifactKey: Guid(3ea75cd01f9a8af41aeae73287734a0f) Importer(815301076,1909f56bfc062723c751e8b465ee728b)
Start importing Assets/Synty/PolygonSciFiCity/Models/SM_Env_Ground_Tile_Base_04.fbx using Guid(3ea75cd01f9a8af41aeae73287734a0f) Importer(815301076,1909f56bfc062723c751e8b465ee728b) [PhysX] Initialized MultithreadedTaskDispatcher with 12 workers.
[PhysX] Initialized MultithreadedTaskDispatcher with 12 workers.
[PhysX] Initialized MultithreadedTaskDispatcher with 12 workers.
 -> (artifact id: '845974a1944e1f5fc3a61b495faa56c9') in 0.021254 seconds
Number of updated asset objects reloaded before import = 0
Number of asset objects unloaded after import = 7
========================================================================
Received Import Request.
  Time since last request: 0.000022 seconds.
  path: Assets/Synty/PolygonSciFiCity/Models/SM_Env_Ground_Tile_Half_02.fbx
  artifactKey: Guid(3a7328d74cc738c4c80145f2ede40717) Importer(815301076,1909f56bfc062723c751e8b465ee728b)
Start importing Assets/Synty/PolygonSciFiCity/Models/SM_Env_Ground_Tile_Half_02.fbx using Guid(3a7328d74cc738c4c80145f2ede40717) Importer(815301076,1909f56bfc062723c751e8b465ee728b) [PhysX] Initialized MultithreadedTaskDispatcher with 12 workers.
[PhysX] Initialized MultithreadedTaskDispatcher with 12 workers.
[PhysX] Initialized MultithreadedTaskDispatcher with 12 workers.
 -> (artifact id: 'ef3ead1e5112f94efa6087a25cd609ce') in 0.018266 seconds
Number of updated asset objects reloaded before import = 0
Number of asset objects unloaded after import = 7
========================================================================
Received Import Request.
  Time since last request: 0.000021 seconds.
  path: Assets/Synty/PolygonSciFiCity/Models/SM_Env_Living_Dome_Skybox_01.fbx
  artifactKey: Guid(7ca2dcc12345c24449cd4738324d4ef9) Importer(815301076,1909f56bfc062723c751e8b465ee728b)
Start importing Assets/Synty/PolygonSciFiCity/Models/SM_Env_Living_Dome_Skybox_01.fbx using Guid(7ca2dcc12345c24449cd4738324d4ef9) Importer(815301076,1909f56bfc062723c751e8b465ee728b) [PhysX] Initialized MultithreadedTaskDispatcher with 12 workers.
[PhysX] Initialized MultithreadedTaskDispatcher with 12 workers.
[PhysX] Initialized MultithreadedTaskDispatcher with 12 workers.
 -> (artifact id: '3fc80ec726c9204831afc9b345503ed2') in 0.019906 seconds
Number of updated asset objects reloaded before import = 0
Number of asset objects unloaded after import = 7
========================================================================
Received Import Request.
  Time since last request: 0.000022 seconds.
  path: Assets/Synty/PolygonSciFiCity/Models/SM_Env_Railing_02_Pillar.fbx
  artifactKey: Guid(98d8396ad275a684ca6b9aa755c80e17) Importer(815301076,1909f56bfc062723c751e8b465ee728b)
Start importing Assets/Synty/PolygonSciFiCity/Models/SM_Env_Railing_02_Pillar.fbx using Guid(98d8396ad275a684ca6b9aa755c80e17) Importer(815301076,1909f56bfc062723c751e8b465ee728b) [PhysX] Initialized MultithreadedTaskDispatcher with 12 workers.
[PhysX] Initialized MultithreadedTaskDispatcher with 12 workers.
[PhysX] Initialized MultithreadedTaskDispatcher with 12 workers.
 -> (artifact id: '68dd82f46db1395ee7ae0fb6886b333a') in 0.017720 seconds
Number of updated asset objects reloaded before import = 0
Number of asset objects unloaded after import = 7
========================================================================
Received Import Request.
  Time since last request: 0.000021 seconds.
  path: Assets/Synty/PolygonSciFiCity/Models/SM_Env_Railing_01_Pillar.fbx
  artifactKey: Guid(08a2e008fa7176f4fb83c412c2f4da2a) Importer(815301076,1909f56bfc062723c751e8b465ee728b)
Start importing Assets/Synty/PolygonSciFiCity/Models/SM_Env_Railing_01_Pillar.fbx using Guid(08a2e008fa7176f4fb83c412c2f4da2a) Importer(815301076,1909f56bfc062723c751e8b465ee728b) [PhysX] Initialized MultithreadedTaskDispatcher with 12 workers.
[PhysX] Initialized MultithreadedTaskDispatcher with 12 workers.
[PhysX] Initialized MultithreadedTaskDispatcher with 12 workers.
 -> (artifact id: 'fee0bf317a4c5f80e5cf0a6c1e4fbd8c') in 0.019575 seconds
Number of updated asset objects reloaded before import = 0
Number of asset objects unloaded after import = 7
========================================================================
Received Import Request.
  Time since last request: 0.000016 seconds.
  path: Assets/Synty/PolygonSciFiCity/Models/SM_Env_Road_Lines_02_SF.fbx
  artifactKey: Guid(8086582498129344e9e6cacdbac1fc1b) Importer(815301076,1909f56bfc062723c751e8b465ee728b)
Start importing Assets/Synty/PolygonSciFiCity/Models/SM_Env_Road_Lines_02_SF.fbx using Guid(8086582498129344e9e6cacdbac1fc1b) Importer(815301076,1909f56bfc062723c751e8b465ee728b) [PhysX] Initialized MultithreadedTaskDispatcher with 12 workers.
[PhysX] Initialized MultithreadedTaskDispatcher with 12 workers.
[PhysX] Initialized MultithreadedTaskDispatcher with 12 workers.
 -> (artifact id: '3139dc8088d1d4abb59defae2a268861') in 0.017937 seconds
Number of updated asset objects reloaded before import = 0
Number of asset objects unloaded after import = 7
========================================================================
Received Import Request.
  Time since last request: 0.000018 seconds.
  path: Assets/Synty/PolygonSciFiCity/Models/SM_Env_Road_Crossing_01_SF.fbx
  artifactKey: Guid(11429c0014421d84b81d9ab68d3262a6) Importer(815301076,1909f56bfc062723c751e8b465ee728b)
Start importing Assets/Synty/PolygonSciFiCity/Models/SM_Env_Road_Crossing_01_SF.fbx using Guid(11429c0014421d84b81d9ab68d3262a6) Importer(815301076,1909f56bfc062723c751e8b465ee728b) [PhysX] Initialized MultithreadedTaskDispatcher with 12 workers.
[PhysX] Initialized MultithreadedTaskDispatcher with 12 workers.
[PhysX] Initialized MultithreadedTaskDispatcher with 12 workers.
 -> (artifact id: '38f5530719af526c81f64384b54791d8') in 0.018360 seconds
Number of updated asset objects reloaded before import = 0
Number of asset objects unloaded after import = 7
========================================================================
Received Import Request.
  Time since last request: 0.000015 seconds.
  path: Assets/Synty/PolygonSciFiCity/Models/SM_Env_Ocean_Tile_Bumps_01.fbx
  artifactKey: Guid(fb9995d981951cb459e2e2379afb9b77) Importer(815301076,1909f56bfc062723c751e8b465ee728b)
Start importing Assets/Synty/PolygonSciFiCity/Models/SM_Env_Ocean_Tile_Bumps_01.fbx using Guid(fb9995d981951cb459e2e2379afb9b77) Importer(815301076,1909f56bfc062723c751e8b465ee728b) [PhysX] Initialized MultithreadedTaskDispatcher with 12 workers.
[PhysX] Initialized MultithreadedTaskDispatcher with 12 workers.
[PhysX] Initialized MultithreadedTaskDispatcher with 12 workers.
 -> (artifact id: 'ac8f056541e73b8886631c5feee82d80') in 0.018343 seconds
Number of updated asset objects reloaded before import = 0
Number of asset objects unloaded after import = 7
========================================================================
Received Import Request.
  Time since last request: 0.000061 seconds.
  path: Assets/Synty/PolygonSciFiCity/Models/SM_Env_Ground_Tile_Supports_01.fbx
  artifactKey: Guid(f6d60341393340448b6e46266675f941) Importer(815301076,1909f56bfc062723c751e8b465ee728b)
Start importing Assets/Synty/PolygonSciFiCity/Models/SM_Env_Ground_Tile_Supports_01.fbx using Guid(f6d60341393340448b6e46266675f941) Importer(815301076,1909f56bfc062723c751e8b465ee728b) [PhysX] Initialized MultithreadedTaskDispatcher with 12 workers.
[PhysX] Initialized MultithreadedTaskDispatcher with 12 workers.
[PhysX] Initialized MultithreadedTaskDispatcher with 12 workers.
 -> (artifact id: '398ee7d98a0ff1748ba4534b72fa6b13') in 0.019471 seconds
Number of updated asset objects reloaded before import = 0
Number of asset objects unloaded after import = 7
========================================================================
Received Import Request.
  Time since last request: 0.000022 seconds.
  path: Assets/Synty/PolygonSciFiCity/Models/SM_Env_Hedge_02.fbx
  artifactKey: Guid(0fe448458fc616f4d990fb4c00974f28) Importer(815301076,1909f56bfc062723c751e8b465ee728b)
Start importing Assets/Synty/PolygonSciFiCity/Models/SM_Env_Hedge_02.fbx using Guid(0fe448458fc616f4d990fb4c00974f28) Importer(815301076,1909f56bfc062723c751e8b465ee728b) [PhysX] Initialized MultithreadedTaskDispatcher with 12 workers.
[PhysX] Initialized MultithreadedTaskDispatcher with 12 workers.
[PhysX] Initialized MultithreadedTaskDispatcher with 12 workers.
 -> (artifact id: 'edb5c283f09dd52ab233cb04c1a7c648') in 0.020051 seconds
Number of updated asset objects reloaded before import = 0
Number of asset objects unloaded after import = 7
========================================================================
Received Import Request.
  Time since last request: 0.000025 seconds.
  path: Assets/Synty/PolygonSciFiCity/Models/SM_Env_Road_Bare_Half_01_SF.fbx
  artifactKey: Guid(747bbe9eb33611b46ac639fd4b5efb75) Importer(815301076,1909f56bfc062723c751e8b465ee728b)
Start importing Assets/Synty/PolygonSciFiCity/Models/SM_Env_Road_Bare_Half_01_SF.fbx using Guid(747bbe9eb33611b46ac639fd4b5efb75) Importer(815301076,1909f56bfc062723c751e8b465ee728b) [PhysX] Initialized MultithreadedTaskDispatcher with 12 workers.
[PhysX] Initialized MultithreadedTaskDispatcher with 12 workers.
[PhysX] Initialized MultithreadedTaskDispatcher with 12 workers.
 -> (artifact id: '7a04a332efd9a400f841dbac20f26c86') in 0.020021 seconds
Number of updated asset objects reloaded before import = 0
Number of asset objects unloaded after import = 7
========================================================================
Received Import Request.
  Time since last request: 0.756189 seconds.
  path: Assets/Synty/PolygonSciFiCity/Models/SM_Env_Road_ParkingLines_01_SF.fbx
  artifactKey: Guid(d1590a7a389ecde42a1dbbc40e1928ac) Importer(815301076,1909f56bfc062723c751e8b465ee728b)
Start importing Assets/Synty/PolygonSciFiCity/Models/SM_Env_Road_ParkingLines_01_SF.fbx using Guid(d1590a7a389ecde42a1dbbc40e1928ac) Importer(815301076,1909f56bfc062723c751e8b465ee728b) [PhysX] Initialized MultithreadedTaskDispatcher with 12 workers.
[PhysX] Initialized MultithreadedTaskDispatcher with 12 workers.
[PhysX] Initialized MultithreadedTaskDispatcher with 12 workers.
 -> (artifact id: '6254ccdbf318b7b01fd3b1c8fbd71ca9') in 0.018397 seconds
Number of updated asset objects reloaded before import = 0
Number of asset objects unloaded after import = 7
========================================================================
Received Import Request.
  Time since last request: 0.000019 seconds.
  path: Assets/Synty/PolygonSciFiCity/Models/SM_Env_Sidewalk_01_SF.fbx
  artifactKey: Guid(0e5b521d7284d5c41b8bcae93da34159) Importer(815301076,1909f56bfc062723c751e8b465ee728b)
Start importing Assets/Synty/PolygonSciFiCity/Models/SM_Env_Sidewalk_01_SF.fbx using Guid(0e5b521d7284d5c41b8bcae93da34159) Importer(815301076,1909f56bfc062723c751e8b465ee728b) [PhysX] Initialized MultithreadedTaskDispatcher with 12 workers.
[PhysX] Initialized MultithreadedTaskDispatcher with 12 workers.
[PhysX] Initialized MultithreadedTaskDispatcher with 12 workers.
 -> (artifact id: '2dc8dd8c60252558cd977a2d9d407553') in 0.020701 seconds
Number of updated asset objects reloaded before import = 0
Number of asset objects unloaded after import = 7
========================================================================
Received Import Request.
  Time since last request: 0.000020 seconds.
  path: Assets/Synty/PolygonSciFiCity/Models/SM_Env_Sidewalk_03_SF.fbx
  artifactKey: Guid(8ba537526b68fbe4ea00fe22383ed47b) Importer(815301076,1909f56bfc062723c751e8b465ee728b)
Start importing Assets/Synty/PolygonSciFiCity/Models/SM_Env_Sidewalk_03_SF.fbx using Guid(8ba537526b68fbe4ea00fe22383ed47b) Importer(815301076,1909f56bfc062723c751e8b465ee728b) [PhysX] Initialized MultithreadedTaskDispatcher with 12 workers.
[PhysX] Initialized MultithreadedTaskDispatcher with 12 workers.
[PhysX] Initialized MultithreadedTaskDispatcher with 12 workers.
 -> (artifact id: 'd994fe483efe641d27009073f44701c1') in 0.016648 seconds
Number of updated asset objects reloaded before import = 0
Number of asset objects unloaded after import = 7
========================================================================
Received Import Request.
  Time since last request: 0.014974 seconds.
  path: Assets/Synty/PolygonSciFiCity/Models/SM_Env_Sidewalk_Corner_Half_01.fbx
  artifactKey: Guid(ce1b933a48a711743a687b6517e9f122) Importer(815301076,1909f56bfc062723c751e8b465ee728b)
Start importing Assets/Synty/PolygonSciFiCity/Models/SM_Env_Sidewalk_Corner_Half_01.fbx using Guid(ce1b933a48a711743a687b6517e9f122) Importer(815301076,1909f56bfc062723c751e8b465ee728b) [PhysX] Initialized MultithreadedTaskDispatcher with 12 workers.
[PhysX] Initialized MultithreadedTaskDispatcher with 12 workers.
[PhysX] Initialized MultithreadedTaskDispatcher with 12 workers.
 -> (artifact id: 'b3fa8f23a11e27931f92f9830ba37aa8') in 0.017849 seconds
Number of updated asset objects reloaded before import = 0
Number of asset objects unloaded after import = 7
========================================================================
Received Import Request.
  Time since last request: 0.000014 seconds.
  path: Assets/Synty/PolygonSciFiCity/Models/SM_Env_Sidewalk_Panel_01_SF.fbx
  artifactKey: Guid(650c3be019ae5ec45872acf3dfc2a158) Importer(815301076,1909f56bfc062723c751e8b465ee728b)
Start importing Assets/Synty/PolygonSciFiCity/Models/SM_Env_Sidewalk_Panel_01_SF.fbx using Guid(650c3be019ae5ec45872acf3dfc2a158) Importer(815301076,1909f56bfc062723c751e8b465ee728b) [PhysX] Initialized MultithreadedTaskDispatcher with 12 workers.
[PhysX] Initialized MultithreadedTaskDispatcher with 12 workers.
[PhysX] Initialized MultithreadedTaskDispatcher with 12 workers.
 -> (artifact id: '229c76f1ae09f9e309db231831322fc3') in 0.018340 seconds
Number of updated asset objects reloaded before import = 0
Number of asset objects unloaded after import = 7
========================================================================
Received Import Request.
  Time since last request: 0.000019 seconds.
  path: Assets/Synty/PolygonSciFiCity/Models/SM_Env_Small_Rocks_01.fbx
  artifactKey: Guid(66a45a5fe593bf04a84b18741d0cccec) Importer(815301076,1909f56bfc062723c751e8b465ee728b)
Start importing Assets/Synty/PolygonSciFiCity/Models/SM_Env_Small_Rocks_01.fbx using Guid(66a45a5fe593bf04a84b18741d0cccec) Importer(815301076,1909f56bfc062723c751e8b465ee728b) [PhysX] Initialized MultithreadedTaskDispatcher with 12 workers.
[PhysX] Initialized MultithreadedTaskDispatcher with 12 workers.
[PhysX] Initialized MultithreadedTaskDispatcher with 12 workers.
 -> (artifact id: '856b648086247dab0db6458c71c5bcc6') in 0.020308 seconds
Number of updated asset objects reloaded before import = 0
Number of asset objects unloaded after import = 9
========================================================================
Received Import Request.
  Time since last request: 0.000024 seconds.
  path: Assets/Synty/PolygonSciFiCity/Models/SM_Env_Sidewalk_Merger_02_SF.fbx
  artifactKey: Guid(b98a43f9fd3f38d499a16a71c852b973) Importer(815301076,1909f56bfc062723c751e8b465ee728b)
Start importing Assets/Synty/PolygonSciFiCity/Models/SM_Env_Sidewalk_Merger_02_SF.fbx using Guid(b98a43f9fd3f38d499a16a71c852b973) Importer(815301076,1909f56bfc062723c751e8b465ee728b) [PhysX] Initialized MultithreadedTaskDispatcher with 12 workers.
[PhysX] Initialized MultithreadedTaskDispatcher with 12 workers.
[PhysX] Initialized MultithreadedTaskDispatcher with 12 workers.
 -> (artifact id: 'd930ab62fb9d31766c02f0a813595142') in 0.017855 seconds
Number of updated asset objects reloaded before import = 0
Number of asset objects unloaded after import = 7
========================================================================
Received Import Request.
  Time since last request: 0.000022 seconds.
  path: Assets/Synty/PolygonSciFiCity/Models/SM_Env_Sidewalk_Merger_Half_01_SF.fbx
  artifactKey: Guid(4e18bade06fbdf64da71ef8eaf873a5e) Importer(815301076,1909f56bfc062723c751e8b465ee728b)
Start importing Assets/Synty/PolygonSciFiCity/Models/SM_Env_Sidewalk_Merger_Half_01_SF.fbx using Guid(4e18bade06fbdf64da71ef8eaf873a5e) Importer(815301076,1909f56bfc062723c751e8b465ee728b) [PhysX] Initialized MultithreadedTaskDispatcher with 12 workers.
[PhysX] Initialized MultithreadedTaskDispatcher with 12 workers.
[PhysX] Initialized MultithreadedTaskDispatcher with 12 workers.
 -> (artifact id: 'a2c0e7dacae37a7b5ff18a299fbe0f30') in 0.019541 seconds
Number of updated asset objects reloaded before import = 0
Number of asset objects unloaded after import = 7
========================================================================
Received Import Request.
  Time since last request: 0.007045 seconds.
  path: Assets/Synty/PolygonSciFiCity/Models/SM_Env_Tree_01.fbx
  artifactKey: Guid(bc3b50d718b2d4742b43258449b6a749) Importer(815301076,1909f56bfc062723c751e8b465ee728b)
Start importing Assets/Synty/PolygonSciFiCity/Models/SM_Env_Tree_01.fbx using Guid(bc3b50d718b2d4742b43258449b6a749) Importer(815301076,1909f56bfc062723c751e8b465ee728b) [PhysX] Initialized MultithreadedTaskDispatcher with 12 workers.
[PhysX] Initialized MultithreadedTaskDispatcher with 12 workers.
[PhysX] Initialized MultithreadedTaskDispatcher with 12 workers.
 -> (artifact id: 'de6c6634c1b31b957e1ca8e72a97468d') in 0.016799 seconds
Number of updated asset objects reloaded before import = 0
Number of asset objects unloaded after import = 7
========================================================================
Received Import Request.
  Time since last request: 0.000029 seconds.
  path: Assets/Synty/PolygonSciFiCity/Models/SM_Env_Wall_03.fbx
  artifactKey: Guid(247db4178b694c0408731b4bf7f58cf9) Importer(815301076,1909f56bfc062723c751e8b465ee728b)
Start importing Assets/Synty/PolygonSciFiCity/Models/SM_Env_Wall_03.fbx using Guid(247db4178b694c0408731b4bf7f58cf9) Importer(815301076,1909f56bfc062723c751e8b465ee728b) [PhysX] Initialized MultithreadedTaskDispatcher with 12 workers.
[PhysX] Initialized MultithreadedTaskDispatcher with 12 workers.
[PhysX] Initialized MultithreadedTaskDispatcher with 12 workers.
 -> (artifact id: '6b3a6652fc90e805831f4d98971af36a') in 0.020076 seconds
Number of updated asset objects reloaded before import = 0
Number of asset objects unloaded after import = 7
========================================================================
Received Import Request.
  Time since last request: 0.746587 seconds.
  path: Assets/Synty/PolygonSciFiCity/Models/SM_Icon_Health.fbx
  artifactKey: Guid(d07936622c6d9e443a03da3505c107d2) Importer(815301076,1909f56bfc062723c751e8b465ee728b)
Start importing Assets/Synty/PolygonSciFiCity/Models/SM_Icon_Health.fbx using Guid(d07936622c6d9e443a03da3505c107d2) Importer(815301076,1909f56bfc062723c751e8b465ee728b) [PhysX] Initialized MultithreadedTaskDispatcher with 12 workers.
[PhysX] Initialized MultithreadedTaskDispatcher with 12 workers.
[PhysX] Initialized MultithreadedTaskDispatcher with 12 workers.
 -> (artifact id: '202e3f6b3c24d6377d4eaf26d9335948') in 0.025343 seconds
Number of updated asset objects reloaded before import = 0
Number of asset objects unloaded after import = 7
========================================================================
Received Import Request.
  Time since last request: 0.000022 seconds.
  path: Assets/Synty/PolygonSciFiCity/Models/SM_Prop_Advertisement_Pillar_01.fbx
  artifactKey: Guid(84bc413d7ba666441a5d6e2ea75b438a) Importer(815301076,1909f56bfc062723c751e8b465ee728b)
Start importing Assets/Synty/PolygonSciFiCity/Models/SM_Prop_Advertisement_Pillar_01.fbx using Guid(84bc413d7ba666441a5d6e2ea75b438a) Importer(815301076,1909f56bfc062723c751e8b465ee728b) [PhysX] Initialized MultithreadedTaskDispatcher with 12 workers.
[PhysX] Initialized MultithreadedTaskDispatcher with 12 workers.
[PhysX] Initialized MultithreadedTaskDispatcher with 12 workers.
 -> (artifact id: 'aaf3b40957de6f354c18624bdf46f90a') in 0.024166 seconds
Number of updated asset objects reloaded before import = 0
Number of asset objects unloaded after import = 7
========================================================================
Received Import Request.
  Time since last request: 0.012082 seconds.
  path: Assets/Synty/PolygonSciFiCity/Models/SM_Prop_AirConditioningGrid_01.fbx
  artifactKey: Guid(52a4f08afa968fe4b98fc0b6c89bd1d5) Importer(815301076,1909f56bfc062723c751e8b465ee728b)
Start importing Assets/Synty/PolygonSciFiCity/Models/SM_Prop_AirConditioningGrid_01.fbx using Guid(52a4f08afa968fe4b98fc0b6c89bd1d5) Importer(815301076,1909f56bfc062723c751e8b465ee728b) [PhysX] Initialized MultithreadedTaskDispatcher with 12 workers.
[PhysX] Initialized MultithreadedTaskDispatcher with 12 workers.
[PhysX] Initialized MultithreadedTaskDispatcher with 12 workers.
 -> (artifact id: 'e394d82e8261841575d3da34b5b65695') in 0.027503 seconds
Number of updated asset objects reloaded before import = 0
Number of asset objects unloaded after import = 7
========================================================================
Received Import Request.
  Time since last request: 0.000415 seconds.
  path: Assets/Synty/PolygonSciFiCity/Models/SM_Prop_Barrier_02.fbx
  artifactKey: Guid(42ae594141c630b42b9a3c870c1d25c2) Importer(815301076,1909f56bfc062723c751e8b465ee728b)
Start importing Assets/Synty/PolygonSciFiCity/Models/SM_Prop_Barrier_02.fbx using Guid(42ae594141c630b42b9a3c870c1d25c2) Importer(815301076,1909f56bfc062723c751e8b465ee728b) [PhysX] Initialized MultithreadedTaskDispatcher with 12 workers.
[PhysX] Initialized MultithreadedTaskDispatcher with 12 workers.
[PhysX] Initialized MultithreadedTaskDispatcher with 12 workers.
 -> (artifact id: '691d448f1b462bbfaf84da3a7e9adc60') in 0.028645 seconds
Number of updated asset objects reloaded before import = 0
Number of asset objects unloaded after import = 7
========================================================================
Received Import Request.
  Time since last request: 0.000023 seconds.
  path: Assets/Synty/PolygonSciFiCity/Models/SM_Prop_Antenna.fbx
  artifactKey: Guid(2933fd0e791c5224fb48477a278f73db) Importer(815301076,1909f56bfc062723c751e8b465ee728b)
Start importing Assets/Synty/PolygonSciFiCity/Models/SM_Prop_Antenna.fbx using Guid(2933fd0e791c5224fb48477a278f73db) Importer(815301076,1909f56bfc062723c751e8b465ee728b) [PhysX] Initialized MultithreadedTaskDispatcher with 12 workers.
[PhysX] Initialized MultithreadedTaskDispatcher with 12 workers.
[PhysX] Initialized MultithreadedTaskDispatcher with 12 workers.
 -> (artifact id: 'e64ce9e71eb8dc2a46c25d064a92d672') in 0.023159 seconds
Number of updated asset objects reloaded before import = 0
Number of asset objects unloaded after import = 7
========================================================================
Received Import Request.
  Time since last request: 0.000021 seconds.
  path: Assets/Synty/PolygonSciFiCity/Models/SM_Prop_Beams_01.fbx
  artifactKey: Guid(7d35fa93d8b63a841ba85a6a8ac47827) Importer(815301076,1909f56bfc062723c751e8b465ee728b)
Start importing Assets/Synty/PolygonSciFiCity/Models/SM_Prop_Beams_01.fbx using Guid(7d35fa93d8b63a841ba85a6a8ac47827) Importer(815301076,1909f56bfc062723c751e8b465ee728b) [PhysX] Initialized MultithreadedTaskDispatcher with 12 workers.
[PhysX] Initialized MultithreadedTaskDispatcher with 12 workers.
[PhysX] Initialized MultithreadedTaskDispatcher with 12 workers.
 -> (artifact id: 'ad7fe2fceff26ba85b71cabecc30e716') in 0.021479 seconds
Number of updated asset objects reloaded before import = 0
Number of asset objects unloaded after import = 7
========================================================================
Received Import Request.
  Time since last request: 0.000018 seconds.
  path: Assets/Synty/PolygonSciFiCity/Models/SM_Prop_Barrier_Plastic_02.fbx
  artifactKey: Guid(ef9137cfabbb7c24a9065ba826c40c51) Importer(815301076,1909f56bfc062723c751e8b465ee728b)
Start importing Assets/Synty/PolygonSciFiCity/Models/SM_Prop_Barrier_Plastic_02.fbx using Guid(ef9137cfabbb7c24a9065ba826c40c51) Importer(815301076,1909f56bfc062723c751e8b465ee728b) [PhysX] Initialized MultithreadedTaskDispatcher with 12 workers.
[PhysX] Initialized MultithreadedTaskDispatcher with 12 workers.
[PhysX] Initialized MultithreadedTaskDispatcher with 12 workers.
 -> (artifact id: 'e4b6bb6edc2670708547bb874c8cb9e1') in 0.022093 seconds
Number of updated asset objects reloaded before import = 0
Number of asset objects unloaded after import = 9
========================================================================
Received Import Request.
  Time since last request: 0.000023 seconds.
  path: Assets/Synty/PolygonSciFiCity/Models/SM_Prop_Barrier_01.fbx
  artifactKey: Guid(26af201b7e78ab248b739a17d79c9a39) Importer(815301076,1909f56bfc062723c751e8b465ee728b)
Start importing Assets/Synty/PolygonSciFiCity/Models/SM_Prop_Barrier_01.fbx using Guid(26af201b7e78ab248b739a17d79c9a39) Importer(815301076,1909f56bfc062723c751e8b465ee728b) [PhysX] Initialized MultithreadedTaskDispatcher with 12 workers.
[PhysX] Initialized MultithreadedTaskDispatcher with 12 workers.
[PhysX] Initialized MultithreadedTaskDispatcher with 12 workers.
 -> (artifact id: 'b25a4038af6d2dfaaa6ebc5c645fe79e') in 0.019637 seconds
Number of updated asset objects reloaded before import = 0
Number of asset objects unloaded after import = 7
========================================================================
Received Import Request.
  Time since last request: 0.000026 seconds.
  path: Assets/Synty/PolygonSciFiCity/Models/SM_Prop_Bench_01.fbx
  artifactKey: Guid(06f249ee40d72fb4c8cda0cd7f2cf86c) Importer(815301076,1909f56bfc062723c751e8b465ee728b)
Start importing Assets/Synty/PolygonSciFiCity/Models/SM_Prop_Bench_01.fbx using Guid(06f249ee40d72fb4c8cda0cd7f2cf86c) Importer(815301076,1909f56bfc062723c751e8b465ee728b) [PhysX] Initialized MultithreadedTaskDispatcher with 12 workers.
[PhysX] Initialized MultithreadedTaskDispatcher with 12 workers.
[PhysX] Initialized MultithreadedTaskDispatcher with 12 workers.
 -> (artifact id: '22889c65212f0176f4e05a082501cc5e') in 0.020619 seconds
Number of updated asset objects reloaded before import = 0
Number of asset objects unloaded after import = 7
========================================================================
Received Import Request.
  Time since last request: 0.000024 seconds.
  path: Assets/Synty/PolygonSciFiCity/Models/SM_Prop_Bank_Booth_Pillar_01.fbx
  artifactKey: Guid(b140ee96a780c524bb9e276fb0df005c) Importer(815301076,1909f56bfc062723c751e8b465ee728b)
Start importing Assets/Synty/PolygonSciFiCity/Models/SM_Prop_Bank_Booth_Pillar_01.fbx using Guid(b140ee96a780c524bb9e276fb0df005c) Importer(815301076,1909f56bfc062723c751e8b465ee728b) [PhysX] Initialized MultithreadedTaskDispatcher with 12 workers.
[PhysX] Initialized MultithreadedTaskDispatcher with 12 workers.
[PhysX] Initialized MultithreadedTaskDispatcher with 12 workers.
 -> (artifact id: 'fad27ade7006eaf0222f5568fddc26c2') in 0.031598 seconds
Number of updated asset objects reloaded before import = 0
Number of asset objects unloaded after import = 7
========================================================================
Received Import Request.
  Time since last request: 0.000150 seconds.
  path: Assets/Synty/PolygonSciFiCity/Models/SM_Prop_Cable_Crossing_Pillar_01.fbx
  artifactKey: Guid(dc8e1e7ca563cb148a6899612d665548) Importer(815301076,1909f56bfc062723c751e8b465ee728b)
Start importing Assets/Synty/PolygonSciFiCity/Models/SM_Prop_Cable_Crossing_Pillar_01.fbx using Guid(dc8e1e7ca563cb148a6899612d665548) Importer(815301076,1909f56bfc062723c751e8b465ee728b) [PhysX] Initialized MultithreadedTaskDispatcher with 12 workers.
[PhysX] Initialized MultithreadedTaskDispatcher with 12 workers.
[PhysX] Initialized MultithreadedTaskDispatcher with 12 workers.
 -> (artifact id: '7777bd0141beedf42df9f700f4227f57') in 0.029955 seconds
Number of updated asset objects reloaded before import = 0
Number of asset objects unloaded after import = 7
========================================================================
Received Import Request.
  Time since last request: 0.000037 seconds.
  path: Assets/Synty/PolygonSciFiCity/Models/SM_Prop_Box_RobotParts_01.fbx
  artifactKey: Guid(bc7273f9befb24d4ab0fa91069fa3d47) Importer(815301076,1909f56bfc062723c751e8b465ee728b)
Start importing Assets/Synty/PolygonSciFiCity/Models/SM_Prop_Box_RobotParts_01.fbx using Guid(bc7273f9befb24d4ab0fa91069fa3d47) Importer(815301076,1909f56bfc062723c751e8b465ee728b) [PhysX] Initialized MultithreadedTaskDispatcher with 12 workers.
[PhysX] Initialized MultithreadedTaskDispatcher with 12 workers.
[PhysX] Initialized MultithreadedTaskDispatcher with 12 workers.
 -> (artifact id: '83f6b89cf30ba7d41087b8f68fdb9d44') in 0.023022 seconds
Number of updated asset objects reloaded before import = 0
Number of asset objects unloaded after import = 7
========================================================================
Received Import Request.
  Time since last request: 0.889596 seconds.
  path: Assets/Synty/PolygonSciFiCity/Models/SM_Prop_Cables_01.fbx
  artifactKey: Guid(9080d17ac246e2446af03f3e5c60d186) Importer(815301076,1909f56bfc062723c751e8b465ee728b)
Start importing Assets/Synty/PolygonSciFiCity/Models/SM_Prop_Cables_01.fbx using Guid(9080d17ac246e2446af03f3e5c60d186) Importer(815301076,1909f56bfc062723c751e8b465ee728b) [PhysX] Initialized MultithreadedTaskDispatcher with 12 workers.
[PhysX] Initialized MultithreadedTaskDispatcher with 12 workers.
[PhysX] Initialized MultithreadedTaskDispatcher with 12 workers.
 -> (artifact id: 'caf3fb26638dd986fcfb1fa8719c2e3e') in 0.017181 seconds
Number of updated asset objects reloaded before import = 0
Number of asset objects unloaded after import = 7
========================================================================
Received Import Request.
  Time since last request: 0.000019 seconds.
  path: Assets/Synty/PolygonSciFiCity/Models/SM_Prop_Cage_01.fbx
  artifactKey: Guid(7c96f071d1725bd44905a73189ef93ba) Importer(815301076,1909f56bfc062723c751e8b465ee728b)
Start importing Assets/Synty/PolygonSciFiCity/Models/SM_Prop_Cage_01.fbx using Guid(7c96f071d1725bd44905a73189ef93ba) Importer(815301076,1909f56bfc062723c751e8b465ee728b) [PhysX] Initialized MultithreadedTaskDispatcher with 12 workers.
[PhysX] Initialized MultithreadedTaskDispatcher with 12 workers.
[PhysX] Initialized MultithreadedTaskDispatcher with 12 workers.
 -> (artifact id: '2ee5d8b5d716674ebb102ef7e480849b') in 0.019088 seconds
Number of updated asset objects reloaded before import = 0
Number of asset objects unloaded after import = 7
========================================================================
Received Import Request.
  Time since last request: 0.459897 seconds.
  path: Assets/Synty/PolygonSciFiCity/Models/SM_Prop_Chain_01.fbx
  artifactKey: Guid(ce4b0f3f8edd4fe45adbffbca8f41029) Importer(815301076,1909f56bfc062723c751e8b465ee728b)
Start importing Assets/Synty/PolygonSciFiCity/Models/SM_Prop_Chain_01.fbx using Guid(ce4b0f3f8edd4fe45adbffbca8f41029) Importer(815301076,1909f56bfc062723c751e8b465ee728b) [PhysX] Initialized MultithreadedTaskDispatcher with 12 workers.
[PhysX] Initialized MultithreadedTaskDispatcher with 12 workers.
[PhysX] Initialized MultithreadedTaskDispatcher with 12 workers.
 -> (artifact id: '9f59be5ff6efeb52f1c66b79b7f0f7b9') in 0.019285 seconds
Number of updated asset objects reloaded before import = 0
Number of asset objects unloaded after import = 7
========================================================================
Received Import Request.
  Time since last request: 0.000029 seconds.
  path: Assets/Synty/PolygonSciFiCity/Models/SM_Prop_Cog_01.fbx
  artifactKey: Guid(79d630699761a554799ebf27a335b1a1) Importer(815301076,1909f56bfc062723c751e8b465ee728b)
Start importing Assets/Synty/PolygonSciFiCity/Models/SM_Prop_Cog_01.fbx using Guid(79d630699761a554799ebf27a335b1a1) Importer(815301076,1909f56bfc062723c751e8b465ee728b) [PhysX] Initialized MultithreadedTaskDispatcher with 12 workers.
[PhysX] Initialized MultithreadedTaskDispatcher with 12 workers.
[PhysX] Initialized MultithreadedTaskDispatcher with 12 workers.
 -> (artifact id: 'cc4b6dc3e896c308e25ee428ae7ae4e0') in 0.020279 seconds
Number of updated asset objects reloaded before import = 0
Number of asset objects unloaded after import = 7
========================================================================
Received Import Request.
  Time since last request: 0.000027 seconds.
  path: Assets/Synty/PolygonSciFiCity/Models/SM_Prop_Chain_03.fbx
  artifactKey: Guid(9008d4cf5741a454e80fda041d9fe240) Importer(815301076,1909f56bfc062723c751e8b465ee728b)
Start importing Assets/Synty/PolygonSciFiCity/Models/SM_Prop_Chain_03.fbx using Guid(9008d4cf5741a454e80fda041d9fe240) Importer(815301076,1909f56bfc062723c751e8b465ee728b) [PhysX] Initialized MultithreadedTaskDispatcher with 12 workers.
[PhysX] Initialized MultithreadedTaskDispatcher with 12 workers.
[PhysX] Initialized MultithreadedTaskDispatcher with 12 workers.
 -> (artifact id: '993da2de5a399a1ad3d0c870776ddbdb') in 0.018035 seconds
Number of updated asset objects reloaded before import = 0
Number of asset objects unloaded after import = 7
========================================================================
Received Import Request.
  Time since last request: 0.612173 seconds.
  path: Assets/Synty/PolygonSciFiCity/Models/SM_Prop_ControlPanel_02.fbx
  artifactKey: Guid(0dbcc3e2500156644a3569902ea5115a) Importer(815301076,1909f56bfc062723c751e8b465ee728b)
Start importing Assets/Synty/PolygonSciFiCity/Models/SM_Prop_ControlPanel_02.fbx using Guid(0dbcc3e2500156644a3569902ea5115a) Importer(815301076,1909f56bfc062723c751e8b465ee728b) [PhysX] Initialized MultithreadedTaskDispatcher with 12 workers.
[PhysX] Initialized MultithreadedTaskDispatcher with 12 workers.
[PhysX] Initialized MultithreadedTaskDispatcher with 12 workers.
 -> (artifact id: '32301db9b9a2838dc4e45fb51be299f7') in 0.025504 seconds
Number of updated asset objects reloaded before import = 0
Number of asset objects unloaded after import = 7
========================================================================
Received Import Request.
  Time since last request: 0.000023 seconds.
  path: Assets/Synty/PolygonSciFiCity/Models/SM_Prop_Crate_03.fbx
  artifactKey: Guid(da30eb5572d991e4e8b0cc8143e7b9e2) Importer(815301076,1909f56bfc062723c751e8b465ee728b)
Start importing Assets/Synty/PolygonSciFiCity/Models/SM_Prop_Crate_03.fbx using Guid(da30eb5572d991e4e8b0cc8143e7b9e2) Importer(815301076,1909f56bfc062723c751e8b465ee728b) [PhysX] Initialized MultithreadedTaskDispatcher with 12 workers.
[PhysX] Initialized MultithreadedTaskDispatcher with 12 workers.
[PhysX] Initialized MultithreadedTaskDispatcher with 12 workers.
 -> (artifact id: '5620903bfddb6ed34b03845989a09473') in 0.028250 seconds
Number of updated asset objects reloaded before import = 0
Number of asset objects unloaded after import = 7
========================================================================
Received Import Request.
  Time since last request: 0.000024 seconds.
  path: Assets/Synty/PolygonSciFiCity/Models/SM_Prop_Crate_Large_01.fbx
  artifactKey: Guid(4c8e808cf38e1674083263654c78ba41) Importer(815301076,1909f56bfc062723c751e8b465ee728b)
Start importing Assets/Synty/PolygonSciFiCity/Models/SM_Prop_Crate_Large_01.fbx using Guid(4c8e808cf38e1674083263654c78ba41) Importer(815301076,1909f56bfc062723c751e8b465ee728b) [PhysX] Initialized MultithreadedTaskDispatcher with 12 workers.
[PhysX] Initialized MultithreadedTaskDispatcher with 12 workers.
[PhysX] Initialized MultithreadedTaskDispatcher with 12 workers.
 -> (artifact id: 'aa59ec89d812f968f26c64a902b2b02a') in 0.024009 seconds
Number of updated asset objects reloaded before import = 0
Number of asset objects unloaded after import = 7
========================================================================
Received Import Request.
  Time since last request: 0.029632 seconds.
  path: Assets/Synty/PolygonSciFiCity/Models/SM_Prop_Crate_Military_02.fbx
  artifactKey: Guid(7ca878bade9aaee4a970502a27e29f28) Importer(815301076,1909f56bfc062723c751e8b465ee728b)
Start importing Assets/Synty/PolygonSciFiCity/Models/SM_Prop_Crate_Military_02.fbx using Guid(7ca878bade9aaee4a970502a27e29f28) Importer(815301076,1909f56bfc062723c751e8b465ee728b) [PhysX] Initialized MultithreadedTaskDispatcher with 12 workers.
[PhysX] Initialized MultithreadedTaskDispatcher with 12 workers.
[PhysX] Initialized MultithreadedTaskDispatcher with 12 workers.
[PhysX] Initialized MultithreadedTaskDispatcher with 12 workers.
[PhysX] Initialized MultithreadedTaskDispatcher with 12 workers.
 -> (artifact id: 'bf8ee937bc9d3cfdda400d298ac5e7ec') in 0.024472 seconds
Number of updated asset objects reloaded before import = 0
Number of asset objects unloaded after import = 12
========================================================================
Received Import Request.
  Time since last request: 0.000017 seconds.
  path: Assets/Synty/PolygonSciFiCity/Models/SM_Prop_DeadZub_03.fbx
  artifactKey: Guid(daa6391028755e546b6ecd278859e768) Importer(815301076,1909f56bfc062723c751e8b465ee728b)
Start importing Assets/Synty/PolygonSciFiCity/Models/SM_Prop_DeadZub_03.fbx using Guid(daa6391028755e546b6ecd278859e768) Importer(815301076,1909f56bfc062723c751e8b465ee728b) [PhysX] Initialized MultithreadedTaskDispatcher with 12 workers.
[PhysX] Initialized MultithreadedTaskDispatcher with 12 workers.
[PhysX] Initialized MultithreadedTaskDispatcher with 12 workers.
 -> (artifact id: '419f775dcbfb32c49c2fce6b5d738c60') in 0.019123 seconds
Number of updated asset objects reloaded before import = 0
Number of asset objects unloaded after import = 7
========================================================================
Received Import Request.
  Time since last request: 0.000021 seconds.
  path: Assets/Synty/PolygonSciFiCity/Models/SM_Prop_Cylinder_01.fbx
  artifactKey: Guid(03c324741b011644c87acabc30776179) Importer(815301076,1909f56bfc062723c751e8b465ee728b)
Start importing Assets/Synty/PolygonSciFiCity/Models/SM_Prop_Cylinder_01.fbx using Guid(03c324741b011644c87acabc30776179) Importer(815301076,1909f56bfc062723c751e8b465ee728b) [PhysX] Initialized MultithreadedTaskDispatcher with 12 workers.
[PhysX] Initialized MultithreadedTaskDispatcher with 12 workers.
[PhysX] Initialized MultithreadedTaskDispatcher with 12 workers.
[PhysX] Initialized MultithreadedTaskDispatcher with 12 workers.
[PhysX] Initialized MultithreadedTaskDispatcher with 12 workers.
 -> (artifact id: '9684a3bfb961717d0565debc859173a4') in 0.024668 seconds
Number of updated asset objects reloaded before import = 0
Number of asset objects unloaded after import = 12
========================================================================
Received Import Request.
  Time since last request: 0.216824 seconds.
  path: Assets/Synty/PolygonSciFiCity/Models/SM_Prop_DeadZub_05.fbx
  artifactKey: Guid(df7eb7b2ba6e2ca4497ccb8e79e6c640) Importer(815301076,1909f56bfc062723c751e8b465ee728b)
Start importing Assets/Synty/PolygonSciFiCity/Models/SM_Prop_DeadZub_05.fbx using Guid(df7eb7b2ba6e2ca4497ccb8e79e6c640) Importer(815301076,1909f56bfc062723c751e8b465ee728b) [PhysX] Initialized MultithreadedTaskDispatcher with 12 workers.
[PhysX] Initialized MultithreadedTaskDispatcher with 12 workers.
[PhysX] Initialized MultithreadedTaskDispatcher with 12 workers.
 -> (artifact id: 'caaf6ba0a6baf4626177a18834086ba5') in 0.019584 seconds
Number of updated asset objects reloaded before import = 0
Number of asset objects unloaded after import = 7
========================================================================
Received Import Request.
  Time since last request: 0.000014 seconds.
  path: Assets/Synty/PolygonSciFiCity/Models/SM_Prop_Door_03.fbx
  artifactKey: Guid(79930bd55923a194cbcfbb7843f2b3be) Importer(815301076,1909f56bfc062723c751e8b465ee728b)
Start importing Assets/Synty/PolygonSciFiCity/Models/SM_Prop_Door_03.fbx using Guid(79930bd55923a194cbcfbb7843f2b3be) Importer(815301076,1909f56bfc062723c751e8b465ee728b) [PhysX] Initialized MultithreadedTaskDispatcher with 12 workers.
[PhysX] Initialized MultithreadedTaskDispatcher with 12 workers.
[PhysX] Initialized MultithreadedTaskDispatcher with 12 workers.
[PhysX] Initialized MultithreadedTaskDispatcher with 12 workers.
[PhysX] Initialized MultithreadedTaskDispatcher with 12 workers.
 -> (artifact id: '81fc5223a1e04a713eefe95707f50eb7') in 0.026967 seconds
Number of updated asset objects reloaded before import = 0
Number of asset objects unloaded after import = 12
========================================================================
Received Import Request.
  Time since last request: 0.795290 seconds.
  path: Assets/Synty/PolygonSciFiCity/Models/SM_Prop_Door_Chopshop_01.fbx
  artifactKey: Guid(59b24a6013afa7148910831b3f1821e2) Importer(815301076,1909f56bfc062723c751e8b465ee728b)
Start importing Assets/Synty/PolygonSciFiCity/Models/SM_Prop_Door_Chopshop_01.fbx using Guid(59b24a6013afa7148910831b3f1821e2) Importer(815301076,1909f56bfc062723c751e8b465ee728b) [PhysX] Initialized MultithreadedTaskDispatcher with 12 workers.
[PhysX] Initialized MultithreadedTaskDispatcher with 12 workers.
[PhysX] Initialized MultithreadedTaskDispatcher with 12 workers.
 -> (artifact id: '92a9ec17f5a1271328b9e4f287bbefb8') in 0.020889 seconds
Number of updated asset objects reloaded before import = 0
Number of asset objects unloaded after import = 7
========================================================================
Received Import Request.
  Time since last request: 0.000019 seconds.
  path: Assets/Synty/PolygonSciFiCity/Models/SM_Prop_Drone_Ball_01.fbx
  artifactKey: Guid(20dbdaf5f3ee0df4d9661e30c9dab4ab) Importer(815301076,1909f56bfc062723c751e8b465ee728b)
Start importing Assets/Synty/PolygonSciFiCity/Models/SM_Prop_Drone_Ball_01.fbx using Guid(20dbdaf5f3ee0df4d9661e30c9dab4ab) Importer(815301076,1909f56bfc062723c751e8b465ee728b) [PhysX] Initialized MultithreadedTaskDispatcher with 12 workers.
[PhysX] Initialized MultithreadedTaskDispatcher with 12 workers.
[PhysX] Initialized MultithreadedTaskDispatcher with 12 workers.
 -> (artifact id: '16b766ba83a9fbbbce88a388d52cc5b0') in 0.021432 seconds
Number of updated asset objects reloaded before import = 0
Number of asset objects unloaded after import = 7
========================================================================
Received Import Request.
  Time since last request: 0.000022 seconds.
  path: Assets/Synty/PolygonSciFiCity/Models/SM_Prop_Drone_02.fbx
  artifactKey: Guid(412db5f329c880a41b71a16d3a93c0be) Importer(815301076,1909f56bfc062723c751e8b465ee728b)
Start importing Assets/Synty/PolygonSciFiCity/Models/SM_Prop_Drone_02.fbx using Guid(412db5f329c880a41b71a16d3a93c0be) Importer(815301076,1909f56bfc062723c751e8b465ee728b) [PhysX] Initialized MultithreadedTaskDispatcher with 12 workers.
[PhysX] Initialized MultithreadedTaskDispatcher with 12 workers.
[PhysX] Initialized MultithreadedTaskDispatcher with 12 workers.
 -> (artifact id: 'c9709f891cebe551d537730e77916d59') in 0.017371 seconds
Number of updated asset objects reloaded before import = 0
Number of asset objects unloaded after import = 7
========================================================================
Received Import Request.
  Time since last request: 0.000019 seconds.
  path: Assets/Synty/PolygonSciFiCity/Models/SM_Prop_FoodTray_03.fbx
  artifactKey: Guid(dde439e1827dbf340a5837241b2013a6) Importer(815301076,1909f56bfc062723c751e8b465ee728b)
Start importing Assets/Synty/PolygonSciFiCity/Models/SM_Prop_FoodTray_03.fbx using Guid(dde439e1827dbf340a5837241b2013a6) Importer(815301076,1909f56bfc062723c751e8b465ee728b) [PhysX] Initialized MultithreadedTaskDispatcher with 12 workers.
[PhysX] Initialized MultithreadedTaskDispatcher with 12 workers.
[PhysX] Initialized MultithreadedTaskDispatcher with 12 workers.
 -> (artifact id: '862855471364d0de1a1b7ac0b5273709') in 0.017798 seconds
Number of updated asset objects reloaded before import = 0
Number of asset objects unloaded after import = 7
========================================================================
Received Import Request.
  Time since last request: 0.000018 seconds.
  path: Assets/Synty/PolygonSciFiCity/Models/SM_Prop_Glass_01.fbx
  artifactKey: Guid(edc60e91771a98f42b1d2901b50d2c8a) Importer(815301076,1909f56bfc062723c751e8b465ee728b)
Start importing Assets/Synty/PolygonSciFiCity/Models/SM_Prop_Glass_01.fbx using Guid(edc60e91771a98f42b1d2901b50d2c8a) Importer(815301076,1909f56bfc062723c751e8b465ee728b) [PhysX] Initialized MultithreadedTaskDispatcher with 12 workers.
[PhysX] Initialized MultithreadedTaskDispatcher with 12 workers.
[PhysX] Initialized MultithreadedTaskDispatcher with 12 workers.
[PhysX] Initialized MultithreadedTaskDispatcher with 12 workers.
[PhysX] Initialized MultithreadedTaskDispatcher with 12 workers.
 -> (artifact id: '694521fd50c7a9213a03fed218503567') in 0.028814 seconds
Number of updated asset objects reloaded before import = 0
Number of asset objects unloaded after import = 12
========================================================================
Received Import Request.
  Time since last request: 0.000023 seconds.
  path: Assets/Synty/PolygonSciFiCity/Models/SM_Prop_Hologram_Bottle_03.fbx
  artifactKey: Guid(ad6a0c0b0b6cda747b9b203815586cb2) Importer(815301076,1909f56bfc062723c751e8b465ee728b)
Start importing Assets/Synty/PolygonSciFiCity/Models/SM_Prop_Hologram_Bottle_03.fbx using Guid(ad6a0c0b0b6cda747b9b203815586cb2) Importer(815301076,1909f56bfc062723c751e8b465ee728b) [PhysX] Initialized MultithreadedTaskDispatcher with 12 workers.
[PhysX] Initialized MultithreadedTaskDispatcher with 12 workers.
[PhysX] Initialized MultithreadedTaskDispatcher with 12 workers.
[PhysX] Initialized MultithreadedTaskDispatcher with 12 workers.
[PhysX] Initialized MultithreadedTaskDispatcher with 12 workers.
 -> (artifact id: '7d0fc7b35cd787272288edb385e05aa6') in 0.028964 seconds
Number of updated asset objects reloaded before import = 0
Number of asset objects unloaded after import = 14
========================================================================
Received Import Request.
  Time since last request: 0.000030 seconds.
  path: Assets/Synty/PolygonSciFiCity/Models/SM_Prop_Jar_01.fbx
  artifactKey: Guid(24710d329297e4e4d9fbd5a32c3db873) Importer(815301076,1909f56bfc062723c751e8b465ee728b)
Start importing Assets/Synty/PolygonSciFiCity/Models/SM_Prop_Jar_01.fbx using Guid(24710d329297e4e4d9fbd5a32c3db873) Importer(815301076,1909f56bfc062723c751e8b465ee728b) [PhysX] Initialized MultithreadedTaskDispatcher with 12 workers.
[PhysX] Initialized MultithreadedTaskDispatcher with 12 workers.
[PhysX] Initialized MultithreadedTaskDispatcher with 12 workers.
[PhysX] Initialized MultithreadedTaskDispatcher with 12 workers.
[PhysX] Initialized MultithreadedTaskDispatcher with 12 workers.
 -> (artifact id: '475d1805e22a5b73106c5a68d98d4dae') in 0.027000 seconds
Number of updated asset objects reloaded before import = 0
Number of asset objects unloaded after import = 12
========================================================================
Received Import Request.
  Time since last request: 0.000026 seconds.
  path: Assets/Synty/PolygonSciFiCity/Models/SM_Prop_JarLiquid_01.fbx
  artifactKey: Guid(c964c84d996d1f04c830bbe56acb25ef) Importer(815301076,1909f56bfc062723c751e8b465ee728b)
Start importing Assets/Synty/PolygonSciFiCity/Models/SM_Prop_JarLiquid_01.fbx using Guid(c964c84d996d1f04c830bbe56acb25ef) Importer(815301076,1909f56bfc062723c751e8b465ee728b) [PhysX] Initialized MultithreadedTaskDispatcher with 12 workers.
[PhysX] Initialized MultithreadedTaskDispatcher with 12 workers.
[PhysX] Initialized MultithreadedTaskDispatcher with 12 workers.
 -> (artifact id: 'aed8b04917dab43562b915e26356bac6') in 0.017074 seconds
Number of updated asset objects reloaded before import = 0
Number of asset objects unloaded after import = 7
========================================================================
Received Import Request.
  Time since last request: 0.000030 seconds.
  path: Assets/Synty/PolygonSciFiCity/Models/SM_Prop_Jar_04.fbx
  artifactKey: Guid(f59c6c6f86e1e534b98853cf34b4ae5d) Importer(815301076,1909f56bfc062723c751e8b465ee728b)
Start importing Assets/Synty/PolygonSciFiCity/Models/SM_Prop_Jar_04.fbx using Guid(f59c6c6f86e1e534b98853cf34b4ae5d) Importer(815301076,1909f56bfc062723c751e8b465ee728b) [PhysX] Initialized MultithreadedTaskDispatcher with 12 workers.
[PhysX] Initialized MultithreadedTaskDispatcher with 12 workers.
[PhysX] Initialized MultithreadedTaskDispatcher with 12 workers.
[PhysX] Initialized MultithreadedTaskDispatcher with 12 workers.
[PhysX] Initialized MultithreadedTaskDispatcher with 12 workers.
 -> (artifact id: '4d958442c8007a76fd107acc3ec5d38c') in 0.033377 seconds
Number of updated asset objects reloaded before import = 0
Number of asset objects unloaded after import = 12
========================================================================
Received Import Request.
  Time since last request: 0.000022 seconds.
  path: Assets/Synty/PolygonSciFiCity/Models/SM_Prop_Jar_03.fbx
  artifactKey: Guid(aa78aa5ae1b7aef4f8e5124747fda555) Importer(815301076,1909f56bfc062723c751e8b465ee728b)
Start importing Assets/Synty/PolygonSciFiCity/Models/SM_Prop_Jar_03.fbx using Guid(aa78aa5ae1b7aef4f8e5124747fda555) Importer(815301076,1909f56bfc062723c751e8b465ee728b) [PhysX] Initialized MultithreadedTaskDispatcher with 12 workers.
[PhysX] Initialized MultithreadedTaskDispatcher with 12 workers.
[PhysX] Initialized MultithreadedTaskDispatcher with 12 workers.
[PhysX] Initialized MultithreadedTaskDispatcher with 12 workers.
[PhysX] Initialized MultithreadedTaskDispatcher with 12 workers.
 -> (artifact id: 'f9cfb4b3e059a5b8fdc4aa0f331d7dcf') in 0.025503 seconds
Number of updated asset objects reloaded before import = 0
Number of asset objects unloaded after import = 12
========================================================================
Received Import Request.
  Time since last request: 0.529549 seconds.
  path: Assets/Synty/PolygonSciFiCity/Models/SM_Prop_MarketCover_02.fbx
  artifactKey: Guid(abeb8d4bf89244d42b2b85c0ffc18506) Importer(815301076,1909f56bfc062723c751e8b465ee728b)
Start importing Assets/Synty/PolygonSciFiCity/Models/SM_Prop_MarketCover_02.fbx using Guid(abeb8d4bf89244d42b2b85c0ffc18506) Importer(815301076,1909f56bfc062723c751e8b465ee728b) [PhysX] Initialized MultithreadedTaskDispatcher with 12 workers.
[PhysX] Initialized MultithreadedTaskDispatcher with 12 workers.
[PhysX] Initialized MultithreadedTaskDispatcher with 12 workers.
 -> (artifact id: 'd507be40d0dab5d5185fe5fef40cd842') in 0.020902 seconds
Number of updated asset objects reloaded before import = 0
Number of asset objects unloaded after import = 7
========================================================================
Received Import Request.
  Time since last request: 0.000015 seconds.
  path: Assets/Synty/PolygonSciFiCity/Models/SM_Prop_MarketLights_02.fbx
  artifactKey: Guid(951bb690c5d280b418bbeeb25f8dfe2f) Importer(815301076,1909f56bfc062723c751e8b465ee728b)
Start importing Assets/Synty/PolygonSciFiCity/Models/SM_Prop_MarketLights_02.fbx using Guid(951bb690c5d280b418bbeeb25f8dfe2f) Importer(815301076,1909f56bfc062723c751e8b465ee728b) [PhysX] Initialized MultithreadedTaskDispatcher with 12 workers.
[PhysX] Initialized MultithreadedTaskDispatcher with 12 workers.
[PhysX] Initialized MultithreadedTaskDispatcher with 12 workers.
 -> (artifact id: 'eda54465bacec10aff5d886893c2c084') in 0.019057 seconds
Number of updated asset objects reloaded before import = 0
Number of asset objects unloaded after import = 7
========================================================================
Received Import Request.
  Time since last request: 0.045982 seconds.
  path: Assets/Synty/PolygonSciFiCity/Models/SM_Prop_MarketTable_03.fbx
  artifactKey: Guid(3800aea9a0949aa4ba49f86b53cb9aff) Importer(815301076,1909f56bfc062723c751e8b465ee728b)
Start importing Assets/Synty/PolygonSciFiCity/Models/SM_Prop_MarketTable_03.fbx using Guid(3800aea9a0949aa4ba49f86b53cb9aff) Importer(815301076,1909f56bfc062723c751e8b465ee728b) [PhysX] Initialized MultithreadedTaskDispatcher with 12 workers.
[PhysX] Initialized MultithreadedTaskDispatcher with 12 workers.
[PhysX] Initialized MultithreadedTaskDispatcher with 12 workers.
 -> (artifact id: 'e217b96271b48e62bf54cbeacffbeb6b') in 0.019641 seconds
Number of updated asset objects reloaded before import = 0
Number of asset objects unloaded after import = 7
========================================================================
Received Import Request.
  Time since last request: 0.000023 seconds.
  path: Assets/Synty/PolygonSciFiCity/Models/SM_Prop_Medical_Chair_01.fbx
  artifactKey: Guid(16463a341ea7f9247977536dfe5ebfea) Importer(815301076,1909f56bfc062723c751e8b465ee728b)
Start importing Assets/Synty/PolygonSciFiCity/Models/SM_Prop_Medical_Chair_01.fbx using Guid(16463a341ea7f9247977536dfe5ebfea) Importer(815301076,1909f56bfc062723c751e8b465ee728b) [PhysX] Initialized MultithreadedTaskDispatcher with 12 workers.
[PhysX] Initialized MultithreadedTaskDispatcher with 12 workers.
[PhysX] Initialized MultithreadedTaskDispatcher with 12 workers.
 -> (artifact id: '2d9787e509ae48e5e50e4919d439975b') in 0.020181 seconds
Number of updated asset objects reloaded before import = 0
Number of asset objects unloaded after import = 7
========================================================================
Received Import Request.
  Time since last request: 0.246798 seconds.
  path: Assets/Synty/PolygonSciFiCity/Models/SM_Prop_Medical_Stool_01.fbx
  artifactKey: Guid(2345a1f41976f9f499783c7f78e4ebe1) Importer(815301076,1909f56bfc062723c751e8b465ee728b)
Start importing Assets/Synty/PolygonSciFiCity/Models/SM_Prop_Medical_Stool_01.fbx using Guid(2345a1f41976f9f499783c7f78e4ebe1) Importer(815301076,1909f56bfc062723c751e8b465ee728b) [PhysX] Initialized MultithreadedTaskDispatcher with 12 workers.
[PhysX] Initialized MultithreadedTaskDispatcher with 12 workers.
[PhysX] Initialized MultithreadedTaskDispatcher with 12 workers.
 -> (artifact id: '36006f1a8b02ab327a04137497f4ae78') in 0.017511 seconds
Number of updated asset objects reloaded before import = 0
Number of asset objects unloaded after import = 7
========================================================================
Received Import Request.
  Time since last request: 0.000018 seconds.
  path: Assets/Synty/PolygonSciFiCity/Models/SM_Prop_Monitor_03.fbx
  artifactKey: Guid(2fc467b5f78573142ad6ecefb17d47c2) Importer(815301076,1909f56bfc062723c751e8b465ee728b)
Start importing Assets/Synty/PolygonSciFiCity/Models/SM_Prop_Monitor_03.fbx using Guid(2fc467b5f78573142ad6ecefb17d47c2) Importer(815301076,1909f56bfc062723c751e8b465ee728b) [PhysX] Initialized MultithreadedTaskDispatcher with 12 workers.
[PhysX] Initialized MultithreadedTaskDispatcher with 12 workers.
[PhysX] Initialized MultithreadedTaskDispatcher with 12 workers.
[PhysX] Initialized MultithreadedTaskDispatcher with 12 workers.
[PhysX] Initialized MultithreadedTaskDispatcher with 12 workers.
 -> (artifact id: 'a145955de7f1de1b2b83d30a6301f11b') in 0.036507 seconds
Number of updated asset objects reloaded before import = 0
Number of asset objects unloaded after import = 12
========================================================================
Received Import Request.
  Time since last request: 0.000025 seconds.
  path: Assets/Synty/PolygonSciFiCity/Models/SM_Prop_Noodles_01.fbx
  artifactKey: Guid(6051ee2bb292f0e48b01dfae9ca0aca0) Importer(815301076,1909f56bfc062723c751e8b465ee728b)
Start importing Assets/Synty/PolygonSciFiCity/Models/SM_Prop_Noodles_01.fbx using Guid(6051ee2bb292f0e48b01dfae9ca0aca0) Importer(815301076,1909f56bfc062723c751e8b465ee728b) [PhysX] Initialized MultithreadedTaskDispatcher with 12 workers.
[PhysX] Initialized MultithreadedTaskDispatcher with 12 workers.
[PhysX] Initialized MultithreadedTaskDispatcher with 12 workers.
 -> (artifact id: 'e729b6a8793fd212a95f2235cfa0bf40') in 0.022732 seconds
Number of updated asset objects reloaded before import = 0
Number of asset objects unloaded after import = 7
========================================================================
Received Import Request.
  Time since last request: 0.418692 seconds.
  path: Assets/Synty/PolygonSciFiCity/Models/SM_Prop_Overhang_01.fbx
  artifactKey: Guid(a23d657620bef9b4cace866fa602b581) Importer(815301076,1909f56bfc062723c751e8b465ee728b)
Start importing Assets/Synty/PolygonSciFiCity/Models/SM_Prop_Overhang_01.fbx using Guid(a23d657620bef9b4cace866fa602b581) Importer(815301076,1909f56bfc062723c751e8b465ee728b) [PhysX] Initialized MultithreadedTaskDispatcher with 12 workers.
[PhysX] Initialized MultithreadedTaskDispatcher with 12 workers.
[PhysX] Initialized MultithreadedTaskDispatcher with 12 workers.
 -> (artifact id: '4fe88aaa9352c7d760a2eb0f79787b7a') in 0.017857 seconds
Number of updated asset objects reloaded before import = 0
Number of asset objects unloaded after import = 7
========================================================================
Received Import Request.
  Time since last request: 0.000055 seconds.
  path: Assets/Synty/PolygonSciFiCity/Models/SM_Prop_Paper_Banner_01.fbx
  artifactKey: Guid(80dc5cc55a0d83f4cae1d1c4a61b12ab) Importer(815301076,1909f56bfc062723c751e8b465ee728b)
Start importing Assets/Synty/PolygonSciFiCity/Models/SM_Prop_Paper_Banner_01.fbx using Guid(80dc5cc55a0d83f4cae1d1c4a61b12ab) Importer(815301076,1909f56bfc062723c751e8b465ee728b) [PhysX] Initialized MultithreadedTaskDispatcher with 12 workers.
[PhysX] Initialized MultithreadedTaskDispatcher with 12 workers.
[PhysX] Initialized MultithreadedTaskDispatcher with 12 workers.
 -> (artifact id: '94c3f5771c92cefe689bf5b989551809') in 0.018120 seconds
Number of updated asset objects reloaded before import = 0
Number of asset objects unloaded after import = 7
========================================================================
Received Import Request.
  Time since last request: 0.000020 seconds.
  path: Assets/Synty/PolygonSciFiCity/Models/SM_Prop_Paper_Lantern_02.fbx
  artifactKey: Guid(1a07d374755dd7543a5182e21d961a62) Importer(815301076,1909f56bfc062723c751e8b465ee728b)
Start importing Assets/Synty/PolygonSciFiCity/Models/SM_Prop_Paper_Lantern_02.fbx using Guid(1a07d374755dd7543a5182e21d961a62) Importer(815301076,1909f56bfc062723c751e8b465ee728b) [PhysX] Initialized MultithreadedTaskDispatcher with 12 workers.
[PhysX] Initialized MultithreadedTaskDispatcher with 12 workers.
[PhysX] Initialized MultithreadedTaskDispatcher with 12 workers.
 -> (artifact id: '9298757fa55a0645328aa44b912cde3f') in 0.010388 seconds
Number of updated asset objects reloaded before import = 0
Number of asset objects unloaded after import = 7
========================================================================
Received Import Request.
  Time since last request: 0.027620 seconds.
  path: Assets/Synty/PolygonSciFiCity/Models/SM_Prop_Pillar_03.fbx
  artifactKey: Guid(f0fccdbfeeea00241ab170c0400c2f51) Importer(815301076,1909f56bfc062723c751e8b465ee728b)
Start importing Assets/Synty/PolygonSciFiCity/Models/SM_Prop_Pillar_03.fbx using Guid(f0fccdbfeeea00241ab170c0400c2f51) Importer(815301076,1909f56bfc062723c751e8b465ee728b) [PhysX] Initialized MultithreadedTaskDispatcher with 12 workers.
[PhysX] Initialized MultithreadedTaskDispatcher with 12 workers.
[PhysX] Initialized MultithreadedTaskDispatcher with 12 workers.
 -> (artifact id: 'bea53e2087ac6b38f1ac461b2aacb465') in 0.016060 seconds
Number of updated asset objects reloaded before import = 0
Number of asset objects unloaded after import = 7
========================================================================
Received Import Request.
  Time since last request: 0.000016 seconds.
  path: Assets/Synty/PolygonSciFiCity/Models/SM_Prop_Pipes_01.fbx
  artifactKey: Guid(7b23cebe3d3858042bfba6725601591d) Importer(815301076,1909f56bfc062723c751e8b465ee728b)
Start importing Assets/Synty/PolygonSciFiCity/Models/SM_Prop_Pipes_01.fbx using Guid(7b23cebe3d3858042bfba6725601591d) Importer(815301076,1909f56bfc062723c751e8b465ee728b) [PhysX] Initialized MultithreadedTaskDispatcher with 12 workers.
[PhysX] Initialized MultithreadedTaskDispatcher with 12 workers.
[PhysX] Initialized MultithreadedTaskDispatcher with 12 workers.
 -> (artifact id: '1676a5002c73b8bb61f45fcd0a178972') in 0.018646 seconds
Number of updated asset objects reloaded before import = 0
Number of asset objects unloaded after import = 7
========================================================================
Received Import Request.
  Time since last request: 0.000025 seconds.
  path: Assets/Synty/PolygonSciFiCity/Models/SM_Prop_Plant_Vase_01.fbx
  artifactKey: Guid(438d049782a2f9c40b6cc5525431f161) Importer(815301076,1909f56bfc062723c751e8b465ee728b)
Start importing Assets/Synty/PolygonSciFiCity/Models/SM_Prop_Plant_Vase_01.fbx using Guid(438d049782a2f9c40b6cc5525431f161) Importer(815301076,1909f56bfc062723c751e8b465ee728b) [PhysX] Initialized MultithreadedTaskDispatcher with 12 workers.
[PhysX] Initialized MultithreadedTaskDispatcher with 12 workers.
[PhysX] Initialized MultithreadedTaskDispatcher with 12 workers.
 -> (artifact id: 'f6bcbef52af84ddf8faed358b1c6b0f6') in 0.017381 seconds
Number of updated asset objects reloaded before import = 0
Number of asset objects unloaded after import = 7
========================================================================
Received Import Request.
  Time since last request: 21.860734 seconds.
  path: Assets/Synty/PolygonSciFiCity/Models/Collision/Convex/SM_Bld_Background_Med_02_Convex.asset
  artifactKey: Guid(f334bb0f46d8b1d438661901f722242e) Importer(815301076,1909f56bfc062723c751e8b465ee728b)
Start importing Assets/Synty/PolygonSciFiCity/Models/Collision/Convex/SM_Bld_Background_Med_02_Convex.asset using Guid(f334bb0f46d8b1d438661901f722242e) Importer(815301076,1909f56bfc062723c751e8b465ee728b) [PhysX] Initialized MultithreadedTaskDispatcher with 12 workers.
[PhysX] Initialized MultithreadedTaskDispatcher with 12 workers.
 -> (artifact id: 'a5c82d1f04de5e30049ccd1ab589486a') in 0.015899 seconds
Number of updated asset objects reloaded before import = 0
Number of asset objects unloaded after import = 2
========================================================================
Received Import Request.
  Time since last request: 0.000016 seconds.
  path: Assets/Synty/PolygonSciFiCity/Models/Collision/Convex/SM_Bld_Background_Med_05_Convex.asset
  artifactKey: Guid(ab65a1fede0da7a45aa1ef8361162cc3) Importer(815301076,1909f56bfc062723c751e8b465ee728b)
Start importing Assets/Synty/PolygonSciFiCity/Models/Collision/Convex/SM_Bld_Background_Med_05_Convex.asset using Guid(ab65a1fede0da7a45aa1ef8361162cc3) Importer(815301076,1909f56bfc062723c751e8b465ee728b) [PhysX] Initialized MultithreadedTaskDispatcher with 12 workers.
[PhysX] Initialized MultithreadedTaskDispatcher with 12 workers.
 -> (artifact id: '2121b0170722ffc688908d75f09c7c3a') in 0.012640 seconds
Number of updated asset objects reloaded before import = 0
Number of asset objects unloaded after import = 2
========================================================================
Received Import Request.
  Time since last request: 0.000035 seconds.
  path: Assets/Synty/PolygonSciFiCity/Models/Collision/Convex/SM_Bld_Background_Med_08_Convex.asset
  artifactKey: Guid(c5c2fd2e9e7842842b34e1dfe573f970) Importer(815301076,1909f56bfc062723c751e8b465ee728b)
Start importing Assets/Synty/PolygonSciFiCity/Models/Collision/Convex/SM_Bld_Background_Med_08_Convex.asset using Guid(c5c2fd2e9e7842842b34e1dfe573f970) Importer(815301076,1909f56bfc062723c751e8b465ee728b) [PhysX] Initialized MultithreadedTaskDispatcher with 12 workers.
[PhysX] Initialized MultithreadedTaskDispatcher with 12 workers.
 -> (artifact id: 'ac599505224920fe1729dc809f795166') in 0.012752 seconds
Number of updated asset objects reloaded before import = 0
Number of asset objects unloaded after import = 2
========================================================================
Received Import Request.
  Time since last request: 1.206750 seconds.
  path: Assets/Synty/PolygonSciFiCity/Models/Collision/Convex/SM_Bld_Background_Lrg_03_Convex.asset
  artifactKey: Guid(437acc390d3ba5b4093a0b35407c5a61) Importer(815301076,1909f56bfc062723c751e8b465ee728b)
Start importing Assets/Synty/PolygonSciFiCity/Models/Collision/Convex/SM_Bld_Background_Lrg_03_Convex.asset using Guid(437acc390d3ba5b4093a0b35407c5a61) Importer(815301076,1909f56bfc062723c751e8b465ee728b) [PhysX] Initialized MultithreadedTaskDispatcher with 12 workers.
[PhysX] Initialized MultithreadedTaskDispatcher with 12 workers.
 -> (artifact id: '2946bb9d275ceef6f650205b3316caab') in 0.017138 seconds
Number of updated asset objects reloaded before import = 0
Number of asset objects unloaded after import = 2
========================================================================
Received Import Request.
  Time since last request: 0.026422 seconds.
  path: Assets/Synty/PolygonSciFiCity/Models/Collision/Convex/SM_Bld_Background_Lrg_01_Convex.asset
  artifactKey: Guid(0f8c4f5cdafa4584bbca75c966079255) Importer(815301076,1909f56bfc062723c751e8b465ee728b)
Start importing Assets/Synty/PolygonSciFiCity/Models/Collision/Convex/SM_Bld_Background_Lrg_01_Convex.asset using Guid(0f8c4f5cdafa4584bbca75c966079255) Importer(815301076,1909f56bfc062723c751e8b465ee728b) [PhysX] Initialized MultithreadedTaskDispatcher with 12 workers.
[PhysX] Initialized MultithreadedTaskDispatcher with 12 workers.
 -> (artifact id: '39a7db3527ea8bdf7c527c94fc68c96b') in 0.012069 seconds
Number of updated asset objects reloaded before import = 0
Number of asset objects unloaded after import = 2
========================================================================
Received Import Request.
  Time since last request: 0.028159 seconds.
  path: Assets/Synty/PolygonSciFiCity/Models/Collision/Convex/SM_Bld_Advanced_02_Convex.asset
  artifactKey: Guid(c877be700ea2b214ab0c22a553678238) Importer(815301076,1909f56bfc062723c751e8b465ee728b)
Start importing Assets/Synty/PolygonSciFiCity/Models/Collision/Convex/SM_Bld_Advanced_02_Convex.asset using Guid(c877be700ea2b214ab0c22a553678238) Importer(815301076,1909f56bfc062723c751e8b465ee728b) [PhysX] Initialized MultithreadedTaskDispatcher with 12 workers.
[PhysX] Initialized MultithreadedTaskDispatcher with 12 workers.
 -> (artifact id: '1419079f7509b13f6f4f417017dad207') in 0.013359 seconds
Number of updated asset objects reloaded before import = 0
Number of asset objects unloaded after import = 2
========================================================================
Received Import Request.
  Time since last request: 1.187436 seconds.
  path: Assets/Synty/PolygonSciFiCity/Models/Collision/Convex/SM_Bld_Background_Small_01_Convex.asset
  artifactKey: Guid(e3feb43e1d318b843a5546892181ea6c) Importer(815301076,1909f56bfc062723c751e8b465ee728b)
Start importing Assets/Synty/PolygonSciFiCity/Models/Collision/Convex/SM_Bld_Background_Small_01_Convex.asset using Guid(e3feb43e1d318b843a5546892181ea6c) Importer(815301076,1909f56bfc062723c751e8b465ee728b) [PhysX] Initialized MultithreadedTaskDispatcher with 12 workers.
[PhysX] Initialized MultithreadedTaskDispatcher with 12 workers.
 -> (artifact id: '98f355b8382fa9bf2721db69692d8ebc') in 0.012761 seconds
Number of updated asset objects reloaded before import = 0
Number of asset objects unloaded after import = 2
========================================================================
Received Import Request.
  Time since last request: 0.731362 seconds.
  path: Assets/Synty/PolygonSciFiCity/Models/Collision/Convex/SM_Bld_Background_Small_03_Convex.asset
  artifactKey: Guid(b0c101776993c784ab88e87342f931e8) Importer(815301076,1909f56bfc062723c751e8b465ee728b)
Start importing Assets/Synty/PolygonSciFiCity/Models/Collision/Convex/SM_Bld_Background_Small_03_Convex.asset using Guid(b0c101776993c784ab88e87342f931e8) Importer(815301076,1909f56bfc062723c751e8b465ee728b) [PhysX] Initialized MultithreadedTaskDispatcher with 12 workers.
[PhysX] Initialized MultithreadedTaskDispatcher with 12 workers.
 -> (artifact id: 'c6cd58d711d019241cac9862cb4b3c71') in 0.015026 seconds
Number of updated asset objects reloaded before import = 0
Number of asset objects unloaded after import = 2
========================================================================
Received Import Request.
  Time since last request: 0.016226 seconds.
  path: Assets/Synty/PolygonSciFiCity/Models/Collision/SM_Bld_Bank_01_Collision.fbx
  artifactKey: Guid(dfa9ec944f01b4143b30de3b01007d2f) Importer(815301076,1909f56bfc062723c751e8b465ee728b)
Start importing Assets/Synty/PolygonSciFiCity/Models/Collision/SM_Bld_Bank_01_Collision.fbx using Guid(dfa9ec944f01b4143b30de3b01007d2f) Importer(815301076,1909f56bfc062723c751e8b465ee728b) [PhysX] Initialized MultithreadedTaskDispatcher with 12 workers.
[PhysX] Initialized MultithreadedTaskDispatcher with 12 workers.
[PhysX] Initialized MultithreadedTaskDispatcher with 12 workers.
 -> (artifact id: 'c214da22fc6fc9a36c7ba2816c68d7bf') in 0.018457 seconds
Number of updated asset objects reloaded before import = 0
Number of asset objects unloaded after import = 7
========================================================================
Received Import Request.
  Time since last request: 0.033039 seconds.
  path: Assets/Synty/PolygonGeneric/Prefabs/Base/SM_Bld_Base_45_Floor_Combined_01.prefab
  artifactKey: Guid(95a81b3b58f6ae544b18dd07776e62d0) Importer(815301076,1909f56bfc062723c751e8b465ee728b)
Start importing Assets/Synty/PolygonGeneric/Prefabs/Base/SM_Bld_Base_45_Floor_Combined_01.prefab using Guid(95a81b3b58f6ae544b18dd07776e62d0) Importer(815301076,1909f56bfc062723c751e8b465ee728b) [PhysX] Initialized MultithreadedTaskDispatcher with 12 workers.
[PhysX] Initialized MultithreadedTaskDispatcher with 12 workers.
 -> (artifact id: 'ee156a87d172631ab3ed865d4125363c') in 0.078675 seconds
Number of updated asset objects reloaded before import = 0
Number of asset objects unloaded after import = 12
========================================================================
Received Import Request.
  Time since last request: 0.000104 seconds.
  path: Assets/Synty/PolygonGeneric/Prefabs/Base/SM_Bld_Base_45_Wall_Half_01.prefab
  artifactKey: Guid(753189568450fd64d90c622973287da6) Importer(815301076,1909f56bfc062723c751e8b465ee728b)
Start importing Assets/Synty/PolygonGeneric/Prefabs/Base/SM_Bld_Base_45_Wall_Half_01.prefab using Guid(753189568450fd64d90c622973287da6) Importer(815301076,1909f56bfc062723c751e8b465ee728b) [PhysX] Initialized MultithreadedTaskDispatcher with 12 workers.
[PhysX] Initialized MultithreadedTaskDispatcher with 12 workers.
 -> (artifact id: '1d079eed90112f496c47e3cd4df11db6') in 0.060659 seconds
Number of updated asset objects reloaded before import = 0
Number of asset objects unloaded after import = 18
========================================================================
Received Import Request.
  Time since last request: 0.175582 seconds.
  path: Assets/Synty/PolygonGeneric/Prefabs/Base/SM_Bld_Base_Ceiling_45_01.prefab
  artifactKey: Guid(9e1549c6d3a60f343a778fc756932244) Importer(815301076,1909f56bfc062723c751e8b465ee728b)
Start importing Assets/Synty/PolygonGeneric/Prefabs/Base/SM_Bld_Base_Ceiling_45_01.prefab using Guid(9e1549c6d3a60f343a778fc756932244) Importer(815301076,1909f56bfc062723c751e8b465ee728b) [PhysX] Initialized MultithreadedTaskDispatcher with 12 workers.
[PhysX] Initialized MultithreadedTaskDispatcher with 12 workers.
 -> (artifact id: 'eadf101c2e6cfa4de07a46c42ef1dbd9') in 0.047011 seconds
Number of updated asset objects reloaded before import = 0
Number of asset objects unloaded after import = 16
========================================================================
Received Import Request.
  Time since last request: 0.483935 seconds.
  path: Assets/Synty/PolygonGeneric/Prefabs/Base/SM_Bld_Base_Floor_Combined_01.prefab
  artifactKey: Guid(14c2043f70fad33459f6bbab2bef8720) Importer(815301076,1909f56bfc062723c751e8b465ee728b)
Start importing Assets/Synty/PolygonGeneric/Prefabs/Base/SM_Bld_Base_Floor_Combined_01.prefab using Guid(14c2043f70fad33459f6bbab2bef8720) Importer(815301076,1909f56bfc062723c751e8b465ee728b) [PhysX] Initialized MultithreadedTaskDispatcher with 12 workers.
[PhysX] Initialized MultithreadedTaskDispatcher with 12 workers.
 -> (artifact id: 'e818d21ec1c90dfff1f6cf05ff8848d0') in 0.105044 seconds
Number of updated asset objects reloaded before import = 0
Number of asset objects unloaded after import = 12
========================================================================
Received Import Request.
  Time since last request: 0.000054 seconds.
  path: Assets/Synty/PolygonGeneric/Prefabs/Base/SM_Bld_Base_Floor_Quarter_Combined_01.prefab
  artifactKey: Guid(073f2bcda0b458944a8d7718e8be85a5) Importer(815301076,1909f56bfc062723c751e8b465ee728b)
Start importing Assets/Synty/PolygonGeneric/Prefabs/Base/SM_Bld_Base_Floor_Quarter_Combined_01.prefab using Guid(073f2bcda0b458944a8d7718e8be85a5) Importer(815301076,1909f56bfc062723c751e8b465ee728b) [PhysX] Initialized MultithreadedTaskDispatcher with 12 workers.
[PhysX] Initialized MultithreadedTaskDispatcher with 12 workers.
 -> (artifact id: '42e2e777993ae924bca9080711663a09') in 0.076312 seconds
Number of updated asset objects reloaded before import = 0
Number of asset objects unloaded after import = 12
========================================================================
Received Import Request.
  Time since last request: 0.000035 seconds.
  path: Assets/Synty/PolygonGeneric/Prefabs/Base/SM_Bld_Base_Pillar_02.prefab
  artifactKey: Guid(da0313ae42916044c9394ecd31b675a8) Importer(815301076,1909f56bfc062723c751e8b465ee728b)
Start importing Assets/Synty/PolygonGeneric/Prefabs/Base/SM_Bld_Base_Pillar_02.prefab using Guid(da0313ae42916044c9394ecd31b675a8) Importer(815301076,1909f56bfc062723c751e8b465ee728b) [PhysX] Initialized MultithreadedTaskDispatcher with 12 workers.
[PhysX] Initialized MultithreadedTaskDispatcher with 12 workers.
 -> (artifact id: '27d46083eee01bdcc4fc360f325d3eb8') in 0.064875 seconds
Number of updated asset objects reloaded before import = 0
Number of asset objects unloaded after import = 10
========================================================================
Received Import Request.
  Time since last request: 0.005831 seconds.
  path: Assets/Synty/PolygonGeneric/Prefabs/Base/SM_Bld_Base_Pillar_Half_02.prefab
  artifactKey: Guid(21f0d9003ad4e844a85de9b99ffdc6c7) Importer(815301076,1909f56bfc062723c751e8b465ee728b)
Start importing Assets/Synty/PolygonGeneric/Prefabs/Base/SM_Bld_Base_Pillar_Half_02.prefab using Guid(21f0d9003ad4e844a85de9b99ffdc6c7) Importer(815301076,1909f56bfc062723c751e8b465ee728b) [PhysX] Initialized MultithreadedTaskDispatcher with 12 workers.
[PhysX] Initialized MultithreadedTaskDispatcher with 12 workers.
 -> (artifact id: 'f694ce7f7dc63badd7baef2b553b1246') in 0.044917 seconds
Number of updated asset objects reloaded before import = 0
Number of asset objects unloaded after import = 10
========================================================================
Received Import Request.
  Time since last request: 0.000035 seconds.
  path: Assets/Synty/PolygonGeneric/Prefabs/Base/SM_Bld_Base_Pillar_05.prefab
  artifactKey: Guid(5182d01548aa4e044a8ca8fada41a6cc) Importer(815301076,1909f56bfc062723c751e8b465ee728b)
Start importing Assets/Synty/PolygonGeneric/Prefabs/Base/SM_Bld_Base_Pillar_05.prefab using Guid(5182d01548aa4e044a8ca8fada41a6cc) Importer(815301076,1909f56bfc062723c751e8b465ee728b) [PhysX] Initialized MultithreadedTaskDispatcher with 12 workers.
[PhysX] Initialized MultithreadedTaskDispatcher with 12 workers.
 -> (artifact id: '6af53d2ff7bf45913bc9a41ba8f76afe') in 0.039481 seconds
Number of updated asset objects reloaded before import = 0
Number of asset objects unloaded after import = 10
========================================================================
Received Import Request.
  Time since last request: 0.000030 seconds.
  path: Assets/Synty/PolygonGeneric/Prefabs/Base/SM_Bld_Base_Pillar_Half_01.prefab
  artifactKey: Guid(392acaee1665e3f47b1b8f66a234b80b) Importer(815301076,1909f56bfc062723c751e8b465ee728b)
Start importing Assets/Synty/PolygonGeneric/Prefabs/Base/SM_Bld_Base_Pillar_Half_01.prefab using Guid(392acaee1665e3f47b1b8f66a234b80b) Importer(815301076,1909f56bfc062723c751e8b465ee728b) [PhysX] Initialized MultithreadedTaskDispatcher with 12 workers.
[PhysX] Initialized MultithreadedTaskDispatcher with 12 workers.
 -> (artifact id: '365f174ef6c475819b970e7bcd474d97') in 0.038202 seconds
Number of updated asset objects reloaded before import = 0
Number of asset objects unloaded after import = 10
========================================================================
Received Import Request.
  Time since last request: 0.275890 seconds.
  path: Assets/Synty/PolygonGeneric/Prefabs/Base/SM_Bld_Base_Pillar_Half_05.prefab
  artifactKey: Guid(246392c4f40473948937b81c3ff236fe) Importer(815301076,1909f56bfc062723c751e8b465ee728b)
Start importing Assets/Synty/PolygonGeneric/Prefabs/Base/SM_Bld_Base_Pillar_Half_05.prefab using Guid(246392c4f40473948937b81c3ff236fe) Importer(815301076,1909f56bfc062723c751e8b465ee728b) [PhysX] Initialized MultithreadedTaskDispatcher with 12 workers.
[PhysX] Initialized MultithreadedTaskDispatcher with 12 workers.
 -> (artifact id: '9ffe0d69eea11a3da6dc469dd863a83e') in 0.064739 seconds
Number of updated asset objects reloaded before import = 0
Number of asset objects unloaded after import = 10
========================================================================
Received Import Request.
  Time since last request: 0.000026 seconds.
  path: Assets/Synty/PolygonGeneric/Prefabs/Base/SM_Bld_Base_Roof_Cap_Angle_01.prefab
  artifactKey: Guid(9386db9a97042644bb42d01ba68dc5fc) Importer(815301076,1909f56bfc062723c751e8b465ee728b)
Start importing Assets/Synty/PolygonGeneric/Prefabs/Base/SM_Bld_Base_Roof_Cap_Angle_01.prefab using Guid(9386db9a97042644bb42d01ba68dc5fc) Importer(815301076,1909f56bfc062723c751e8b465ee728b) [PhysX] Initialized MultithreadedTaskDispatcher with 12 workers.
[PhysX] Initialized MultithreadedTaskDispatcher with 12 workers.
 -> (artifact id: '98efc08c2d2c8ba0b9bdae44ce3bd03f') in 0.537487 seconds
Number of updated asset objects reloaded before import = 0
Number of asset objects unloaded after import = 12
========================================================================
Received Import Request.
  Time since last request: 0.000027 seconds.
  path: Assets/Synty/PolygonGeneric/Models/Base/SM_Bld_Base_Roof_Quarter_01.fbx
  artifactKey: Guid(15630ff35e5659e44951c9d8d6207553) Importer(815301076,1909f56bfc062723c751e8b465ee728b)
Start importing Assets/Synty/PolygonGeneric/Models/Base/SM_Bld_Base_Roof_Quarter_01.fbx using Guid(15630ff35e5659e44951c9d8d6207553) Importer(815301076,1909f56bfc062723c751e8b465ee728b) [PhysX] Initialized MultithreadedTaskDispatcher with 12 workers.
[PhysX] Initialized MultithreadedTaskDispatcher with 12 workers.
[PhysX] Initialized MultithreadedTaskDispatcher with 12 workers.
 -> (artifact id: '97dcc84e2f8f51607a49d4b94dddef8a') in 0.081860 seconds
Number of updated asset objects reloaded before import = 0
Number of asset objects unloaded after import = 7
========================================================================
Received Import Request.
  Time since last request: 0.000046 seconds.
  path: Assets/Synty/PolygonGeneric/Prefabs/Base/SM_Bld_Base_Roof_Straight_01.prefab
  artifactKey: Guid(54e6ceb7c66fe8c4f91b88d34e2d9eda) Importer(815301076,1909f56bfc062723c751e8b465ee728b)
Start importing Assets/Synty/PolygonGeneric/Prefabs/Base/SM_Bld_Base_Roof_Straight_01.prefab using Guid(54e6ceb7c66fe8c4f91b88d34e2d9eda) Importer(815301076,1909f56bfc062723c751e8b465ee728b) [PhysX] Initialized MultithreadedTaskDispatcher with 12 workers.
[PhysX] Initialized MultithreadedTaskDispatcher with 12 workers.
 -> (artifact id: '99acbefa62e9639e6a4cd09b17d1b0fd') in 0.598893 seconds
Number of updated asset objects reloaded before import = 0
Number of asset objects unloaded after import = 16
========================================================================
Received Import Request.
  Time since last request: 0.000029 seconds.
  path: Assets/Synty/PolygonGeneric/Models/Base/SM_Bld_Base_Roof_Corner_In_01.fbx
  artifactKey: Guid(d7f4f1e38c016a848b13655f4415b442) Importer(815301076,1909f56bfc062723c751e8b465ee728b)
Start importing Assets/Synty/PolygonGeneric/Models/Base/SM_Bld_Base_Roof_Corner_In_01.fbx using Guid(d7f4f1e38c016a848b13655f4415b442) Importer(815301076,1909f56bfc062723c751e8b465ee728b) [PhysX] Initialized MultithreadedTaskDispatcher with 12 workers.
[PhysX] Initialized MultithreadedTaskDispatcher with 12 workers.
[PhysX] Initialized MultithreadedTaskDispatcher with 12 workers.
 -> (artifact id: '18a2688fd0a9a80137f26c12ff83564d') in 0.059352 seconds
Number of updated asset objects reloaded before import = 0
Number of asset objects unloaded after import = 7
========================================================================
Received Import Request.
  Time since last request: 0.000376 seconds.
  path: Assets/Synty/PolygonGeneric/Prefabs/Base/SM_Bld_Base_Roof_Half_02.prefab
  artifactKey: Guid(fd340cfe4383da746a9c369964b14d35) Importer(815301076,1909f56bfc062723c751e8b465ee728b)
Start importing Assets/Synty/PolygonGeneric/Prefabs/Base/SM_Bld_Base_Roof_Half_02.prefab using Guid(fd340cfe4383da746a9c369964b14d35) Importer(815301076,1909f56bfc062723c751e8b465ee728b) [PhysX] Initialized MultithreadedTaskDispatcher with 12 workers.
[PhysX] Initialized MultithreadedTaskDispatcher with 12 workers.
 -> (artifact id: '93139046363d47487cac7ad845119a11') in 0.482766 seconds
Number of updated asset objects reloaded before import = 0
Number of asset objects unloaded after import = 16
Editor requested this worker to shutdown with reason: Scaling down because of idle timeout
TcpMessagingSession - receive error: operation aborted. errorcode: 995, details: The I/O operation has been aborted because of either a thread exit or an application request.
AssetImportWorker is now disconnected from the server
Process exiting
Exiting without the bug reporter. Application will terminate with return code 0