Using pre-set license
Built from '2022.3/staging' branch; Version is '2022.3.50f1 (c3db7f8bf9b1) revision 12835711'; Using compiler version '192829333'; Build Type 'Release'
OS: 'Windows 11  (10.0.26200) 64bit Core' Language: 'en' Physical Memory: 32605 MB
BatchMode: 1, IsHumanControllingUs: 0, StartBugReporterOnCrash: 0, Is64bit: 1, IsPro: 1

COMMAND LINE ARGUMENTS:
C:\Program Files\Unity\Hub\Editor\2022.3.50f1\Editor\Unity.exe
-adb2
-batchMode
-noUpm
-name
AssetImportWorker2
-projectPath
D:/Projects/Tattoo-Game/Tattoo Game
-logFile
Logs/AssetImportWorker2.log
-srvPort
57578
Successfully changed project path to: D:/Projects/Tattoo-Game/Tattoo Game
D:/Projects/Tattoo-Game/Tattoo Game
[UnityMemory] Configuration Parameters - Can be set up in boot.config
    "memorysetup-bucket-allocator-granularity=16"
    "memorysetup-bucket-allocator-bucket-count=8"
    "memorysetup-bucket-allocator-block-size=33554432"
    "memorysetup-bucket-allocator-block-count=8"
    "memorysetup-main-allocator-block-size=16777216"
    "memorysetup-thread-allocator-block-size=16777216"
    "memorysetup-gfx-main-allocator-block-size=16777216"
    "memorysetup-gfx-thread-allocator-block-size=16777216"
    "memorysetup-cache-allocator-block-size=4194304"
    "memorysetup-typetree-allocator-block-size=2097152"
    "memorysetup-profiler-bucket-allocator-granularity=16"
    "memorysetup-profiler-bucket-allocator-bucket-count=8"
    "memorysetup-profiler-bucket-allocator-block-size=33554432"
    "memorysetup-profiler-bucket-allocator-block-count=8"
    "memorysetup-profiler-allocator-block-size=16777216"
    "memorysetup-profiler-editor-allocator-block-size=1048576"
    "memorysetup-temp-allocator-size-main=16777216"
    "memorysetup-job-temp-allocator-block-size=2097152"
    "memorysetup-job-temp-allocator-block-size-background=1048576"
    "memorysetup-job-temp-allocator-reduction-small-platforms=262144"
    "memorysetup-allocator-temp-initial-block-size-main=262144"
    "memorysetup-allocator-temp-initial-block-size-worker=262144"
    "memorysetup-temp-allocator-size-background-worker=32768"
    "memorysetup-temp-allocator-size-job-worker=262144"
    "memorysetup-temp-allocator-size-preload-manager=33554432"
    "memorysetup-temp-allocator-size-nav-mesh-worker=65536"
    "memorysetup-temp-allocator-size-audio-worker=65536"
    "memorysetup-temp-allocator-size-cloud-worker=32768"
    "memorysetup-temp-allocator-size-gi-baking-worker=262144"
    "memorysetup-temp-allocator-size-gfx=262144"
Player connection [21200]  Target information:

Player connection [21200]  * "[IP] 192.168.133.1 [Port] 0 [Flags] 2 [Guid] 2553203957 [EditorId] 2553203957 [Version] 1048832 [Id] WindowsEditor(7,Tortuga) [Debug] 1 [PackageName] WindowsEditor [ProjectName] Editor" 

Player connection [21200]  * "[IP] 192.168.64.1 [Port] 0 [Flags] 2 [Guid] 2553203957 [EditorId] 2553203957 [Version] 1048832 [Id] WindowsEditor(7,Tortuga) [Debug] 1 [PackageName] WindowsEditor [ProjectName] Editor" 

Player connection [21200]  * "[IP] 192.168.0.179 [Port] 0 [Flags] 2 [Guid] 2553203957 [EditorId] 2553203957 [Version] 1048832 [Id] WindowsEditor(7,Tortuga) [Debug] 1 [PackageName] WindowsEditor [ProjectName] Editor" 

Player connection [21200] Host joined multi-casting on [225.0.0.222:54997]...
Player connection [21200] Host joined alternative multi-casting on [225.0.0.222:34997]...
[PhysX] Initialized MultithreadedTaskDispatcher with 12 workers.
Refreshing native plugins compatible for Editor in 13.91 ms, found 4 plugins.
Preloading 0 native plugins for Editor in 0.00 ms.
Initialize engine version: 2022.3.50f1 (c3db7f8bf9b1)
[Subsystems] Discovering subsystems at path C:/Program Files/Unity/Hub/Editor/2022.3.50f1/Editor/Data/Resources/UnitySubsystems
[Subsystems] Discovering subsystems at path D:/Projects/Tattoo-Game/Tattoo Game/Assets
GfxDevice: creating device client; threaded=0; jobified=0
Direct3D:
    Version:  Direct3D 11.0 [level 11.1]
    Renderer: NVIDIA GeForce RTX 3060 Laptop GPU (ID=0x2520)
    Vendor:   NVIDIA
    VRAM:     5994 MB
    Driver:   32.0.15.9227
Initialize mono
Mono path[0] = 'C:/Program Files/Unity/Hub/Editor/2022.3.50f1/Editor/Data/Managed'
Mono path[1] = 'C:/Program Files/Unity/Hub/Editor/2022.3.50f1/Editor/Data/MonoBleedingEdge/lib/mono/unityjit-win32'
Mono config path = 'C:/Program Files/Unity/Hub/Editor/2022.3.50f1/Editor/Data/MonoBleedingEdge/etc'
Using monoOptions --debugger-agent=transport=dt_socket,embedding=1,server=y,suspend=n,address=127.0.0.1:56700
Begin MonoManager ReloadAssembly
Registering precompiled unity dll's ...
Register platform support module: C:/Program Files/Unity/Hub/Editor/2022.3.50f1/Editor/Data/PlaybackEngines/AndroidPlayer/UnityEditor.Android.Extensions.dll
Register platform support module: C:/Program Files/Unity/Hub/Editor/2022.3.50f1/Editor/Data/PlaybackEngines/iOSSupport/UnityEditor.iOS.Extensions.dll
Register platform support module: C:/Program Files/Unity/Hub/Editor/2022.3.50f1/Editor/Data/PlaybackEngines/WindowsStandaloneSupport/UnityEditor.WindowsStandalone.Extensions.dll
Registered in 0.013343 seconds.
- Loaded All Assemblies, in  0.354 seconds
Native extension for WindowsStandalone target not found
[usbmuxd] Start listen thread
[usbmuxd] Listen thread started
Native extension for iOS target not found
Native extension for Android target not found
Android Extension - Scanning For ADB Devices 215 ms
Mono: successfully reloaded assembly
- Finished resetting the current domain, in  0.519 seconds
Domain Reload Profiling: 871ms
	BeginReloadAssembly (101ms)
		ExecutionOrderSort (0ms)
		DisableScriptedObjects (0ms)
		BackupInstance (0ms)
		ReleaseScriptingObjects (0ms)
		CreateAndSetChildDomain (1ms)
	RebuildCommonClasses (32ms)
	RebuildNativeTypeToScriptingClass (10ms)
	initialDomainReloadingComplete (62ms)
	LoadAllAssembliesAndSetupDomain (147ms)
		LoadAssemblies (99ms)
		RebuildTransferFunctionScriptingTraits (0ms)
		AnalyzeDomain (144ms)
			TypeCache.Refresh (143ms)
				TypeCache.ScanAssembly (129ms)
			ScanForSourceGeneratedMonoScriptInfo (0ms)
			ResolveRequiredComponents (0ms)
	FinalizeReload (520ms)
		ReleaseScriptCaches (0ms)
		RebuildScriptCaches (0ms)
		SetupLoadedEditorAssemblies (479ms)
			LogAssemblyErrors (0ms)
			InitializePlatformSupportModulesInManaged (323ms)
			SetLoadedEditorAssemblies (4ms)
			RefreshPlugins (0ms)
			BeforeProcessingInitializeOnLoad (2ms)
			ProcessInitializeOnLoadAttributes (108ms)
			ProcessInitializeOnLoadMethodAttributes (42ms)
			AfterProcessingInitializeOnLoad (0ms)
			EditorAssembliesLoaded (0ms)
		ExecutionOrderSort2 (0ms)
		AwakeInstancesAfterBackupRestoration (0ms)
========================================================================
Worker process is ready to serve import requests
Caller must complete domain reload
Begin MonoManager ReloadAssembly
- Loaded All Assemblies, in  0.625 seconds
Native extension for WindowsStandalone target not found
Native extension for iOS target not found
Native extension for Android target not found
Mono: successfully reloaded assembly
Package Manager log level set to [2]
[Package Manager] Server::EnsureServerProcessIsRunning -- launch failed, reason: Unity was launched with the -noUpm command-line argument
[Package Manager] UpmClient::Send -- Unable to send message (not connected to UPM process).
[Package Manager] Cannot connect to Unity Package Manager local server
[Package Manager] Server::EnsureServerProcessIsRunning -- launch failed, reason: Unity was launched with the -noUpm command-line argument
[Package Manager] UpmClient::Send -- Unable to send message (not connected to UPM process).
[Package Manager] Cannot connect to Unity Package Manager local server
- Finished resetting the current domain, in  0.668 seconds
Domain Reload Profiling: 1291ms
	BeginReloadAssembly (134ms)
		ExecutionOrderSort (0ms)
		DisableScriptedObjects (5ms)
		BackupInstance (0ms)
		ReleaseScriptingObjects (0ms)
		CreateAndSetChildDomain (18ms)
	RebuildCommonClasses (30ms)
	RebuildNativeTypeToScriptingClass (9ms)
	initialDomainReloadingComplete (40ms)
	LoadAllAssembliesAndSetupDomain (409ms)
		LoadAssemblies (296ms)
		RebuildTransferFunctionScriptingTraits (0ms)
		AnalyzeDomain (191ms)
			TypeCache.Refresh (159ms)
				TypeCache.ScanAssembly (144ms)
			ScanForSourceGeneratedMonoScriptInfo (23ms)
			ResolveRequiredComponents (7ms)
	FinalizeReload (669ms)
		ReleaseScriptCaches (0ms)
		RebuildScriptCaches (0ms)
		SetupLoadedEditorAssemblies (498ms)
			LogAssemblyErrors (0ms)
			InitializePlatformSupportModulesInManaged (29ms)
			SetLoadedEditorAssemblies (4ms)
			RefreshPlugins (0ms)
			BeforeProcessingInitializeOnLoad (76ms)
			ProcessInitializeOnLoadAttributes (314ms)
			ProcessInitializeOnLoadMethodAttributes (63ms)
			AfterProcessingInitializeOnLoad (12ms)
			EditorAssembliesLoaded (0ms)
		ExecutionOrderSort2 (0ms)
		AwakeInstancesAfterBackupRestoration (9ms)
Launched and connected shader compiler UnityShaderCompiler.exe after 0.04 seconds
Refreshing native plugins compatible for Editor in 6.89 ms, found 4 plugins.
Preloading 0 native plugins for Editor in 0.00 ms.
Unloading 5357 Unused Serialized files (Serialized files now loaded: 0)
Unloading 37 unused Assets / (510.7 KB). Loaded Objects now: 5825.
Memory consumption went from 194.5 MB to 194.0 MB.
Total: 3.533700 ms (FindLiveObjects: 0.393900 ms CreateObjectMapping: 0.402800 ms MarkObjects: 2.562300 ms  DeleteObjects: 0.173900 ms)

AssetImportParameters requested are different than current active one (requested -> active):
  custom:container-demuxer-ogg: 62fdf1f143b41e24485cea50d1cbac27 -> 
  custom:video-codec-MediaFoundation-h265: 746d11721c4dcdbdad8f713fa42b33f4 -> 
  custom:video-decoder-ogg-theora: a1e56fd34408186e4bbccfd4996cb3dc -> 
  custom:framework-win-MediaFoundation: 216162199b28c13a410421893ffa2e32 -> 
  custom:CustomObjectIndexerAttribute: 9a22284fe3817be447336de3de66b15e -> 
  custom:container-demuxer-webm: 4f35f7cbe854078d1ac9338744f61a02 -> 
  custom:container-muxer-webm: aa71ff27fc2769a1b78a27578f13a17b -> 
  custom:video-decoder-webm-vp8: 9c59270c3fd7afecdb556c50c9e8de78 -> 
  custom:SearchIndexIgnoredProperties: e643bd26f0fe6173181afceb89e7c659 -> 
  custom:AudioImporter_EditorPlatform: d09bf68614088b80899f8185d706f6e7 -> 
  custom:video-encoder-webm-vp8: eb34c28f22e8b96e1ab97ce403110664 -> 
  custom:audio-decoder-ogg-vorbis: bf7c407c2cedff20999df2af8eb42d56 -> 
  custom:audio-encoder-webm-vorbis: bf7c407c2cedff20999df2af8eb42d56 -> 
========================================================================
Received Import Request.
  Time since last request: 29227.386129 seconds.
  path: Assets/Synty/PolygonSciFiSpace/Prefabs/Buildings/SM_Bld_Wall_02.prefab
  artifactKey: Guid(4b6be9f061454da438147cad1d8be214) Importer(815301076,1909f56bfc062723c751e8b465ee728b)
Start importing Assets/Synty/PolygonSciFiSpace/Prefabs/Buildings/SM_Bld_Wall_02.prefab using Guid(4b6be9f061454da438147cad1d8be214) Importer(815301076,1909f56bfc062723c751e8b465ee728b) [PhysX] Initialized MultithreadedTaskDispatcher with 12 workers.
[PhysX] Initialized MultithreadedTaskDispatcher with 12 workers.
 -> (artifact id: 'df66b125f59ce6ef09e2e5488abc57ba') in 0.163904 seconds
Number of updated asset objects reloaded before import = 0
Number of asset objects unloaded after import = 16
========================================================================
Received Import Request.
  Time since last request: 0.000034 seconds.
  path: Assets/Synty/PolygonSciFiSpace/Prefabs/Buildings/SM_Bld_Wall_04.prefab
  artifactKey: Guid(2b58d0b3fe7ca6a42bc23d936b7f83bc) Importer(815301076,1909f56bfc062723c751e8b465ee728b)
Start importing Assets/Synty/PolygonSciFiSpace/Prefabs/Buildings/SM_Bld_Wall_04.prefab using Guid(2b58d0b3fe7ca6a42bc23d936b7f83bc) Importer(815301076,1909f56bfc062723c751e8b465ee728b) [PhysX] Initialized MultithreadedTaskDispatcher with 12 workers.
[PhysX] Initialized MultithreadedTaskDispatcher with 12 workers.
 -> (artifact id: '0f2b018476e1312f176ef7c84eab630e') in 0.057132 seconds
Number of updated asset objects reloaded before import = 0
Number of asset objects unloaded after import = 22
========================================================================
Received Import Request.
  Time since last request: 0.000025 seconds.
  path: Assets/Synty/PolygonSciFiSpace/Prefabs/Buildings/SM_Bld_Wall_04_Alt.prefab
  artifactKey: Guid(130285f6824c6b343987ff150a0bd211) Importer(815301076,1909f56bfc062723c751e8b465ee728b)
Start importing Assets/Synty/PolygonSciFiSpace/Prefabs/Buildings/SM_Bld_Wall_04_Alt.prefab using Guid(130285f6824c6b343987ff150a0bd211) Importer(815301076,1909f56bfc062723c751e8b465ee728b) [PhysX] Initialized MultithreadedTaskDispatcher with 12 workers.
[PhysX] Initialized MultithreadedTaskDispatcher with 12 workers.
 -> (artifact id: 'a353fba3b6ed73abf3e793be9c629932') in 0.053399 seconds
Number of updated asset objects reloaded before import = 0
Number of asset objects unloaded after import = 22
========================================================================
Received Import Request.
  Time since last request: 0.000036 seconds.
  path: Assets/Synty/PolygonSciFiSpace/Prefabs/Buildings/SM_Bld_Wall_03.prefab
  artifactKey: Guid(9a0b50ddb0002a047a3c8cefb24da0c5) Importer(815301076,1909f56bfc062723c751e8b465ee728b)
Start importing Assets/Synty/PolygonSciFiSpace/Prefabs/Buildings/SM_Bld_Wall_03.prefab using Guid(9a0b50ddb0002a047a3c8cefb24da0c5) Importer(815301076,1909f56bfc062723c751e8b465ee728b) [PhysX] Initialized MultithreadedTaskDispatcher with 12 workers.
[PhysX] Initialized MultithreadedTaskDispatcher with 12 workers.
 -> (artifact id: 'bf998df4aa1682c797816c6b4da72f05') in 0.047145 seconds
Number of updated asset objects reloaded before import = 0
Number of asset objects unloaded after import = 16
========================================================================
Received Import Request.
  Time since last request: 0.240825 seconds.
  path: Assets/Synty/PolygonSciFiSpace/Models/Collision/Convex/SM_Bld_Wall_04_Convex.asset
  artifactKey: Guid(84fc0fdf966f79646a91bd05a13d2f27) Importer(815301076,1909f56bfc062723c751e8b465ee728b)
Start importing Assets/Synty/PolygonSciFiSpace/Models/Collision/Convex/SM_Bld_Wall_04_Convex.asset using Guid(84fc0fdf966f79646a91bd05a13d2f27) Importer(815301076,1909f56bfc062723c751e8b465ee728b) [PhysX] Initialized MultithreadedTaskDispatcher with 12 workers.
[PhysX] Initialized MultithreadedTaskDispatcher with 12 workers.
 -> (artifact id: '4c0d6160df5ca5bb9d9c934bc9619a25') in 0.046369 seconds
Number of updated asset objects reloaded before import = 0
Number of asset objects unloaded after import = 2
========================================================================
Received Import Request.
  Time since last request: 0.000025 seconds.
  path: Assets/Synty/PolygonSciFiSpace/Models/SM_Bld_Wall_05.fbx
  artifactKey: Guid(e088c53cf72034d4b8f5847781645fdb) Importer(815301076,1909f56bfc062723c751e8b465ee728b)
Start importing Assets/Synty/PolygonSciFiSpace/Models/SM_Bld_Wall_05.fbx using Guid(e088c53cf72034d4b8f5847781645fdb) Importer(815301076,1909f56bfc062723c751e8b465ee728b) [PhysX] Initialized MultithreadedTaskDispatcher with 12 workers.
[PhysX] Initialized MultithreadedTaskDispatcher with 12 workers.
[PhysX] Initialized MultithreadedTaskDispatcher with 12 workers.
 -> (artifact id: 'b2d8acf4bc48e9ec5fff581ff06557b8') in 0.026998 seconds
Number of updated asset objects reloaded before import = 0
Number of asset objects unloaded after import = 7
========================================================================
Received Import Request.
  Time since last request: 0.000021 seconds.
  path: Assets/Synty/PolygonSciFiSpace/Models/Collision/Convex/SM_Bld_Wall_05_Convex.asset
  artifactKey: Guid(767c8329a3d8f2748a9724dcd1cb7a73) Importer(815301076,1909f56bfc062723c751e8b465ee728b)
Start importing Assets/Synty/PolygonSciFiSpace/Models/Collision/Convex/SM_Bld_Wall_05_Convex.asset using Guid(767c8329a3d8f2748a9724dcd1cb7a73) Importer(815301076,1909f56bfc062723c751e8b465ee728b) [PhysX] Initialized MultithreadedTaskDispatcher with 12 workers.
[PhysX] Initialized MultithreadedTaskDispatcher with 12 workers.
 -> (artifact id: '9f0081abd51cf621b4adb7290565aa0b') in 0.022480 seconds
Number of updated asset objects reloaded before import = 0
Number of asset objects unloaded after import = 2
========================================================================
Received Import Request.
  Time since last request: 0.243595 seconds.
  path: Assets/Synty/PolygonSciFiSpace/Models/Collision/Convex/SM_Bld_Wall_05_Convex 1.asset
  artifactKey: Guid(fff7a9361ddcbd1479bbd252b0f9f278) Importer(815301076,1909f56bfc062723c751e8b465ee728b)
Start importing Assets/Synty/PolygonSciFiSpace/Models/Collision/Convex/SM_Bld_Wall_05_Convex 1.asset using Guid(fff7a9361ddcbd1479bbd252b0f9f278) Importer(815301076,1909f56bfc062723c751e8b465ee728b) [PhysX] Initialized MultithreadedTaskDispatcher with 12 workers.
[PhysX] Initialized MultithreadedTaskDispatcher with 12 workers.
[PhysX] Initialized MultithreadedTaskDispatcher with 12 workers.
[PhysX] Initialized MultithreadedTaskDispatcher with 12 workers.
 -> (artifact id: 'c790a6ae40a1ea48d6f73231606aacb7') in 0.024229 seconds
Number of updated asset objects reloaded before import = 0
Number of asset objects unloaded after import = 4
========================================================================
Received Import Request.
  Time since last request: 0.000019 seconds.
  path: Assets/Synty/PolygonSciFiSpace/Prefabs/Buildings/SM_Bld_Wall_06.prefab
  artifactKey: Guid(558510d06d2efb441bb5308b93053816) Importer(815301076,1909f56bfc062723c751e8b465ee728b)
Start importing Assets/Synty/PolygonSciFiSpace/Prefabs/Buildings/SM_Bld_Wall_06.prefab using Guid(558510d06d2efb441bb5308b93053816) Importer(815301076,1909f56bfc062723c751e8b465ee728b) [PhysX] Initialized MultithreadedTaskDispatcher with 12 workers.
[PhysX] Initialized MultithreadedTaskDispatcher with 12 workers.
 -> (artifact id: '1f85c34cd98856fac709458d06619faf') in 0.052404 seconds
Number of updated asset objects reloaded before import = 0
Number of asset objects unloaded after import = 16
========================================================================
Received Import Request.
  Time since last request: 0.056139 seconds.
  path: Assets/Synty/PolygonSciFiSpace/Models/SM_Bld_Wall_Corner_Pillar_01.fbx
  artifactKey: Guid(96151f7172eaf0a4d9ba98a2af05d4da) Importer(815301076,1909f56bfc062723c751e8b465ee728b)
Start importing Assets/Synty/PolygonSciFiSpace/Models/SM_Bld_Wall_Corner_Pillar_01.fbx using Guid(96151f7172eaf0a4d9ba98a2af05d4da) Importer(815301076,1909f56bfc062723c751e8b465ee728b) [PhysX] Initialized MultithreadedTaskDispatcher with 12 workers.
[PhysX] Initialized MultithreadedTaskDispatcher with 12 workers.
[PhysX] Initialized MultithreadedTaskDispatcher with 12 workers.
 -> (artifact id: 'e6f40c81f4b9a360674946d3b0c06b17') in 0.021313 seconds
Number of updated asset objects reloaded before import = 0
Number of asset objects unloaded after import = 7
========================================================================
Received Import Request.
  Time since last request: 0.000020 seconds.
  path: Assets/Synty/PolygonSciFiSpace/Models/Collision/Convex/SM_Bld_Wall_Corner_Pillar_01_Convex.asset
  artifactKey: Guid(16085dc31a538364c8e2178563e7b090) Importer(815301076,1909f56bfc062723c751e8b465ee728b)
Start importing Assets/Synty/PolygonSciFiSpace/Models/Collision/Convex/SM_Bld_Wall_Corner_Pillar_01_Convex.asset using Guid(16085dc31a538364c8e2178563e7b090) Importer(815301076,1909f56bfc062723c751e8b465ee728b) [PhysX] Initialized MultithreadedTaskDispatcher with 12 workers.
[PhysX] Initialized MultithreadedTaskDispatcher with 12 workers.
 -> (artifact id: '3080143fec9d1d299778bcb470e4aab1') in 0.023566 seconds
Number of updated asset objects reloaded before import = 0
Number of asset objects unloaded after import = 2
========================================================================
Received Import Request.
  Time since last request: 0.000021 seconds.
  path: Assets/Synty/PolygonSciFiSpace/Models/Collision/Convex/SM_Bld_Wall_Corner_Pillar_01_Convex 2.asset
  artifactKey: Guid(d900e7064da5cdd48b3c32e3fb6f947f) Importer(815301076,1909f56bfc062723c751e8b465ee728b)
Start importing Assets/Synty/PolygonSciFiSpace/Models/Collision/Convex/SM_Bld_Wall_Corner_Pillar_01_Convex 2.asset using Guid(d900e7064da5cdd48b3c32e3fb6f947f) Importer(815301076,1909f56bfc062723c751e8b465ee728b) [PhysX] Initialized MultithreadedTaskDispatcher with 12 workers.
[PhysX] Initialized MultithreadedTaskDispatcher with 12 workers.
[PhysX] Initialized MultithreadedTaskDispatcher with 12 workers.
[PhysX] Initialized MultithreadedTaskDispatcher with 12 workers.
 -> (artifact id: 'b9d90346154165c04c7c88e4ea35042f') in 0.029591 seconds
Number of updated asset objects reloaded before import = 0
Number of asset objects unloaded after import = 4
========================================================================
Received Import Request.
  Time since last request: 0.469696 seconds.
  path: Assets/Synty/PolygonSciFiSpace/Models/SM_Bld_Wall_Corner_Pillar_02.fbx
  artifactKey: Guid(a67fd12443897d14dbdb6e5844a3d5d9) Importer(815301076,1909f56bfc062723c751e8b465ee728b)
Start importing Assets/Synty/PolygonSciFiSpace/Models/SM_Bld_Wall_Corner_Pillar_02.fbx using Guid(a67fd12443897d14dbdb6e5844a3d5d9) Importer(815301076,1909f56bfc062723c751e8b465ee728b) [PhysX] Initialized MultithreadedTaskDispatcher with 12 workers.
[PhysX] Initialized MultithreadedTaskDispatcher with 12 workers.
[PhysX] Initialized MultithreadedTaskDispatcher with 12 workers.
 -> (artifact id: 'efbeb413026c92e7fe99e7cd2ad069c4') in 0.021431 seconds
Number of updated asset objects reloaded before import = 0
Number of asset objects unloaded after import = 7
========================================================================
Received Import Request.
  Time since last request: 0.000031 seconds.
  path: Assets/Synty/PolygonSciFiSpace/Models/Collision/Convex/SM_Bld_Wall_Corner_Pillar_02_Convex.asset
  artifactKey: Guid(7dbfb25a61472e641bcae56fd61d3add) Importer(815301076,1909f56bfc062723c751e8b465ee728b)
Start importing Assets/Synty/PolygonSciFiSpace/Models/Collision/Convex/SM_Bld_Wall_Corner_Pillar_02_Convex.asset using Guid(7dbfb25a61472e641bcae56fd61d3add) Importer(815301076,1909f56bfc062723c751e8b465ee728b) [PhysX] Initialized MultithreadedTaskDispatcher with 12 workers.
[PhysX] Initialized MultithreadedTaskDispatcher with 12 workers.
 -> (artifact id: '991dea224bb62a1953fc561ce6a9d0ae') in 0.024451 seconds
Number of updated asset objects reloaded before import = 0
Number of asset objects unloaded after import = 2
========================================================================
Received Import Request.
  Time since last request: 0.000023 seconds.
  path: Assets/Synty/PolygonSciFiSpace/Models/Collision/Convex/SM_Bld_Wall_Corner_Pillar_02_Convex 2.asset
  artifactKey: Guid(1e5951e1ce30df649b069d56922fd9ba) Importer(815301076,1909f56bfc062723c751e8b465ee728b)
Start importing Assets/Synty/PolygonSciFiSpace/Models/Collision/Convex/SM_Bld_Wall_Corner_Pillar_02_Convex 2.asset using Guid(1e5951e1ce30df649b069d56922fd9ba) Importer(815301076,1909f56bfc062723c751e8b465ee728b) [PhysX] Initialized MultithreadedTaskDispatcher with 12 workers.
[PhysX] Initialized MultithreadedTaskDispatcher with 12 workers.
[PhysX] Initialized MultithreadedTaskDispatcher with 12 workers.
 -> (artifact id: '2b8e17153821657a63bd39861f4cea89') in 0.025896 seconds
Number of updated asset objects reloaded before import = 0
Number of asset objects unloaded after import = 3
========================================================================
Received Import Request.
  Time since last request: 0.027471 seconds.
  path: Assets/Synty/PolygonSciFiSpace/Prefabs/Buildings/SM_Bld_Wall_Corner_Pillar_03.prefab
  artifactKey: Guid(0d6e6a9e581971743976c8857bad4a6c) Importer(815301076,1909f56bfc062723c751e8b465ee728b)
Start importing Assets/Synty/PolygonSciFiSpace/Prefabs/Buildings/SM_Bld_Wall_Corner_Pillar_03.prefab using Guid(0d6e6a9e581971743976c8857bad4a6c) Importer(815301076,1909f56bfc062723c751e8b465ee728b) [PhysX] Initialized MultithreadedTaskDispatcher with 12 workers.
[PhysX] Initialized MultithreadedTaskDispatcher with 12 workers.
 -> (artifact id: 'c2b3be20de8f29d652c900d8b7149ed7') in 0.051179 seconds
Number of updated asset objects reloaded before import = 0
Number of asset objects unloaded after import = 16
========================================================================
Received Import Request.
  Time since last request: 0.000027 seconds.
  path: Assets/Synty/PolygonSciFiSpace/Models/Collision/Convex/SM_Bld_Wall_Corner_Pillar_03_Convex 2.asset
  artifactKey: Guid(f1cfb938d5ccbaf44a3bee82d9cdc5a2) Importer(815301076,1909f56bfc062723c751e8b465ee728b)
Start importing Assets/Synty/PolygonSciFiSpace/Models/Collision/Convex/SM_Bld_Wall_Corner_Pillar_03_Convex 2.asset using Guid(f1cfb938d5ccbaf44a3bee82d9cdc5a2) Importer(815301076,1909f56bfc062723c751e8b465ee728b) [PhysX] Initialized MultithreadedTaskDispatcher with 12 workers.
[PhysX] Initialized MultithreadedTaskDispatcher with 12 workers.
[PhysX] Initialized MultithreadedTaskDispatcher with 12 workers.
[PhysX] Initialized MultithreadedTaskDispatcher with 12 workers.
 -> (artifact id: 'af56a35c7831d4154237e3408c52e9b7') in 0.030459 seconds
Number of updated asset objects reloaded before import = 0
Number of asset objects unloaded after import = 4
========================================================================
Received Import Request.
  Time since last request: 0.320321 seconds.
  path: Assets/Synty/PolygonSciFiSpace/Models/SM_Bld_Wall_Corner_Pillar_04.fbx
  artifactKey: Guid(a57187d547065ef4796cd7af530d8746) Importer(815301076,1909f56bfc062723c751e8b465ee728b)
Start importing Assets/Synty/PolygonSciFiSpace/Models/SM_Bld_Wall_Corner_Pillar_04.fbx using Guid(a57187d547065ef4796cd7af530d8746) Importer(815301076,1909f56bfc062723c751e8b465ee728b) [PhysX] Initialized MultithreadedTaskDispatcher with 12 workers.
[PhysX] Initialized MultithreadedTaskDispatcher with 12 workers.
[PhysX] Initialized MultithreadedTaskDispatcher with 12 workers.
 -> (artifact id: '75052fe85d305c099448058fdcf0cc0c') in 0.016766 seconds
Number of updated asset objects reloaded before import = 0
Number of asset objects unloaded after import = 7
========================================================================
Received Import Request.
  Time since last request: 0.000021 seconds.
  path: Assets/Synty/PolygonSciFiSpace/Models/Collision/Convex/SM_Bld_Wall_Corner_Pillar_04_Convex.asset
  artifactKey: Guid(63bd9973d48f83a43ae2531dde035c28) Importer(815301076,1909f56bfc062723c751e8b465ee728b)
Start importing Assets/Synty/PolygonSciFiSpace/Models/Collision/Convex/SM_Bld_Wall_Corner_Pillar_04_Convex.asset using Guid(63bd9973d48f83a43ae2531dde035c28) Importer(815301076,1909f56bfc062723c751e8b465ee728b) [PhysX] Initialized MultithreadedTaskDispatcher with 12 workers.
[PhysX] Initialized MultithreadedTaskDispatcher with 12 workers.
 -> (artifact id: 'b0106e43e267f933285662141a0c501d') in 0.027610 seconds
Number of updated asset objects reloaded before import = 0
Number of asset objects unloaded after import = 2
========================================================================
Received Import Request.
  Time since last request: 0.000027 seconds.
  path: Assets/Synty/PolygonSciFiSpace/Models/Collision/Convex/SM_Bld_Wall_Corner_Pillar_04_Convex 1.asset
  artifactKey: Guid(3d037745756d29d47ac914ba276974d5) Importer(815301076,1909f56bfc062723c751e8b465ee728b)
Start importing Assets/Synty/PolygonSciFiSpace/Models/Collision/Convex/SM_Bld_Wall_Corner_Pillar_04_Convex 1.asset using Guid(3d037745756d29d47ac914ba276974d5) Importer(815301076,1909f56bfc062723c751e8b465ee728b) [PhysX] Initialized MultithreadedTaskDispatcher with 12 workers.
[PhysX] Initialized MultithreadedTaskDispatcher with 12 workers.
[PhysX] Initialized MultithreadedTaskDispatcher with 12 workers.
 -> (artifact id: '5fa0507b48c8ea8aa4e99918a15fd799') in 0.021898 seconds
Number of updated asset objects reloaded before import = 0
Number of asset objects unloaded after import = 3
========================================================================
Received Import Request.
  Time since last request: 0.076562 seconds.
  path: Assets/Synty/PolygonSciFiSpace/Models/Collision/Convex/SM_Bld_Wall_Corner_Pillar_04_Convex 3.asset
  artifactKey: Guid(9c7c9cb730f9ee9418fd6628ba305dd7) Importer(815301076,1909f56bfc062723c751e8b465ee728b)
Start importing Assets/Synty/PolygonSciFiSpace/Models/Collision/Convex/SM_Bld_Wall_Corner_Pillar_04_Convex 3.asset using Guid(9c7c9cb730f9ee9418fd6628ba305dd7) Importer(815301076,1909f56bfc062723c751e8b465ee728b) [PhysX] Initialized MultithreadedTaskDispatcher with 12 workers.
[PhysX] Initialized MultithreadedTaskDispatcher with 12 workers.
[PhysX] Initialized MultithreadedTaskDispatcher with 12 workers.
[PhysX] Initialized MultithreadedTaskDispatcher with 12 workers.
 -> (artifact id: '3c454d61ce224c106985d1f73d0a6784') in 0.023129 seconds
Number of updated asset objects reloaded before import = 0
Number of asset objects unloaded after import = 4
========================================================================
Received Import Request.
  Time since last request: 0.000017 seconds.
  path: Assets/Synty/PolygonSciFiSpace/Models/Collision/Convex/SM_Bld_Wall_Corner_Pillar_05_Convex.asset
  artifactKey: Guid(180b091a9c5e56a42b227ef2fb629cb9) Importer(815301076,1909f56bfc062723c751e8b465ee728b)
Start importing Assets/Synty/PolygonSciFiSpace/Models/Collision/Convex/SM_Bld_Wall_Corner_Pillar_05_Convex.asset using Guid(180b091a9c5e56a42b227ef2fb629cb9) Importer(815301076,1909f56bfc062723c751e8b465ee728b) [PhysX] Initialized MultithreadedTaskDispatcher with 12 workers.
[PhysX] Initialized MultithreadedTaskDispatcher with 12 workers.
 -> (artifact id: '39bd6fa321e89967eec328b19e075587') in 0.033613 seconds
Number of updated asset objects reloaded before import = 0
Number of asset objects unloaded after import = 2
========================================================================
Received Import Request.
  Time since last request: 0.000021 seconds.
  path: Assets/Synty/PolygonSciFiSpace/Models/Collision/Convex/SM_Bld_Wall_Corner_Pillar_05_Convex 1.asset
  artifactKey: Guid(1d12a428e1e82d643b388ec1a2fe8cac) Importer(815301076,1909f56bfc062723c751e8b465ee728b)
Start importing Assets/Synty/PolygonSciFiSpace/Models/Collision/Convex/SM_Bld_Wall_Corner_Pillar_05_Convex 1.asset using Guid(1d12a428e1e82d643b388ec1a2fe8cac) Importer(815301076,1909f56bfc062723c751e8b465ee728b) [PhysX] Initialized MultithreadedTaskDispatcher with 12 workers.
[PhysX] Initialized MultithreadedTaskDispatcher with 12 workers.
[PhysX] Initialized MultithreadedTaskDispatcher with 12 workers.
 -> (artifact id: 'e31a2b5d324407f038b60cec5026a3f6') in 0.024414 seconds
Number of updated asset objects reloaded before import = 0
Number of asset objects unloaded after import = 3
========================================================================
Received Import Request.
  Time since last request: 0.347845 seconds.
  path: Assets/Synty/PolygonSciFiSpace/Models/Collision/Convex/SM_Bld_Wall_Corner_Pillar_05_Convex 2.asset
  artifactKey: Guid(2f0b7aa55cadbca4faddd6046d2455e0) Importer(815301076,1909f56bfc062723c751e8b465ee728b)
Start importing Assets/Synty/PolygonSciFiSpace/Models/Collision/Convex/SM_Bld_Wall_Corner_Pillar_05_Convex 2.asset using Guid(2f0b7aa55cadbca4faddd6046d2455e0) Importer(815301076,1909f56bfc062723c751e8b465ee728b) [PhysX] Initialized MultithreadedTaskDispatcher with 12 workers.
[PhysX] Initialized MultithreadedTaskDispatcher with 12 workers.
[PhysX] Initialized MultithreadedTaskDispatcher with 12 workers.
[PhysX] Initialized MultithreadedTaskDispatcher with 12 workers.
 -> (artifact id: '075f06e76a699bc3c698f615ee7263e2') in 0.027023 seconds
Number of updated asset objects reloaded before import = 0
Number of asset objects unloaded after import = 4
========================================================================
Received Import Request.
  Time since last request: 0.000017 seconds.
  path: Assets/Synty/PolygonSciFiSpace/Models/Collision/Convex/SM_Bld_Wall_Corner_Pillar_Wide_01_Convex.asset
  artifactKey: Guid(1313ac252430e2b4096aac0b3d28e29d) Importer(815301076,1909f56bfc062723c751e8b465ee728b)
Start importing Assets/Synty/PolygonSciFiSpace/Models/Collision/Convex/SM_Bld_Wall_Corner_Pillar_Wide_01_Convex.asset using Guid(1313ac252430e2b4096aac0b3d28e29d) Importer(815301076,1909f56bfc062723c751e8b465ee728b) [PhysX] Initialized MultithreadedTaskDispatcher with 12 workers.
[PhysX] Initialized MultithreadedTaskDispatcher with 12 workers.
 -> (artifact id: '67728bd18174443e19a46d1216c6008e') in 0.035675 seconds
Number of updated asset objects reloaded before import = 0
Number of asset objects unloaded after import = 2
========================================================================
Received Import Request.
  Time since last request: 0.000030 seconds.
  path: Assets/Synty/PolygonSciFiSpace/Models/Collision/Convex/SM_Bld_Wall_Corner_Pillar_Wide_01_Convex 1.asset
  artifactKey: Guid(45d3f085eeb805f40ad166fb3236ccdb) Importer(815301076,1909f56bfc062723c751e8b465ee728b)
Start importing Assets/Synty/PolygonSciFiSpace/Models/Collision/Convex/SM_Bld_Wall_Corner_Pillar_Wide_01_Convex 1.asset using Guid(45d3f085eeb805f40ad166fb3236ccdb) Importer(815301076,1909f56bfc062723c751e8b465ee728b) [PhysX] Initialized MultithreadedTaskDispatcher with 12 workers.
[PhysX] Initialized MultithreadedTaskDispatcher with 12 workers.
[PhysX] Initialized MultithreadedTaskDispatcher with 12 workers.
 -> (artifact id: 'ebe6ccd0d39bd03d58c7716c665e17f8') in 0.022180 seconds
Number of updated asset objects reloaded before import = 0
Number of asset objects unloaded after import = 3
========================================================================
Received Import Request.
  Time since last request: 0.000021 seconds.
  path: Assets/Synty/PolygonSciFiSpace/Models/SM_Bld_Wall_Corner_Pillar_Wide_02.fbx
  artifactKey: Guid(3cad1dde212165a49b4942f664e2c629) Importer(815301076,1909f56bfc062723c751e8b465ee728b)
Start importing Assets/Synty/PolygonSciFiSpace/Models/SM_Bld_Wall_Corner_Pillar_Wide_02.fbx using Guid(3cad1dde212165a49b4942f664e2c629) Importer(815301076,1909f56bfc062723c751e8b465ee728b) [PhysX] Initialized MultithreadedTaskDispatcher with 12 workers.
[PhysX] Initialized MultithreadedTaskDispatcher with 12 workers.
[PhysX] Initialized MultithreadedTaskDispatcher with 12 workers.
 -> (artifact id: 'a54af2a0bdd3dc8702b706914710255f') in 0.014412 seconds
Number of updated asset objects reloaded before import = 0
Number of asset objects unloaded after import = 7
========================================================================
Received Import Request.
  Time since last request: 0.000021 seconds.
  path: Assets/Synty/PolygonSciFiSpace/Models/Collision/Convex/SM_Bld_Wall_Corner_Pillar_Wide_02_Convex 1.asset
  artifactKey: Guid(42defa37b568bc1429f8d77bea698d69) Importer(815301076,1909f56bfc062723c751e8b465ee728b)
Start importing Assets/Synty/PolygonSciFiSpace/Models/Collision/Convex/SM_Bld_Wall_Corner_Pillar_Wide_02_Convex 1.asset using Guid(42defa37b568bc1429f8d77bea698d69) Importer(815301076,1909f56bfc062723c751e8b465ee728b) [PhysX] Initialized MultithreadedTaskDispatcher with 12 workers.
[PhysX] Initialized MultithreadedTaskDispatcher with 12 workers.
[PhysX] Initialized MultithreadedTaskDispatcher with 12 workers.
 -> (artifact id: 'cfb4b37f7db1da914a014e304120a9a4') in 0.041940 seconds
Number of updated asset objects reloaded before import = 0
Number of asset objects unloaded after import = 3
========================================================================
Received Import Request.
  Time since last request: 0.000019 seconds.
  path: Assets/Synty/PolygonSciFiSpace/Models/Collision/Convex/SM_Bld_Wall_Corner_Pillar_Wide_02_Convex.asset
  artifactKey: Guid(fe48396f1c191b341a802b4764441726) Importer(815301076,1909f56bfc062723c751e8b465ee728b)
Start importing Assets/Synty/PolygonSciFiSpace/Models/Collision/Convex/SM_Bld_Wall_Corner_Pillar_Wide_02_Convex.asset using Guid(fe48396f1c191b341a802b4764441726) Importer(815301076,1909f56bfc062723c751e8b465ee728b) [PhysX] Initialized MultithreadedTaskDispatcher with 12 workers.
[PhysX] Initialized MultithreadedTaskDispatcher with 12 workers.
 -> (artifact id: '2d8f59708f1a52c8d603d6628a19e0cb') in 0.016914 seconds
Number of updated asset objects reloaded before import = 0
Number of asset objects unloaded after import = 2
========================================================================
Received Import Request.
  Time since last request: 0.000027 seconds.
  path: Assets/Synty/PolygonSciFiSpace/Prefabs/Buildings/SM_Bld_Wall_Corner_Pillar_Wide_03.prefab
  artifactKey: Guid(e777cdde0977dcf46bf0ad637b292fb1) Importer(815301076,1909f56bfc062723c751e8b465ee728b)
Start importing Assets/Synty/PolygonSciFiSpace/Prefabs/Buildings/SM_Bld_Wall_Corner_Pillar_Wide_03.prefab using Guid(e777cdde0977dcf46bf0ad637b292fb1) Importer(815301076,1909f56bfc062723c751e8b465ee728b) [PhysX] Initialized MultithreadedTaskDispatcher with 12 workers.
[PhysX] Initialized MultithreadedTaskDispatcher with 12 workers.
 -> (artifact id: '6cf4a67e9800e70596821b4883e07f5e') in 0.052250 seconds
Number of updated asset objects reloaded before import = 0
Number of asset objects unloaded after import = 16
========================================================================
Received Import Request.
  Time since last request: 0.000015 seconds.
  path: Assets/Synty/PolygonSciFiSpace/Models/SM_Bld_Wall_Corner_Pillar_Wide_04.fbx
  artifactKey: Guid(e4549bc8e1505ad4cb027f411215dc62) Importer(815301076,1909f56bfc062723c751e8b465ee728b)
Start importing Assets/Synty/PolygonSciFiSpace/Models/SM_Bld_Wall_Corner_Pillar_Wide_04.fbx using Guid(e4549bc8e1505ad4cb027f411215dc62) Importer(815301076,1909f56bfc062723c751e8b465ee728b) [PhysX] Initialized MultithreadedTaskDispatcher with 12 workers.
[PhysX] Initialized MultithreadedTaskDispatcher with 12 workers.
[PhysX] Initialized MultithreadedTaskDispatcher with 12 workers.
 -> (artifact id: '7916ddeecf8784ae444c2d923d51a00f') in 0.021716 seconds
Number of updated asset objects reloaded before import = 0
Number of asset objects unloaded after import = 7
========================================================================
Received Import Request.
  Time since last request: 12.019226 seconds.
  path: Assets/Synty/PolygonSciFiSpace/Materials/FX/FX_LightBlocker_01.mat
  artifactKey: Guid(54a326676e1fc804da6ceff7c86fdc29) Importer(815301076,1909f56bfc062723c751e8b465ee728b)
Start importing Assets/Synty/PolygonSciFiSpace/Materials/FX/FX_LightBlocker_01.mat using Guid(54a326676e1fc804da6ceff7c86fdc29) Importer(815301076,1909f56bfc062723c751e8b465ee728b) [PhysX] Initialized MultithreadedTaskDispatcher with 12 workers.
[PhysX] Initialized MultithreadedTaskDispatcher with 12 workers.
 -> (artifact id: 'd3260124dba7b1074d2f3678fd7e6101') in 0.053756 seconds
Number of updated asset objects reloaded before import = 0
Number of asset objects unloaded after import = 1
========================================================================
Received Import Request.
  Time since last request: 0.000018 seconds.
  path: Assets/Synty/PolygonSciFiSpace/Materials/FX/FX_LightRay_02.mat
  artifactKey: Guid(722710211571c0e4696b25c4b086c9b1) Importer(815301076,1909f56bfc062723c751e8b465ee728b)
Start importing Assets/Synty/PolygonSciFiSpace/Materials/FX/FX_LightRay_02.mat using Guid(722710211571c0e4696b25c4b086c9b1) Importer(815301076,1909f56bfc062723c751e8b465ee728b) [PhysX] Initialized MultithreadedTaskDispatcher with 12 workers.
[PhysX] Initialized MultithreadedTaskDispatcher with 12 workers.
 -> (artifact id: 'daec9ec3374b4dbf9c69479248585acc') in 0.014643 seconds
Number of updated asset objects reloaded before import = 0
Number of asset objects unloaded after import = 1
========================================================================
Received Import Request.
  Time since last request: 0.000020 seconds.
  path: Assets/Synty/PolygonSciFiSpace/Prefabs/FX/FX_LightRayRound.prefab
  artifactKey: Guid(f75f632cd8eb73545ae070fb14c69333) Importer(815301076,1909f56bfc062723c751e8b465ee728b)
Start importing Assets/Synty/PolygonSciFiSpace/Prefabs/FX/FX_LightRayRound.prefab using Guid(f75f632cd8eb73545ae070fb14c69333) Importer(815301076,1909f56bfc062723c751e8b465ee728b) [PhysX] Initialized MultithreadedTaskDispatcher with 12 workers.
[PhysX] Initialized MultithreadedTaskDispatcher with 12 workers.
 -> (artifact id: '511dea0fa330fb0240969360a71b0814') in 0.027792 seconds
Number of updated asset objects reloaded before import = 0
Number of asset objects unloaded after import = 15
========================================================================
Received Import Request.
  Time since last request: 0.000025 seconds.
  path: Assets/Synty/PolygonGeneric/Textures/FX/Generic_Lightray_01.png
  artifactKey: Guid(ad29a3f834a0477e8b4b6df2c9c57fa0) Importer(815301076,1909f56bfc062723c751e8b465ee728b)
Start importing Assets/Synty/PolygonGeneric/Textures/FX/Generic_Lightray_01.png using Guid(ad29a3f834a0477e8b4b6df2c9c57fa0) Importer(815301076,1909f56bfc062723c751e8b465ee728b) [PhysX] Initialized MultithreadedTaskDispatcher with 12 workers.
[PhysX] Initialized MultithreadedTaskDispatcher with 12 workers.
 -> (artifact id: '4683dd2f9a692f77d21327a903c67345') in 0.043041 seconds
Number of updated asset objects reloaded before import = 0
Number of asset objects unloaded after import = 2
========================================================================
Received Import Request.
  Time since last request: 0.000026 seconds.
  path: Assets/Synty/PolygonSciFiSpace/Prefabs/FX/SM_FX_LightBlocker_Cube_01.prefab
  artifactKey: Guid(f1724c51ea97a514f92bbabc97f40639) Importer(815301076,1909f56bfc062723c751e8b465ee728b)
Start importing Assets/Synty/PolygonSciFiSpace/Prefabs/FX/SM_FX_LightBlocker_Cube_01.prefab using Guid(f1724c51ea97a514f92bbabc97f40639) Importer(815301076,1909f56bfc062723c751e8b465ee728b) [PhysX] Initialized MultithreadedTaskDispatcher with 12 workers.
[PhysX] Initialized MultithreadedTaskDispatcher with 12 workers.
 -> (artifact id: 'cbe40b49fa6d7426b49b720706b7e6fd') in 0.018686 seconds
Number of updated asset objects reloaded before import = 0
Number of asset objects unloaded after import = 8
========================================================================
Received Import Request.
  Time since last request: 0.000022 seconds.
  path: Assets/Synty/PolygonSciFiSpace/Models/SM_FX_LightBlocker_Cube_02.fbx
  artifactKey: Guid(19e00297732e2ad41aa1b398ca591e19) Importer(815301076,1909f56bfc062723c751e8b465ee728b)
Start importing Assets/Synty/PolygonSciFiSpace/Models/SM_FX_LightBlocker_Cube_02.fbx using Guid(19e00297732e2ad41aa1b398ca591e19) Importer(815301076,1909f56bfc062723c751e8b465ee728b) [PhysX] Initialized MultithreadedTaskDispatcher with 12 workers.
[PhysX] Initialized MultithreadedTaskDispatcher with 12 workers.
[PhysX] Initialized MultithreadedTaskDispatcher with 12 workers.
 -> (artifact id: 'bed735cbccc530141463549b23ff4673') in 0.017615 seconds
Number of updated asset objects reloaded before import = 0
Number of asset objects unloaded after import = 7
========================================================================
Received Import Request.
  Time since last request: 0.000015 seconds.
  path: Assets/Synty/PolygonSciFiSpace/Prefabs/FX/SM_FX_LightBlocker_Cube_02.prefab
  artifactKey: Guid(64d3b869292b21848a2f5ce65d845820) Importer(815301076,1909f56bfc062723c751e8b465ee728b)
Start importing Assets/Synty/PolygonSciFiSpace/Prefabs/FX/SM_FX_LightBlocker_Cube_02.prefab using Guid(64d3b869292b21848a2f5ce65d845820) Importer(815301076,1909f56bfc062723c751e8b465ee728b) [PhysX] Initialized MultithreadedTaskDispatcher with 12 workers.
[PhysX] Initialized MultithreadedTaskDispatcher with 12 workers.
 -> (artifact id: '9ccd405206cef624db9df085f78734b6') in 0.036231 seconds
Number of updated asset objects reloaded before import = 0
Number of asset objects unloaded after import = 8
========================================================================
Received Import Request.
  Time since last request: 0.000015 seconds.
  path: Assets/Synty/PolygonSciFiSpace/Models/SM_FX_LightBlocker_Cube_03.fbx
  artifactKey: Guid(c59580bd90ac940408f44890675063c9) Importer(815301076,1909f56bfc062723c751e8b465ee728b)
Start importing Assets/Synty/PolygonSciFiSpace/Models/SM_FX_LightBlocker_Cube_03.fbx using Guid(c59580bd90ac940408f44890675063c9) Importer(815301076,1909f56bfc062723c751e8b465ee728b) [PhysX] Initialized MultithreadedTaskDispatcher with 12 workers.
[PhysX] Initialized MultithreadedTaskDispatcher with 12 workers.
[PhysX] Initialized MultithreadedTaskDispatcher with 12 workers.
 -> (artifact id: 'e54fbebfb32a6eaa482a9c8984f72101') in 0.096331 seconds
Number of updated asset objects reloaded before import = 0
Number of asset objects unloaded after import = 7
========================================================================
Received Import Request.
  Time since last request: 0.000017 seconds.
  path: Assets/Synty/PolygonSciFiSpace/Prefabs/FX/SM_FX_LightBlocker_Cube_03.prefab
  artifactKey: Guid(a7c5c9e2eb582f24ba9f38d4e9b1155e) Importer(815301076,1909f56bfc062723c751e8b465ee728b)
Start importing Assets/Synty/PolygonSciFiSpace/Prefabs/FX/SM_FX_LightBlocker_Cube_03.prefab using Guid(a7c5c9e2eb582f24ba9f38d4e9b1155e) Importer(815301076,1909f56bfc062723c751e8b465ee728b) [PhysX] Initialized MultithreadedTaskDispatcher with 12 workers.
[PhysX] Initialized MultithreadedTaskDispatcher with 12 workers.
 -> (artifact id: 'a9e5b65012d9c38a9356ab8c1ba431e5') in 0.025050 seconds
Number of updated asset objects reloaded before import = 0
Number of asset objects unloaded after import = 8
========================================================================
Received Import Request.
  Time since last request: 0.954626 seconds.
  path: Assets/Synty/PolygonGeneric/Prefabs/Props/SM_Gen_Prop_Light_Roof_01.prefab
  artifactKey: Guid(56ff336f04987a6449c96532e71787d2) Importer(815301076,1909f56bfc062723c751e8b465ee728b)
Start importing Assets/Synty/PolygonGeneric/Prefabs/Props/SM_Gen_Prop_Light_Roof_01.prefab using Guid(56ff336f04987a6449c96532e71787d2) Importer(815301076,1909f56bfc062723c751e8b465ee728b) [PhysX] Initialized MultithreadedTaskDispatcher with 12 workers.
[PhysX] Initialized MultithreadedTaskDispatcher with 12 workers.
 -> (artifact id: 'e46d86ca3a5d188b1422d1056c4f0c90') in 0.394752 seconds
Number of updated asset objects reloaded before import = 0
Number of asset objects unloaded after import = 11
========================================================================
Received Import Request.
  Time since last request: 0.000025 seconds.
  path: Assets/Synty/PolygonGeneric/Models/Collision/SM_Gen_Prop_Light_Wall_01_Convex.asset
  artifactKey: Guid(123b78afaaf6e2b4daa717f288965c40) Importer(815301076,1909f56bfc062723c751e8b465ee728b)
Start importing Assets/Synty/PolygonGeneric/Models/Collision/SM_Gen_Prop_Light_Wall_01_Convex.asset using Guid(123b78afaaf6e2b4daa717f288965c40) Importer(815301076,1909f56bfc062723c751e8b465ee728b) [PhysX] Initialized MultithreadedTaskDispatcher with 12 workers.
[PhysX] Initialized MultithreadedTaskDispatcher with 12 workers.
 -> (artifact id: 'b8c6366672420570ec3638f1ebc115f3') in 0.021284 seconds
Number of updated asset objects reloaded before import = 0
Number of asset objects unloaded after import = 3
========================================================================
Received Import Request.
  Time since last request: 0.000031 seconds.
  path: Assets/Synty/PolygonGeneric/Models/Collision/SM_Gen_Prop_Light_Roof_03_Convex.asset
  artifactKey: Guid(5bd7021c1aae1dc47bb8cd2c6f04cf21) Importer(815301076,1909f56bfc062723c751e8b465ee728b)
Start importing Assets/Synty/PolygonGeneric/Models/Collision/SM_Gen_Prop_Light_Roof_03_Convex.asset using Guid(5bd7021c1aae1dc47bb8cd2c6f04cf21) Importer(815301076,1909f56bfc062723c751e8b465ee728b) [PhysX] Initialized MultithreadedTaskDispatcher with 12 workers.
[PhysX] Initialized MultithreadedTaskDispatcher with 12 workers.
 -> (artifact id: '6d510dedf574cb712a2fbefa08751e48') in 0.015181 seconds
Number of updated asset objects reloaded before import = 0
Number of asset objects unloaded after import = 3
========================================================================
Received Import Request.
  Time since last request: 0.829044 seconds.
  path: Assets/Synty/PolygonSciFiSpace/Models/FX/SM_LightRayRound.fbx
  artifactKey: Guid(0e85f85b925d55b4f941293ba1b14900) Importer(815301076,1909f56bfc062723c751e8b465ee728b)
Start importing Assets/Synty/PolygonSciFiSpace/Models/FX/SM_LightRayRound.fbx using Guid(0e85f85b925d55b4f941293ba1b14900) Importer(815301076,1909f56bfc062723c751e8b465ee728b) [PhysX] Initialized MultithreadedTaskDispatcher with 12 workers.
[PhysX] Initialized MultithreadedTaskDispatcher with 12 workers.
[PhysX] Initialized MultithreadedTaskDispatcher with 12 workers.
[PhysX] Initialized MultithreadedTaskDispatcher with 12 workers.
 -> (artifact id: '132d7599db468ad3f06acf447dcf0773') in 0.022480 seconds
Number of updated asset objects reloaded before import = 0
Number of asset objects unloaded after import = 16
========================================================================
Received Import Request.
  Time since last request: 0.916561 seconds.
  path: Assets/Synty/PolygonSciFiSpace/Models/SM_Prop_Detail_Lights_01.fbx
  artifactKey: Guid(f3b47e725abe95644aa7a98d298e245a) Importer(815301076,1909f56bfc062723c751e8b465ee728b)
Start importing Assets/Synty/PolygonSciFiSpace/Models/SM_Prop_Detail_Lights_01.fbx using Guid(f3b47e725abe95644aa7a98d298e245a) Importer(815301076,1909f56bfc062723c751e8b465ee728b) [PhysX] Initialized MultithreadedTaskDispatcher with 12 workers.
[PhysX] Initialized MultithreadedTaskDispatcher with 12 workers.
[PhysX] Initialized MultithreadedTaskDispatcher with 12 workers.
 -> (artifact id: 'ea5482a14d34da3a0e6650a4a4b8c067') in 0.013948 seconds
Number of updated asset objects reloaded before import = 0
Number of asset objects unloaded after import = 7
========================================================================
Received Import Request.
  Time since last request: 0.058485 seconds.
  path: Assets/Synty/PolygonSciFiSpace/Models/Collision/Convex/SM_Prop_Detail_Lights_02_Convex.asset
  artifactKey: Guid(5538535428085af48a9a00799d5457c9) Importer(815301076,1909f56bfc062723c751e8b465ee728b)
Start importing Assets/Synty/PolygonSciFiSpace/Models/Collision/Convex/SM_Prop_Detail_Lights_02_Convex.asset using Guid(5538535428085af48a9a00799d5457c9) Importer(815301076,1909f56bfc062723c751e8b465ee728b) [PhysX] Initialized MultithreadedTaskDispatcher with 12 workers.
[PhysX] Initialized MultithreadedTaskDispatcher with 12 workers.
 -> (artifact id: '60a9c09e33a2126d52f66c0740e7a148') in 0.019239 seconds
Number of updated asset objects reloaded before import = 0
Number of asset objects unloaded after import = 2
========================================================================
Received Import Request.
  Time since last request: 0.003628 seconds.
  path: Assets/Synty/PolygonSciFiSpace/Models/SM_Prop_Light_Panel_01.fbx
  artifactKey: Guid(170064085127c8748ae64c26a823cd8c) Importer(815301076,1909f56bfc062723c751e8b465ee728b)
Start importing Assets/Synty/PolygonSciFiSpace/Models/SM_Prop_Light_Panel_01.fbx using Guid(170064085127c8748ae64c26a823cd8c) Importer(815301076,1909f56bfc062723c751e8b465ee728b) [PhysX] Initialized MultithreadedTaskDispatcher with 12 workers.
[PhysX] Initialized MultithreadedTaskDispatcher with 12 workers.
[PhysX] Initialized MultithreadedTaskDispatcher with 12 workers.
 -> (artifact id: 'dfd482fa6c9ee76ae483a4417b9a655b') in 0.016182 seconds
Number of updated asset objects reloaded before import = 0
Number of asset objects unloaded after import = 7
========================================================================
Received Import Request.
  Time since last request: 0.037409 seconds.
  path: Assets/Synty/PolygonSciFiSpace/Models/SM_Prop_Light_Panel_02.fbx
  artifactKey: Guid(66be5dfaef4c62a49aa1c3a80e12878f) Importer(815301076,1909f56bfc062723c751e8b465ee728b)
Start importing Assets/Synty/PolygonSciFiSpace/Models/SM_Prop_Light_Panel_02.fbx using Guid(66be5dfaef4c62a49aa1c3a80e12878f) Importer(815301076,1909f56bfc062723c751e8b465ee728b) [PhysX] Initialized MultithreadedTaskDispatcher with 12 workers.
[PhysX] Initialized MultithreadedTaskDispatcher with 12 workers.
[PhysX] Initialized MultithreadedTaskDispatcher with 12 workers.
 -> (artifact id: '6345998c08e560aced66a701df3dcf91') in 0.014125 seconds
Number of updated asset objects reloaded before import = 0
Number of asset objects unloaded after import = 7
========================================================================
Received Import Request.
  Time since last request: 0.006982 seconds.
  path: Assets/Synty/PolygonSciFiSpace/Models/Collision/Convex/SM_Prop_Light_Panel_03_Convex.asset
  artifactKey: Guid(c3513963699c4274da6107fe15b4afee) Importer(815301076,1909f56bfc062723c751e8b465ee728b)
Start importing Assets/Synty/PolygonSciFiSpace/Models/Collision/Convex/SM_Prop_Light_Panel_03_Convex.asset using Guid(c3513963699c4274da6107fe15b4afee) Importer(815301076,1909f56bfc062723c751e8b465ee728b) [PhysX] Initialized MultithreadedTaskDispatcher with 12 workers.
[PhysX] Initialized MultithreadedTaskDispatcher with 12 workers.
 -> (artifact id: '34ea304f35aee7d5c75be4a4fe2bbb36') in 0.020166 seconds
Number of updated asset objects reloaded before import = 0
Number of asset objects unloaded after import = 2
========================================================================
Received Import Request.
  Time since last request: 0.733713 seconds.
  path: Assets/Synty/PolygonSciFiSpace/Models/Collision/Convex/SM_Prop_Light_Panel_04_Convex.asset
  artifactKey: Guid(ac257ef7d4f9d0f45843311659cb24b6) Importer(815301076,1909f56bfc062723c751e8b465ee728b)
Start importing Assets/Synty/PolygonSciFiSpace/Models/Collision/Convex/SM_Prop_Light_Panel_04_Convex.asset using Guid(ac257ef7d4f9d0f45843311659cb24b6) Importer(815301076,1909f56bfc062723c751e8b465ee728b) [PhysX] Initialized MultithreadedTaskDispatcher with 12 workers.
[PhysX] Initialized MultithreadedTaskDispatcher with 12 workers.
 -> (artifact id: 'cfd3603aefc598ba23ca8d7c5610f84c') in 0.017815 seconds
Number of updated asset objects reloaded before import = 0
Number of asset objects unloaded after import = 2
========================================================================
Received Import Request.
  Time since last request: 0.004435 seconds.
  path: Assets/Synty/PolygonSciFiSpace/Models/SM_Prop_Light_Small_01.fbx
  artifactKey: Guid(064ae03f3ce9c11439f4ff9a4a685e30) Importer(815301076,1909f56bfc062723c751e8b465ee728b)
Start importing Assets/Synty/PolygonSciFiSpace/Models/SM_Prop_Light_Small_01.fbx using Guid(064ae03f3ce9c11439f4ff9a4a685e30) Importer(815301076,1909f56bfc062723c751e8b465ee728b) [PhysX] Initialized MultithreadedTaskDispatcher with 12 workers.
[PhysX] Initialized MultithreadedTaskDispatcher with 12 workers.
[PhysX] Initialized MultithreadedTaskDispatcher with 12 workers.
 -> (artifact id: '9251c7c466cf0127827c4e478aba8d98') in 0.016389 seconds
Number of updated asset objects reloaded before import = 0
Number of asset objects unloaded after import = 7
========================================================================
Received Import Request.
  Time since last request: 0.102010 seconds.
  path: Assets/Synty/PolygonSciFiSpace/Models/Collision/Convex/SM_Prop_Light_Small_01_Convex.asset
  artifactKey: Guid(1a9e6f476e877294fad722bcb10e6352) Importer(815301076,1909f56bfc062723c751e8b465ee728b)
Start importing Assets/Synty/PolygonSciFiSpace/Models/Collision/Convex/SM_Prop_Light_Small_01_Convex.asset using Guid(1a9e6f476e877294fad722bcb10e6352) Importer(815301076,1909f56bfc062723c751e8b465ee728b) [PhysX] Initialized MultithreadedTaskDispatcher with 12 workers.
[PhysX] Initialized MultithreadedTaskDispatcher with 12 workers.
 -> (artifact id: 'ed815d9f7abd2e404e7d1044e95df0bd') in 0.019799 seconds
Number of updated asset objects reloaded before import = 0
Number of asset objects unloaded after import = 2
========================================================================
Received Import Request.
  Time since last request: 0.000561 seconds.
  path: Assets/Synty/PolygonSciFiSpace/Models/SM_Prop_Light_Small_03.fbx
  artifactKey: Guid(3eeb0e988b4bd8848828e2a48b7d070f) Importer(815301076,1909f56bfc062723c751e8b465ee728b)
Start importing Assets/Synty/PolygonSciFiSpace/Models/SM_Prop_Light_Small_03.fbx using Guid(3eeb0e988b4bd8848828e2a48b7d070f) Importer(815301076,1909f56bfc062723c751e8b465ee728b) [PhysX] Initialized MultithreadedTaskDispatcher with 12 workers.
[PhysX] Initialized MultithreadedTaskDispatcher with 12 workers.
[PhysX] Initialized MultithreadedTaskDispatcher with 12 workers.
 -> (artifact id: '8358fea0732a33a645fd336cb0f30ffa') in 0.021539 seconds
Number of updated asset objects reloaded before import = 0
Number of asset objects unloaded after import = 7
========================================================================
Received Import Request.
  Time since last request: 0.852018 seconds.
  path: Assets/Synty/PolygonSciFiSpace/Models/Collision/Convex/SM_Prop_Light_Small_03_Convex.asset
  artifactKey: Guid(7294ed7f6a1942549ae1a07b9521e7d3) Importer(815301076,1909f56bfc062723c751e8b465ee728b)
Start importing Assets/Synty/PolygonSciFiSpace/Models/Collision/Convex/SM_Prop_Light_Small_03_Convex.asset using Guid(7294ed7f6a1942549ae1a07b9521e7d3) Importer(815301076,1909f56bfc062723c751e8b465ee728b) [PhysX] Initialized MultithreadedTaskDispatcher with 12 workers.
[PhysX] Initialized MultithreadedTaskDispatcher with 12 workers.
 -> (artifact id: '6defb0f1ce1b412998579db7c392927b') in 0.019159 seconds
Number of updated asset objects reloaded before import = 0
Number of asset objects unloaded after import = 2
========================================================================
Received Import Request.
  Time since last request: 0.003304 seconds.
  path: Assets/Synty/PolygonSciFiSpace/Models/SM_Prop_Light_Small_05.fbx
  artifactKey: Guid(e4ecc4d3e7dee2d4d9098b4c0fbdf73d) Importer(815301076,1909f56bfc062723c751e8b465ee728b)
Start importing Assets/Synty/PolygonSciFiSpace/Models/SM_Prop_Light_Small_05.fbx using Guid(e4ecc4d3e7dee2d4d9098b4c0fbdf73d) Importer(815301076,1909f56bfc062723c751e8b465ee728b) [PhysX] Initialized MultithreadedTaskDispatcher with 12 workers.
[PhysX] Initialized MultithreadedTaskDispatcher with 12 workers.
[PhysX] Initialized MultithreadedTaskDispatcher with 12 workers.
 -> (artifact id: '55b248fc91a9c2be909a29bf1d82bbfa') in 0.018402 seconds
Number of updated asset objects reloaded before import = 0
Number of asset objects unloaded after import = 7
========================================================================
Received Import Request.
  Time since last request: 0.043227 seconds.
  path: Assets/Synty/PolygonSciFiSpace/Models/SM_Prop_Light_Small_06.fbx
  artifactKey: Guid(d73498fe9fd25a7428b2745c2c5d98d5) Importer(815301076,1909f56bfc062723c751e8b465ee728b)
Start importing Assets/Synty/PolygonSciFiSpace/Models/SM_Prop_Light_Small_06.fbx using Guid(d73498fe9fd25a7428b2745c2c5d98d5) Importer(815301076,1909f56bfc062723c751e8b465ee728b) [PhysX] Initialized MultithreadedTaskDispatcher with 12 workers.
[PhysX] Initialized MultithreadedTaskDispatcher with 12 workers.
[PhysX] Initialized MultithreadedTaskDispatcher with 12 workers.
 -> (artifact id: 'e8f52a7335b1cb7781c602cbac9fd275') in 0.015805 seconds
Number of updated asset objects reloaded before import = 0
Number of asset objects unloaded after import = 7
========================================================================
Received Import Request.
  Time since last request: 0.006249 seconds.
  path: Assets/Synty/PolygonSciFiSpace/Models/Collision/Convex/SM_Prop_Light_Small_07_Convex.asset
  artifactKey: Guid(49d3299ea551d514d8e76cd7a110258f) Importer(815301076,1909f56bfc062723c751e8b465ee728b)
Start importing Assets/Synty/PolygonSciFiSpace/Models/Collision/Convex/SM_Prop_Light_Small_07_Convex.asset using Guid(49d3299ea551d514d8e76cd7a110258f) Importer(815301076,1909f56bfc062723c751e8b465ee728b) [PhysX] Initialized MultithreadedTaskDispatcher with 12 workers.
[PhysX] Initialized MultithreadedTaskDispatcher with 12 workers.
 -> (artifact id: '70793aef993523f8a11f2a56d13343a0') in 0.020744 seconds
Number of updated asset objects reloaded before import = 0
Number of asset objects unloaded after import = 2
========================================================================
Received Import Request.
  Time since last request: 0.155634 seconds.
  path: Assets/Synty/PolygonSciFiSpace/Models/Collision/Convex/SM_Prop_Light_Small_08_Convex.asset
  artifactKey: Guid(ad69c3587c061dd478dc13e7aeae56b7) Importer(815301076,1909f56bfc062723c751e8b465ee728b)
Start importing Assets/Synty/PolygonSciFiSpace/Models/Collision/Convex/SM_Prop_Light_Small_08_Convex.asset using Guid(ad69c3587c061dd478dc13e7aeae56b7) Importer(815301076,1909f56bfc062723c751e8b465ee728b) [PhysX] Initialized MultithreadedTaskDispatcher with 12 workers.
[PhysX] Initialized MultithreadedTaskDispatcher with 12 workers.
 -> (artifact id: '656d76b89d5a43c75bd22c46f597d215') in 0.016989 seconds
Number of updated asset objects reloaded before import = 0
Number of asset objects unloaded after import = 2
========================================================================
Received Import Request.
  Time since last request: 823.249915 seconds.
  path: Assets/Synty/PolygonSciFiSpace/Prefabs/FX/FX_Pebble_Debris.prefab
  artifactKey: Guid(f4428f3876530af48a50daf8fe3efdef) Importer(815301076,1909f56bfc062723c751e8b465ee728b)
Start importing Assets/Synty/PolygonSciFiSpace/Prefabs/FX/FX_Pebble_Debris.prefab using Guid(f4428f3876530af48a50daf8fe3efdef) Importer(815301076,1909f56bfc062723c751e8b465ee728b) [PhysX] Initialized MultithreadedTaskDispatcher with 12 workers.
[PhysX] Initialized MultithreadedTaskDispatcher with 12 workers.
 -> (artifact id: '240dac07189fc750c5ffa5a2e5aac818') in 0.030228 seconds
Number of updated asset objects reloaded before import = 0
Number of asset objects unloaded after import = 8
========================================================================
Received Import Request.
  Time since last request: 0.002728 seconds.
  path: Assets/Synty/PolygonSciFiSpace/Prefabs/FX/FX_Ship_Trail.prefab
  artifactKey: Guid(a040b23558fd6b442819f2618ade38b7) Importer(815301076,1909f56bfc062723c751e8b465ee728b)
Start importing Assets/Synty/PolygonSciFiSpace/Prefabs/FX/FX_Ship_Trail.prefab using Guid(a040b23558fd6b442819f2618ade38b7) Importer(815301076,1909f56bfc062723c751e8b465ee728b) [PhysX] Initialized MultithreadedTaskDispatcher with 12 workers.
[PhysX] Initialized MultithreadedTaskDispatcher with 12 workers.
 -> (artifact id: 'd665d0375b7f3773bdadcba37f85bd9a') in 0.024355 seconds
Number of updated asset objects reloaded before import = 0
Number of asset objects unloaded after import = 7
========================================================================
Received Import Request.
  Time since last request: 0.000017 seconds.
  path: Assets/Synty/PolygonSciFiCity/Materials/Misc/FX_Sphere_01.mat
  artifactKey: Guid(41e9749fbfcb2214f8ce3b9b2bdca971) Importer(815301076,1909f56bfc062723c751e8b465ee728b)
Start importing Assets/Synty/PolygonSciFiCity/Materials/Misc/FX_Sphere_01.mat using Guid(41e9749fbfcb2214f8ce3b9b2bdca971) Importer(815301076,1909f56bfc062723c751e8b465ee728b) [PhysX] Initialized MultithreadedTaskDispatcher with 12 workers.
[PhysX] Initialized MultithreadedTaskDispatcher with 12 workers.
 -> (artifact id: '97cfcbf59a0d69608881f75dc194d6cb') in 0.037642 seconds
Number of updated asset objects reloaded before import = 0
Number of asset objects unloaded after import = 2
========================================================================
Received Import Request.
  Time since last request: 0.000019 seconds.
  path: Assets/Synty/PolygonSciFiCity/Materials/Misc/FX_Sphere_01_Glow.mat
  artifactKey: Guid(83bf344aa66f8704ab56cddca307d1cd) Importer(815301076,1909f56bfc062723c751e8b465ee728b)
Start importing Assets/Synty/PolygonSciFiCity/Materials/Misc/FX_Sphere_01_Glow.mat using Guid(83bf344aa66f8704ab56cddca307d1cd) Importer(815301076,1909f56bfc062723c751e8b465ee728b) [PhysX] Initialized MultithreadedTaskDispatcher with 12 workers.
[PhysX] Initialized MultithreadedTaskDispatcher with 12 workers.
 -> (artifact id: '1015b39786e9d45d03446ade1883f848') in 0.016421 seconds
Number of updated asset objects reloaded before import = 0
Number of asset objects unloaded after import = 2
========================================================================
Received Import Request.
  Time since last request: 0.000029 seconds.
  path: Assets/Synty/PolygonSciFiSpace/Materials/FX/FX_SphereGlow_01.mat
  artifactKey: Guid(12393f7ce0b94eaa8ecad4ba26666fca) Importer(815301076,1909f56bfc062723c751e8b465ee728b)
Start importing Assets/Synty/PolygonSciFiSpace/Materials/FX/FX_SphereGlow_01.mat using Guid(12393f7ce0b94eaa8ecad4ba26666fca) Importer(815301076,1909f56bfc062723c751e8b465ee728b) [PhysX] Initialized MultithreadedTaskDispatcher with 12 workers.
[PhysX] Initialized MultithreadedTaskDispatcher with 12 workers.
 -> (artifact id: 'a2317e0e73de26dcb59e9d7c76ac47d7') in 0.011013 seconds
Number of updated asset objects reloaded before import = 0
Number of asset objects unloaded after import = 2
========================================================================
Received Import Request.
  Time since last request: 0.000017 seconds.
  path: Assets/Synty/PolygonSciFiSpace/Prefabs/FX/FX_WarpTunnel.prefab
  artifactKey: Guid(4bdd8cc941230c2449d2f346767daa72) Importer(815301076,1909f56bfc062723c751e8b465ee728b)
Start importing Assets/Synty/PolygonSciFiSpace/Prefabs/FX/FX_WarpTunnel.prefab using Guid(4bdd8cc941230c2449d2f346767daa72) Importer(815301076,1909f56bfc062723c751e8b465ee728b) [PhysX] Initialized MultithreadedTaskDispatcher with 12 workers.
[PhysX] Initialized MultithreadedTaskDispatcher with 12 workers.
 -> (artifact id: 'dcd2b417c5b8fb442544be9ace79a009') in 0.145561 seconds
Number of updated asset objects reloaded before import = 0
Number of asset objects unloaded after import = 9
========================================================================
Received Import Request.
  Time since last request: 0.000022 seconds.
  path: Assets/Synty/PolygonSciFiSpace/Prefabs/FX/FX_WarpTunnel_Dots.prefab
  artifactKey: Guid(1b1fbf5c6e21dcb4bb773f085e667393) Importer(815301076,1909f56bfc062723c751e8b465ee728b)
Start importing Assets/Synty/PolygonSciFiSpace/Prefabs/FX/FX_WarpTunnel_Dots.prefab using Guid(1b1fbf5c6e21dcb4bb773f085e667393) Importer(815301076,1909f56bfc062723c751e8b465ee728b) [PhysX] Initialized MultithreadedTaskDispatcher with 12 workers.
[PhysX] Initialized MultithreadedTaskDispatcher with 12 workers.
 -> (artifact id: '2f5176e67aa064d372c797d2207e2a65') in 0.114333 seconds
Number of updated asset objects reloaded before import = 0
Number of asset objects unloaded after import = 8
========================================================================
Received Import Request.
  Time since last request: 0.000018 seconds.
  path: Assets/Synty/PolygonSciFiSpace/Materials/FX/FX_WarpGate_Glow_01.mat
  artifactKey: Guid(59ca0f35f048a0841acdb61a066316b0) Importer(815301076,1909f56bfc062723c751e8b465ee728b)
Start importing Assets/Synty/PolygonSciFiSpace/Materials/FX/FX_WarpGate_Glow_01.mat using Guid(59ca0f35f048a0841acdb61a066316b0) Importer(815301076,1909f56bfc062723c751e8b465ee728b) [PhysX] Initialized MultithreadedTaskDispatcher with 12 workers.
[PhysX] Initialized MultithreadedTaskDispatcher with 12 workers.
 -> (artifact id: '9f28b35dc4fff3b00aa053939de28ff1') in 0.079983 seconds
Number of updated asset objects reloaded before import = 0
Number of asset objects unloaded after import = 2
========================================================================
Received Import Request.
  Time since last request: 0.000036 seconds.
  path: Assets/Synty/PolygonSciFiSpace/Models/SM_Sign_LockerRoom_01.fbx
  artifactKey: Guid(1fd472a9434607d4a81f6b901ccd7218) Importer(815301076,1909f56bfc062723c751e8b465ee728b)
Start importing Assets/Synty/PolygonSciFiSpace/Models/SM_Sign_LockerRoom_01.fbx using Guid(1fd472a9434607d4a81f6b901ccd7218) Importer(815301076,1909f56bfc062723c751e8b465ee728b) [PhysX] Initialized MultithreadedTaskDispatcher with 12 workers.
[PhysX] Initialized MultithreadedTaskDispatcher with 12 workers.
[PhysX] Initialized MultithreadedTaskDispatcher with 12 workers.
 -> (artifact id: 'd0b5726afb1a25473039b435f2eec174') in 0.017363 seconds
Number of updated asset objects reloaded before import = 0
Number of asset objects unloaded after import = 7
========================================================================
Received Import Request.
  Time since last request: 0.245081 seconds.
  path: Assets/Synty/PolygonGeneric/Prefabs/Props/SM_Gen_Prop_Aircon_Roof_02.prefab
  artifactKey: Guid(a1df29bf5b00fca43a8c4027a7e0aaf4) Importer(815301076,1909f56bfc062723c751e8b465ee728b)
Start importing Assets/Synty/PolygonGeneric/Prefabs/Props/SM_Gen_Prop_Aircon_Roof_02.prefab using Guid(a1df29bf5b00fca43a8c4027a7e0aaf4) Importer(815301076,1909f56bfc062723c751e8b465ee728b) [PhysX] Initialized MultithreadedTaskDispatcher with 12 workers.
[PhysX] Initialized MultithreadedTaskDispatcher with 12 workers.
 -> (artifact id: '07a776e49ce64118b4abb753da998f58') in 0.339884 seconds
Number of updated asset objects reloaded before import = 0
Number of asset objects unloaded after import = 12
========================================================================
Received Import Request.
  Time since last request: 0.494676 seconds.
  path: Assets/Synty/PolygonSciFiCity/Prefabs/Buildings/SM_Bld_Roof_Pagoda_02.prefab
  artifactKey: Guid(46221641799ce0a4a967e4ca016ff088) Importer(815301076,1909f56bfc062723c751e8b465ee728b)
Start importing Assets/Synty/PolygonSciFiCity/Prefabs/Buildings/SM_Bld_Roof_Pagoda_02.prefab using Guid(46221641799ce0a4a967e4ca016ff088) Importer(815301076,1909f56bfc062723c751e8b465ee728b) [PhysX] Initialized MultithreadedTaskDispatcher with 12 workers.
[PhysX] Initialized MultithreadedTaskDispatcher with 12 workers.
 -> (artifact id: 'c1ec7b06cec1b8bbc2a90b41016eb7bc') in 0.096862 seconds
Number of updated asset objects reloaded before import = 0
Number of asset objects unloaded after import = 13
========================================================================
Received Import Request.
  Time since last request: 0.003538 seconds.
  path: Assets/Synty/PolygonSciFiSpace/Models/Collision/Convex/SM_Bld_Roof_Exterior_02_Convex.asset
  artifactKey: Guid(4fd7f20b9dbcde946afc0b505b831a92) Importer(815301076,1909f56bfc062723c751e8b465ee728b)
Start importing Assets/Synty/PolygonSciFiSpace/Models/Collision/Convex/SM_Bld_Roof_Exterior_02_Convex.asset using Guid(4fd7f20b9dbcde946afc0b505b831a92) Importer(815301076,1909f56bfc062723c751e8b465ee728b) [PhysX] Initialized MultithreadedTaskDispatcher with 12 workers.
[PhysX] Initialized MultithreadedTaskDispatcher with 12 workers.
 -> (artifact id: '49ceb71704a395b9849431572d4c8ef1') in 0.028014 seconds
Number of updated asset objects reloaded before import = 0
Number of asset objects unloaded after import = 2
========================================================================
Received Import Request.
  Time since last request: 0.000023 seconds.
  path: Assets/Synty/PolygonSciFiSpace/Models/SM_Bld_Roof_Exterior_03.fbx
  artifactKey: Guid(e9f7a0c1761c1304585ec2c06de4a7b7) Importer(815301076,1909f56bfc062723c751e8b465ee728b)
Start importing Assets/Synty/PolygonSciFiSpace/Models/SM_Bld_Roof_Exterior_03.fbx using Guid(e9f7a0c1761c1304585ec2c06de4a7b7) Importer(815301076,1909f56bfc062723c751e8b465ee728b) [PhysX] Initialized MultithreadedTaskDispatcher with 12 workers.
[PhysX] Initialized MultithreadedTaskDispatcher with 12 workers.
[PhysX] Initialized MultithreadedTaskDispatcher with 12 workers.
 -> (artifact id: '9a88a7474b13a71e9fdf67e96c1fffc8') in 0.036414 seconds
Number of updated asset objects reloaded before import = 0
Number of asset objects unloaded after import = 7
========================================================================
Received Import Request.
  Time since last request: 0.000032 seconds.
  path: Assets/Synty/PolygonSciFiCity/Prefabs/Buildings/SM_Bld_Roof_Pagoda_01.prefab
  artifactKey: Guid(36c676f9fda4bd24db00380adc3e77f1) Importer(815301076,1909f56bfc062723c751e8b465ee728b)
Start importing Assets/Synty/PolygonSciFiCity/Prefabs/Buildings/SM_Bld_Roof_Pagoda_01.prefab using Guid(36c676f9fda4bd24db00380adc3e77f1) Importer(815301076,1909f56bfc062723c751e8b465ee728b) [PhysX] Initialized MultithreadedTaskDispatcher with 12 workers.
[PhysX] Initialized MultithreadedTaskDispatcher with 12 workers.
 -> (artifact id: '2ec7f9fb6bef216e54a44c6152fce5d6') in 0.104612 seconds
Number of updated asset objects reloaded before import = 0
Number of asset objects unloaded after import = 13
========================================================================
Received Import Request.
  Time since last request: 0.000046 seconds.
  path: Assets/Synty/PolygonSciFiSpace/Models/Collision/Convex/SM_Bld_Roof_Exterior_03_Convex.asset
  artifactKey: Guid(b82e3f57edb27354798a1ca226a2cdaf) Importer(815301076,1909f56bfc062723c751e8b465ee728b)
Start importing Assets/Synty/PolygonSciFiSpace/Models/Collision/Convex/SM_Bld_Roof_Exterior_03_Convex.asset using Guid(b82e3f57edb27354798a1ca226a2cdaf) Importer(815301076,1909f56bfc062723c751e8b465ee728b) [PhysX] Initialized MultithreadedTaskDispatcher with 12 workers.
[PhysX] Initialized MultithreadedTaskDispatcher with 12 workers.
 -> (artifact id: '10df2441f1dfb93481cf714ad74287ba') in 0.019731 seconds
Number of updated asset objects reloaded before import = 0
Number of asset objects unloaded after import = 2
========================================================================
Received Import Request.
  Time since last request: 0.000017 seconds.
  path: Assets/Synty/PolygonSciFiCity/Models/Collision/Convex/SM_Bld_Roof_Pagoda_01_Convex.asset
  artifactKey: Guid(7b496e93e8c5bbe4f9de51159c670dee) Importer(815301076,1909f56bfc062723c751e8b465ee728b)
Start importing Assets/Synty/PolygonSciFiCity/Models/Collision/Convex/SM_Bld_Roof_Pagoda_01_Convex.asset using Guid(7b496e93e8c5bbe4f9de51159c670dee) Importer(815301076,1909f56bfc062723c751e8b465ee728b) [PhysX] Initialized MultithreadedTaskDispatcher with 12 workers.
[PhysX] Initialized MultithreadedTaskDispatcher with 12 workers.
 -> (artifact id: '94018f03c9cdd810c1eee24ab2b28907') in 0.018592 seconds
Number of updated asset objects reloaded before import = 0
Number of asset objects unloaded after import = 2
========================================================================
Received Import Request.
  Time since last request: 0.000015 seconds.
  path: Assets/Synty/PolygonSciFiSpace/Prefabs/Buildings/SM_Bld_Roof_Exterior_03.prefab
  artifactKey: Guid(98022ae5e1ecb0046b27fc127b3fe256) Importer(815301076,1909f56bfc062723c751e8b465ee728b)
Start importing Assets/Synty/PolygonSciFiSpace/Prefabs/Buildings/SM_Bld_Roof_Exterior_03.prefab using Guid(98022ae5e1ecb0046b27fc127b3fe256) Importer(815301076,1909f56bfc062723c751e8b465ee728b) [PhysX] Initialized MultithreadedTaskDispatcher with 12 workers.
[PhysX] Initialized MultithreadedTaskDispatcher with 12 workers.
 -> (artifact id: '3e387668fef4a8f0eb69a6afdc5385bb') in 0.053987 seconds
Number of updated asset objects reloaded before import = 0
Number of asset objects unloaded after import = 12
========================================================================
Received Import Request.
  Time since last request: 0.304323 seconds.
  path: Assets/Synty/PolygonSciFiSpace/Models/Collision/Convex/SM_Bld_Hydroponics_Roof_01_Convex.asset
  artifactKey: Guid(2ee3e1cbfe97ebf44979924a4a3c3e84) Importer(815301076,1909f56bfc062723c751e8b465ee728b)
Start importing Assets/Synty/PolygonSciFiSpace/Models/Collision/Convex/SM_Bld_Hydroponics_Roof_01_Convex.asset using Guid(2ee3e1cbfe97ebf44979924a4a3c3e84) Importer(815301076,1909f56bfc062723c751e8b465ee728b) [PhysX] Initialized MultithreadedTaskDispatcher with 12 workers.
[PhysX] Initialized MultithreadedTaskDispatcher with 12 workers.
 -> (artifact id: 'c6bc1d26dc054a42e6b8ba5b20a390f5') in 0.021862 seconds
Number of updated asset objects reloaded before import = 0
Number of asset objects unloaded after import = 2
========================================================================
Received Import Request.
  Time since last request: 0.000018 seconds.
  path: Assets/Synty/PolygonSciFiSpace/Prefabs/Buildings/SM_Bld_Roof_Exterior_01.prefab
  artifactKey: Guid(887c60ae89da98342b21e1d47325c5ae) Importer(815301076,1909f56bfc062723c751e8b465ee728b)
Start importing Assets/Synty/PolygonSciFiSpace/Prefabs/Buildings/SM_Bld_Roof_Exterior_01.prefab using Guid(887c60ae89da98342b21e1d47325c5ae) Importer(815301076,1909f56bfc062723c751e8b465ee728b) [PhysX] Initialized MultithreadedTaskDispatcher with 12 workers.
[PhysX] Initialized MultithreadedTaskDispatcher with 12 workers.
 -> (artifact id: 'e93945f880bbe5136463a525c8b47ed4') in 0.059489 seconds
Number of updated asset objects reloaded before import = 0
Number of asset objects unloaded after import = 12
========================================================================
Received Import Request.
  Time since last request: 0.000023 seconds.
  path: Assets/Synty/PolygonSciFiSpace/Models/SM_Bld_Roof_Exterior_02.fbx
  artifactKey: Guid(4a1a657ec0cb8ef40a7f9b8b2707f485) Importer(815301076,1909f56bfc062723c751e8b465ee728b)
Start importing Assets/Synty/PolygonSciFiSpace/Models/SM_Bld_Roof_Exterior_02.fbx using Guid(4a1a657ec0cb8ef40a7f9b8b2707f485) Importer(815301076,1909f56bfc062723c751e8b465ee728b) [PhysX] Initialized MultithreadedTaskDispatcher with 12 workers.
[PhysX] Initialized MultithreadedTaskDispatcher with 12 workers.
[PhysX] Initialized MultithreadedTaskDispatcher with 12 workers.
 -> (artifact id: 'f32f1521d8c32da41d5f8bfd7a905ca1') in 0.020424 seconds
Number of updated asset objects reloaded before import = 0
Number of asset objects unloaded after import = 7
========================================================================
Received Import Request.
  Time since last request: 0.007182 seconds.
  path: Assets/Synty/PolygonGeneric/Prefabs/Base/SM_Bld_Base_Roof_Trim_Corner_01.prefab
  artifactKey: Guid(6774e97eb08dbbe42a48b442fefce50b) Importer(815301076,1909f56bfc062723c751e8b465ee728b)
Start importing Assets/Synty/PolygonGeneric/Prefabs/Base/SM_Bld_Base_Roof_Trim_Corner_01.prefab using Guid(6774e97eb08dbbe42a48b442fefce50b) Importer(815301076,1909f56bfc062723c751e8b465ee728b) [PhysX] Initialized MultithreadedTaskDispatcher with 12 workers.
[PhysX] Initialized MultithreadedTaskDispatcher with 12 workers.
 -> (artifact id: '56c8d18b530b966a17184258b8d7f7a0') in 0.303507 seconds
Number of updated asset objects reloaded before import = 0
Number of asset objects unloaded after import = 12
========================================================================
Received Import Request.
  Time since last request: 0.000032 seconds.
  path: Assets/Synty/PolygonSciFiSpace/Prefabs/Buildings/SM_Bld_Hydroponics_Roof_01.prefab
  artifactKey: Guid(b5346737261bc34439508d877b2a2b94) Importer(815301076,1909f56bfc062723c751e8b465ee728b)
Start importing Assets/Synty/PolygonSciFiSpace/Prefabs/Buildings/SM_Bld_Hydroponics_Roof_01.prefab using Guid(b5346737261bc34439508d877b2a2b94) Importer(815301076,1909f56bfc062723c751e8b465ee728b) [PhysX] Initialized MultithreadedTaskDispatcher with 12 workers.
[PhysX] Initialized MultithreadedTaskDispatcher with 12 workers.
 -> (artifact id: '9fc278852f2781287ee01c1fb11c3f1c') in 0.070321 seconds
Number of updated asset objects reloaded before import = 0
Number of asset objects unloaded after import = 17
========================================================================
Received Import Request.
  Time since last request: 1.490657 seconds.
  path: Assets/Synty/PolygonGeneric/Prefabs/Base/SM_Bld_Base_Roof_Quarter_01.prefab
  artifactKey: Guid(fb8cdccb59f8d5845a84fed089f052be) Importer(815301076,1909f56bfc062723c751e8b465ee728b)
Start importing Assets/Synty/PolygonGeneric/Prefabs/Base/SM_Bld_Base_Roof_Quarter_01.prefab using Guid(fb8cdccb59f8d5845a84fed089f052be) Importer(815301076,1909f56bfc062723c751e8b465ee728b) [PhysX] Initialized MultithreadedTaskDispatcher with 12 workers.
[PhysX] Initialized MultithreadedTaskDispatcher with 12 workers.
 -> (artifact id: '0e26b7c6cabedb6c117bde7eba1db0b0') in 0.302321 seconds
Number of updated asset objects reloaded before import = 0
Number of asset objects unloaded after import = 16
========================================================================
Received Import Request.
  Time since last request: 0.000028 seconds.
  path: Assets/Synty/PolygonGeneric/Prefabs/Base/SM_Bld_Base_Roof_Trim_01.prefab
  artifactKey: Guid(5700a83164807704dbe8d7688211f485) Importer(815301076,1909f56bfc062723c751e8b465ee728b)
Start importing Assets/Synty/PolygonGeneric/Prefabs/Base/SM_Bld_Base_Roof_Trim_01.prefab using Guid(5700a83164807704dbe8d7688211f485) Importer(815301076,1909f56bfc062723c751e8b465ee728b) [PhysX] Initialized MultithreadedTaskDispatcher with 12 workers.
[PhysX] Initialized MultithreadedTaskDispatcher with 12 workers.
 -> (artifact id: '67a8afd4a5d438c05183ab8969447de5') in 0.232966 seconds
Number of updated asset objects reloaded before import = 0
Number of asset objects unloaded after import = 12
========================================================================
Received Import Request.
  Time since last request: 1.275493 seconds.
  path: Assets/Synty/PolygonGeneric/Prefabs/Base/SM_Bld_Base_Roof_Half_01.prefab
  artifactKey: Guid(63eacef9c3387fe4c9ebad1feb66f7e5) Importer(815301076,1909f56bfc062723c751e8b465ee728b)
Start importing Assets/Synty/PolygonGeneric/Prefabs/Base/SM_Bld_Base_Roof_Half_01.prefab using Guid(63eacef9c3387fe4c9ebad1feb66f7e5) Importer(815301076,1909f56bfc062723c751e8b465ee728b) [PhysX] Initialized MultithreadedTaskDispatcher with 12 workers.
[PhysX] Initialized MultithreadedTaskDispatcher with 12 workers.
 -> (artifact id: '0fa6d676d21ea55af523ce332e55f3d4') in 0.464066 seconds
Number of updated asset objects reloaded before import = 0
Number of asset objects unloaded after import = 16
========================================================================
Received Import Request.
  Time since last request: 0.031154 seconds.
  path: Assets/Synty/PolygonGeneric/Prefabs/Base/SM_Bld_Base_Roof_Cap_End_01.prefab
  artifactKey: Guid(571528dac6f6e0a4d893475746ed59ed) Importer(815301076,1909f56bfc062723c751e8b465ee728b)
Start importing Assets/Synty/PolygonGeneric/Prefabs/Base/SM_Bld_Base_Roof_Cap_End_01.prefab using Guid(571528dac6f6e0a4d893475746ed59ed) Importer(815301076,1909f56bfc062723c751e8b465ee728b) [PhysX] Initialized MultithreadedTaskDispatcher with 12 workers.
[PhysX] Initialized MultithreadedTaskDispatcher with 12 workers.
 -> (artifact id: '27338c9eda0a0a084fd79376483a6c28') in 0.405612 seconds
Number of updated asset objects reloaded before import = 0
Number of asset objects unloaded after import = 12
========================================================================
Received Import Request.
  Time since last request: 0.484318 seconds.
  path: Assets/Synty/PolygonGeneric/Prefabs/Base/SM_Bld_Base_Roof_Cap_Angle_01.prefab
  artifactKey: Guid(9386db9a97042644bb42d01ba68dc5fc) Importer(815301076,1909f56bfc062723c751e8b465ee728b)
Start importing Assets/Synty/PolygonGeneric/Prefabs/Base/SM_Bld_Base_Roof_Cap_Angle_01.prefab using Guid(9386db9a97042644bb42d01ba68dc5fc) Importer(815301076,1909f56bfc062723c751e8b465ee728b) [PhysX] Initialized MultithreadedTaskDispatcher with 12 workers.
[PhysX] Initialized MultithreadedTaskDispatcher with 12 workers.
 -> (artifact id: '61f7a9529bf2686b1a4bc35281a5a1f4') in 0.399544 seconds
Number of updated asset objects reloaded before import = 0
Number of asset objects unloaded after import = 12
========================================================================
Received Import Request.
  Time since last request: 153.949478 seconds.
  path: Assets/Synty/PolygonGeneric/Prefabs/Base/SM_Bld_Base_Ceiling_01.prefab
  artifactKey: Guid(defb4cdc6208f004795f0160e8fb04ed) Importer(815301076,1909f56bfc062723c751e8b465ee728b)
Start importing Assets/Synty/PolygonGeneric/Prefabs/Base/SM_Bld_Base_Ceiling_01.prefab using Guid(defb4cdc6208f004795f0160e8fb04ed) Importer(815301076,1909f56bfc062723c751e8b465ee728b) [PhysX] Initialized MultithreadedTaskDispatcher with 12 workers.
[PhysX] Initialized MultithreadedTaskDispatcher with 12 workers.
 -> (artifact id: '673df18a647d33df00edd434ec1624da') in 0.103965 seconds
Number of updated asset objects reloaded before import = 0
Number of asset objects unloaded after import = 9
========================================================================
Received Import Request.
  Time since last request: 0.000051 seconds.
  path: Assets/Synty/PolygonSciFiSpace/Prefabs/Buildings/SM_Bld_Bridge_Ceiling_01.prefab
  artifactKey: Guid(17b70cfddb57ce74da1f902b5b085179) Importer(815301076,1909f56bfc062723c751e8b465ee728b)
Start importing Assets/Synty/PolygonSciFiSpace/Prefabs/Buildings/SM_Bld_Bridge_Ceiling_01.prefab using Guid(17b70cfddb57ce74da1f902b5b085179) Importer(815301076,1909f56bfc062723c751e8b465ee728b) [PhysX] Initialized MultithreadedTaskDispatcher with 12 workers.
[PhysX] Initialized MultithreadedTaskDispatcher with 12 workers.
 -> (artifact id: '0394769137ddf3a09f0706c8cec6dcef') in 0.197581 seconds
Number of updated asset objects reloaded before import = 0
Number of asset objects unloaded after import = 12
========================================================================
Received Import Request.
  Time since last request: 0.000024 seconds.
  path: Assets/Synty/PolygonSciFiSpace/Models/SM_Bld_Bridge_Ceiling_01.fbx
  artifactKey: Guid(b8d2bb421732c5c49b5c942ba2c3df2c) Importer(815301076,1909f56bfc062723c751e8b465ee728b)
Start importing Assets/Synty/PolygonSciFiSpace/Models/SM_Bld_Bridge_Ceiling_01.fbx using Guid(b8d2bb421732c5c49b5c942ba2c3df2c) Importer(815301076,1909f56bfc062723c751e8b465ee728b) [PhysX] Initialized MultithreadedTaskDispatcher with 12 workers.
[PhysX] Initialized MultithreadedTaskDispatcher with 12 workers.
[PhysX] Initialized MultithreadedTaskDispatcher with 12 workers.
 -> (artifact id: 'df4b38b8b95038e0b5decfc11a37a195') in 0.066510 seconds
Number of updated asset objects reloaded before import = 0
Number of asset objects unloaded after import = 7
========================================================================
Received Import Request.
  Time since last request: 0.000017 seconds.
  path: Assets/Synty/PolygonSciFiSpace/Models/Collision/Convex/SM_Bld_Ceiling_03_Convex.asset
  artifactKey: Guid(b3451cd0f27f27c498d1f1d13f32ce92) Importer(815301076,1909f56bfc062723c751e8b465ee728b)
Start importing Assets/Synty/PolygonSciFiSpace/Models/Collision/Convex/SM_Bld_Ceiling_03_Convex.asset using Guid(b3451cd0f27f27c498d1f1d13f32ce92) Importer(815301076,1909f56bfc062723c751e8b465ee728b) [PhysX] Initialized MultithreadedTaskDispatcher with 12 workers.
[PhysX] Initialized MultithreadedTaskDispatcher with 12 workers.
 -> (artifact id: '77cb696e75b5e5778f23b8643900d674') in 0.022516 seconds
Number of updated asset objects reloaded before import = 0
Number of asset objects unloaded after import = 2
========================================================================
Received Import Request.
  Time since last request: 0.000018 seconds.
  path: Assets/Synty/PolygonSciFiSpace/Models/Collision/Convex/SM_Bld_Ceiling_01_Convex.asset
  artifactKey: Guid(e8f215fc3f869524db82f596c8c3220a) Importer(815301076,1909f56bfc062723c751e8b465ee728b)
Start importing Assets/Synty/PolygonSciFiSpace/Models/Collision/Convex/SM_Bld_Ceiling_01_Convex.asset using Guid(e8f215fc3f869524db82f596c8c3220a) Importer(815301076,1909f56bfc062723c751e8b465ee728b) [PhysX] Initialized MultithreadedTaskDispatcher with 12 workers.
[PhysX] Initialized MultithreadedTaskDispatcher with 12 workers.
 -> (artifact id: '9ac51c15058ea7ec435cc949e13f1811') in 0.020542 seconds
Number of updated asset objects reloaded before import = 0
Number of asset objects unloaded after import = 2
========================================================================
Received Import Request.
  Time since last request: 0.000016 seconds.
  path: Assets/Synty/PolygonSciFiSpace/Prefabs/Buildings/SM_Bld_Ceiling_01.prefab
  artifactKey: Guid(c6ca24f648280eb42aacc73b163e0f98) Importer(815301076,1909f56bfc062723c751e8b465ee728b)
Start importing Assets/Synty/PolygonSciFiSpace/Prefabs/Buildings/SM_Bld_Ceiling_01.prefab using Guid(c6ca24f648280eb42aacc73b163e0f98) Importer(815301076,1909f56bfc062723c751e8b465ee728b) [PhysX] Initialized MultithreadedTaskDispatcher with 12 workers.
[PhysX] Initialized MultithreadedTaskDispatcher with 12 workers.
 -> (artifact id: '1a5c7434a31182be95f60c988a287390') in 0.069618 seconds
Number of updated asset objects reloaded before import = 0
Number of asset objects unloaded after import = 12
========================================================================
Received Import Request.
  Time since last request: 0.000017 seconds.
  path: Assets/Synty/PolygonSciFiSpace/Models/Collision/Convex/SM_Bld_Ceiling_02_Convex.asset
  artifactKey: Guid(933bee1f1ba73974b956c7d8e5f3b092) Importer(815301076,1909f56bfc062723c751e8b465ee728b)
Start importing Assets/Synty/PolygonSciFiSpace/Models/Collision/Convex/SM_Bld_Ceiling_02_Convex.asset using Guid(933bee1f1ba73974b956c7d8e5f3b092) Importer(815301076,1909f56bfc062723c751e8b465ee728b) [PhysX] Initialized MultithreadedTaskDispatcher with 12 workers.
[PhysX] Initialized MultithreadedTaskDispatcher with 12 workers.
 -> (artifact id: '95eb31e78f27a4b5c71f1deb13af8469') in 0.029186 seconds
Number of updated asset objects reloaded before import = 0
Number of asset objects unloaded after import = 2
========================================================================
Received Import Request.
  Time since last request: 0.000024 seconds.
  path: Assets/Synty/PolygonGeneric/Prefabs/Base/SM_Bld_Base_Ceiling_Half_01.prefab
  artifactKey: Guid(577f5a0058e50b44a939a70432fa809c) Importer(815301076,1909f56bfc062723c751e8b465ee728b)
Start importing Assets/Synty/PolygonGeneric/Prefabs/Base/SM_Bld_Base_Ceiling_Half_01.prefab using Guid(577f5a0058e50b44a939a70432fa809c) Importer(815301076,1909f56bfc062723c751e8b465ee728b) [PhysX] Initialized MultithreadedTaskDispatcher with 12 workers.
[PhysX] Initialized MultithreadedTaskDispatcher with 12 workers.
 -> (artifact id: 'ce2da8125e0cc0e410f72a37646c9680') in 0.045489 seconds
Number of updated asset objects reloaded before import = 0
Number of asset objects unloaded after import = 16
========================================================================
Received Import Request.
  Time since last request: 1.056002 seconds.
  path: Assets/Synty/PolygonSciFiSpace/Models/SM_Bld_Ceiling_Pipe_Junction_01.fbx
  artifactKey: Guid(90e19e05716f86540ac8f061ae2fa9b3) Importer(815301076,1909f56bfc062723c751e8b465ee728b)
Start importing Assets/Synty/PolygonSciFiSpace/Models/SM_Bld_Ceiling_Pipe_Junction_01.fbx using Guid(90e19e05716f86540ac8f061ae2fa9b3) Importer(815301076,1909f56bfc062723c751e8b465ee728b) [PhysX] Initialized MultithreadedTaskDispatcher with 12 workers.
[PhysX] Initialized MultithreadedTaskDispatcher with 12 workers.
[PhysX] Initialized MultithreadedTaskDispatcher with 12 workers.
 -> (artifact id: 'ee2b2b5dfa8b18c66298be16adaf243b') in 0.017412 seconds
Number of updated asset objects reloaded before import = 0
Number of asset objects unloaded after import = 7
========================================================================
Received Import Request.
  Time since last request: 0.000031 seconds.
  path: Assets/Synty/PolygonSciFiSpace/Models/Collision/Convex/SM_Bld_Ceiling_Pipe_Junction_01_Convex.asset
  artifactKey: Guid(0266bf8f4d331244784833cd79b5ebdc) Importer(815301076,1909f56bfc062723c751e8b465ee728b)
Start importing Assets/Synty/PolygonSciFiSpace/Models/Collision/Convex/SM_Bld_Ceiling_Pipe_Junction_01_Convex.asset using Guid(0266bf8f4d331244784833cd79b5ebdc) Importer(815301076,1909f56bfc062723c751e8b465ee728b) [PhysX] Initialized MultithreadedTaskDispatcher with 12 workers.
[PhysX] Initialized MultithreadedTaskDispatcher with 12 workers.
 -> (artifact id: '984567db33b8cb132940d18d4a01efdf') in 0.021654 seconds
Number of updated asset objects reloaded before import = 0
Number of asset objects unloaded after import = 2
========================================================================
Received Import Request.
  Time since last request: 0.000017 seconds.
  path: Assets/Synty/PolygonSciFiSpace/Prefabs/Buildings/SM_Bld_Ceiling_Pipes_Straight_01.prefab
  artifactKey: Guid(eab46053e32a19d4bbcc05ecd80bf859) Importer(815301076,1909f56bfc062723c751e8b465ee728b)
Start importing Assets/Synty/PolygonSciFiSpace/Prefabs/Buildings/SM_Bld_Ceiling_Pipes_Straight_01.prefab using Guid(eab46053e32a19d4bbcc05ecd80bf859) Importer(815301076,1909f56bfc062723c751e8b465ee728b) [PhysX] Initialized MultithreadedTaskDispatcher with 12 workers.
[PhysX] Initialized MultithreadedTaskDispatcher with 12 workers.
 -> (artifact id: 'c2146750cd8c9aa882b6ce3abb3a595a') in 0.052527 seconds
Number of updated asset objects reloaded before import = 0
Number of asset objects unloaded after import = 12
========================================================================
Received Import Request.
  Time since last request: 0.000017 seconds.
  path: Assets/Synty/PolygonSciFiSpace/Prefabs/Buildings/SM_Bld_Ceiling_Pipes_Straight_Broken_01.prefab
  artifactKey: Guid(4349d37781ccc6040b873adc1edcc167) Importer(815301076,1909f56bfc062723c751e8b465ee728b)
Start importing Assets/Synty/PolygonSciFiSpace/Prefabs/Buildings/SM_Bld_Ceiling_Pipes_Straight_Broken_01.prefab using Guid(4349d37781ccc6040b873adc1edcc167) Importer(815301076,1909f56bfc062723c751e8b465ee728b) [PhysX] Initialized MultithreadedTaskDispatcher with 12 workers.
[PhysX] Initialized MultithreadedTaskDispatcher with 12 workers.
 -> (artifact id: '119a4d5fe5be2e43eb788bac67bee760') in 0.059543 seconds
Number of updated asset objects reloaded before import = 0
Number of asset objects unloaded after import = 12
========================================================================
Received Import Request.
  Time since last request: 0.123465 seconds.
  path: Assets/Synty/PolygonSciFiSpace/Models/SM_Bld_Ceiling_Pipes_Straight_Broken_01.fbx
  artifactKey: Guid(9d645643659dd1e4bb7886e503a1d91f) Importer(815301076,1909f56bfc062723c751e8b465ee728b)
Start importing Assets/Synty/PolygonSciFiSpace/Models/SM_Bld_Ceiling_Pipes_Straight_Broken_01.fbx using Guid(9d645643659dd1e4bb7886e503a1d91f) Importer(815301076,1909f56bfc062723c751e8b465ee728b) [PhysX] Initialized MultithreadedTaskDispatcher with 12 workers.
[PhysX] Initialized MultithreadedTaskDispatcher with 12 workers.
[PhysX] Initialized MultithreadedTaskDispatcher with 12 workers.
 -> (artifact id: 'f215d22898da9fed676432fb5e4dd34d') in 0.015397 seconds
Number of updated asset objects reloaded before import = 0
Number of asset objects unloaded after import = 7
========================================================================
Received Import Request.
  Time since last request: 0.000017 seconds.
  path: Assets/Synty/PolygonSciFiSpace/Prefabs/Buildings/SM_Bld_Ceiling_Pipes_Turn_L_01.prefab
  artifactKey: Guid(272dfb7e4982c94439aed3e768760832) Importer(815301076,1909f56bfc062723c751e8b465ee728b)
Start importing Assets/Synty/PolygonSciFiSpace/Prefabs/Buildings/SM_Bld_Ceiling_Pipes_Turn_L_01.prefab using Guid(272dfb7e4982c94439aed3e768760832) Importer(815301076,1909f56bfc062723c751e8b465ee728b) [PhysX] Initialized MultithreadedTaskDispatcher with 12 workers.
[PhysX] Initialized MultithreadedTaskDispatcher with 12 workers.
 -> (artifact id: '45baaf06efb054098e01628af8a86374') in 0.050761 seconds
Number of updated asset objects reloaded before import = 0
Number of asset objects unloaded after import = 12
========================================================================
Received Import Request.
  Time since last request: 0.000018 seconds.
  path: Assets/Synty/PolygonSciFiSpace/Models/SM_Bld_Ceiling_Pipes_Turn_R_01.fbx
  artifactKey: Guid(d330e01671a2bc84bb47be519c0f966b) Importer(815301076,1909f56bfc062723c751e8b465ee728b)
Start importing Assets/Synty/PolygonSciFiSpace/Models/SM_Bld_Ceiling_Pipes_Turn_R_01.fbx using Guid(d330e01671a2bc84bb47be519c0f966b) Importer(815301076,1909f56bfc062723c751e8b465ee728b) [PhysX] Initialized MultithreadedTaskDispatcher with 12 workers.
[PhysX] Initialized MultithreadedTaskDispatcher with 12 workers.
[PhysX] Initialized MultithreadedTaskDispatcher with 12 workers.
 -> (artifact id: '1710e259c4dbd38c56339641d57d1f44') in 0.023717 seconds
Number of updated asset objects reloaded before import = 0
Number of asset objects unloaded after import = 7
========================================================================
Received Import Request.
  Time since last request: 1.029914 seconds.
  path: Assets/Synty/PolygonSciFiSpace/Models/Collision/Convex/SM_Bld_Ceiling_Pipes_Turn_R_01_Convex.asset
  artifactKey: Guid(5c45d4d8258ba4b43b4f32a5e268842e) Importer(815301076,1909f56bfc062723c751e8b465ee728b)
Start importing Assets/Synty/PolygonSciFiSpace/Models/Collision/Convex/SM_Bld_Ceiling_Pipes_Turn_R_01_Convex.asset using Guid(5c45d4d8258ba4b43b4f32a5e268842e) Importer(815301076,1909f56bfc062723c751e8b465ee728b) [PhysX] Initialized MultithreadedTaskDispatcher with 12 workers.
[PhysX] Initialized MultithreadedTaskDispatcher with 12 workers.
 -> (artifact id: 'd63a51c2bfa31983e2e955c67052c03a') in 0.018051 seconds
Number of updated asset objects reloaded before import = 0
Number of asset objects unloaded after import = 2
========================================================================
Received Import Request.
  Time since last request: 0.625254 seconds.
  path: Assets/Synty/PolygonSciFiCity/Models/Collision/Convex/SM_Prop_Cables_Ceiling_01_Convex.asset
  artifactKey: Guid(87a1b7f7e1683c5438dd4b685b5c9534) Importer(815301076,1909f56bfc062723c751e8b465ee728b)
Start importing Assets/Synty/PolygonSciFiCity/Models/Collision/Convex/SM_Prop_Cables_Ceiling_01_Convex.asset using Guid(87a1b7f7e1683c5438dd4b685b5c9534) Importer(815301076,1909f56bfc062723c751e8b465ee728b) [PhysX] Initialized MultithreadedTaskDispatcher with 12 workers.
[PhysX] Initialized MultithreadedTaskDispatcher with 12 workers.
 -> (artifact id: 'ac88980fa0fa7a883f7d295cd8d500bb') in 0.017733 seconds
Number of updated asset objects reloaded before import = 0
Number of asset objects unloaded after import = 2
========================================================================
Received Import Request.
  Time since last request: 0.000018 seconds.
  path: Assets/Synty/PolygonSciFiSpace/Models/Collision/Convex/SM_Prop_Detail_CeilingBox_01_Convex.asset
  artifactKey: Guid(7cfad0ec1aa916748848c2949cc46b8d) Importer(815301076,1909f56bfc062723c751e8b465ee728b)
Start importing Assets/Synty/PolygonSciFiSpace/Models/Collision/Convex/SM_Prop_Detail_CeilingBox_01_Convex.asset using Guid(7cfad0ec1aa916748848c2949cc46b8d) Importer(815301076,1909f56bfc062723c751e8b465ee728b) [PhysX] Initialized MultithreadedTaskDispatcher with 12 workers.
[PhysX] Initialized MultithreadedTaskDispatcher with 12 workers.
 -> (artifact id: 'fa750a85b1ed3e2db2f8f7e75232b5cd') in 0.021900 seconds
Number of updated asset objects reloaded before import = 0
Number of asset objects unloaded after import = 2
========================================================================
Received Import Request.
  Time since last request: 0.000019 seconds.
  path: Assets/Synty/PolygonSciFiSpace/Models/Collision/Convex/SM_Prop_Detail_CeilingBox_02_Convex.asset
  artifactKey: Guid(162577e0dd981c74683e50313467a91b) Importer(815301076,1909f56bfc062723c751e8b465ee728b)
Start importing Assets/Synty/PolygonSciFiSpace/Models/Collision/Convex/SM_Prop_Detail_CeilingBox_02_Convex.asset using Guid(162577e0dd981c74683e50313467a91b) Importer(815301076,1909f56bfc062723c751e8b465ee728b) [PhysX] Initialized MultithreadedTaskDispatcher with 12 workers.
[PhysX] Initialized MultithreadedTaskDispatcher with 12 workers.
 -> (artifact id: '5d09c7c8bcfc0d1667bda5b4a2f3dd5a') in 0.021842 seconds
Number of updated asset objects reloaded before import = 0
Number of asset objects unloaded after import = 2
========================================================================
Received Import Request.
  Time since last request: 0.016301 seconds.
  path: Assets/Synty/PolygonSciFiSpace/Models/SM_Prop_Detail_CeilingBox_03.fbx
  artifactKey: Guid(578cb5edf41d9084680b52a2b132e3f9) Importer(815301076,1909f56bfc062723c751e8b465ee728b)
Start importing Assets/Synty/PolygonSciFiSpace/Models/SM_Prop_Detail_CeilingBox_03.fbx using Guid(578cb5edf41d9084680b52a2b132e3f9) Importer(815301076,1909f56bfc062723c751e8b465ee728b) [PhysX] Initialized MultithreadedTaskDispatcher with 12 workers.
[PhysX] Initialized MultithreadedTaskDispatcher with 12 workers.
[PhysX] Initialized MultithreadedTaskDispatcher with 12 workers.
 -> (artifact id: '713730eb98ead035f082af4687c56449') in 0.015432 seconds
Number of updated asset objects reloaded before import = 0
Number of asset objects unloaded after import = 7
========================================================================
Received Import Request.
  Time since last request: 0.000017 seconds.
  path: Assets/Synty/PolygonSciFiSpace/Models/SM_Prop_Turret_Small_Ceiling_01.fbx
  artifactKey: Guid(907d70ed8f0fe5742ab7df700400b8f8) Importer(815301076,1909f56bfc062723c751e8b465ee728b)
Start importing Assets/Synty/PolygonSciFiSpace/Models/SM_Prop_Turret_Small_Ceiling_01.fbx using Guid(907d70ed8f0fe5742ab7df700400b8f8) Importer(815301076,1909f56bfc062723c751e8b465ee728b) [PhysX] Initialized MultithreadedTaskDispatcher with 12 workers.
[PhysX] Initialized MultithreadedTaskDispatcher with 12 workers.
[PhysX] Initialized MultithreadedTaskDispatcher with 12 workers.
[PhysX] Initialized MultithreadedTaskDispatcher with 12 workers.
[PhysX] Initialized MultithreadedTaskDispatcher with 12 workers.
[PhysX] Initialized MultithreadedTaskDispatcher with 12 workers.
 -> (artifact id: '3d8dc7ef2736c9fe63f7c45396e361b4') in 0.035867 seconds
Number of updated asset objects reloaded before import = 0
Number of asset objects unloaded after import = 17
