Using pre-set license
Built from '2022.3/staging' branch; Version is '2022.3.50f1 (c3db7f8bf9b1) revision 12835711'; Using compiler version '192829333'; Build Type 'Release'
OS: 'Windows 11  (10.0.26200) 64bit Core' Language: 'en' Physical Memory: 32605 MB
BatchMode: 1, IsHumanControllingUs: 0, StartBugReporterOnCrash: 0, Is64bit: 1, IsPro: 1

COMMAND LINE ARGUMENTS:
C:\Program Files\Unity\Hub\Editor\2022.3.50f1\Editor\Unity.exe
-adb2
-batchMode
-noUpm
-name
AssetImportWorker7
-projectPath
D:/Projects/Tattoo-Game/Tattoo Game
-logFile
Logs/AssetImportWorker7.log
-srvPort
62593
Successfully changed project path to: D:/Projects/Tattoo-Game/Tattoo Game
D:/Projects/Tattoo-Game/Tattoo Game
[UnityMemory] Configuration Parameters - Can be set up in boot.config
    "memorysetup-bucket-allocator-granularity=16"
    "memorysetup-bucket-allocator-bucket-count=8"
    "memorysetup-bucket-allocator-block-size=33554432"
    "memorysetup-bucket-allocator-block-count=8"
    "memorysetup-main-allocator-block-size=16777216"
    "memorysetup-thread-allocator-block-size=16777216"
    "memorysetup-gfx-main-allocator-block-size=16777216"
    "memorysetup-gfx-thread-allocator-block-size=16777216"
    "memorysetup-cache-allocator-block-size=4194304"
    "memorysetup-typetree-allocator-block-size=2097152"
    "memorysetup-profiler-bucket-allocator-granularity=16"
    "memorysetup-profiler-bucket-allocator-bucket-count=8"
    "memorysetup-profiler-bucket-allocator-block-size=33554432"
    "memorysetup-profiler-bucket-allocator-block-count=8"
    "memorysetup-profiler-allocator-block-size=16777216"
    "memorysetup-profiler-editor-allocator-block-size=1048576"
    "memorysetup-temp-allocator-size-main=16777216"
    "memorysetup-job-temp-allocator-block-size=2097152"
    "memorysetup-job-temp-allocator-block-size-background=1048576"
    "memorysetup-job-temp-allocator-reduction-small-platforms=262144"
    "memorysetup-allocator-temp-initial-block-size-main=262144"
    "memorysetup-allocator-temp-initial-block-size-worker=262144"
    "memorysetup-temp-allocator-size-background-worker=32768"
    "memorysetup-temp-allocator-size-job-worker=262144"
    "memorysetup-temp-allocator-size-preload-manager=33554432"
    "memorysetup-temp-allocator-size-nav-mesh-worker=65536"
    "memorysetup-temp-allocator-size-audio-worker=65536"
    "memorysetup-temp-allocator-size-cloud-worker=32768"
    "memorysetup-temp-allocator-size-gi-baking-worker=262144"
    "memorysetup-temp-allocator-size-gfx=262144"
Player connection [2892]  Target information:

Player connection [2892]  * "[IP] 192.168.133.1 [Port] 0 [Flags] 2 [Guid] 534279930 [EditorId] 534279930 [Version] 1048832 [Id] WindowsEditor(7,Tortuga) [Debug] 1 [PackageName] WindowsEditor [ProjectName] Editor" 

Player connection [2892]  * "[IP] 192.168.64.1 [Port] 0 [Flags] 2 [Guid] 534279930 [EditorId] 534279930 [Version] 1048832 [Id] WindowsEditor(7,Tortuga) [Debug] 1 [PackageName] WindowsEditor [ProjectName] Editor" 

Player connection [2892]  * "[IP] 192.168.0.179 [Port] 0 [Flags] 2 [Guid] 534279930 [EditorId] 534279930 [Version] 1048832 [Id] WindowsEditor(7,Tortuga) [Debug] 1 [PackageName] WindowsEditor [ProjectName] Editor" 

Player connection [2892] Host joined multi-casting on [225.0.0.222:54997]...
Player connection [2892] Host joined alternative multi-casting on [225.0.0.222:34997]...
[PhysX] Initialized MultithreadedTaskDispatcher with 12 workers.
Refreshing native plugins compatible for Editor in 43.60 ms, found 4 plugins.
Preloading 0 native plugins for Editor in 0.00 ms.
Initialize engine version: 2022.3.50f1 (c3db7f8bf9b1)
[Subsystems] Discovering subsystems at path C:/Program Files/Unity/Hub/Editor/2022.3.50f1/Editor/Data/Resources/UnitySubsystems
[Subsystems] Discovering subsystems at path D:/Projects/Tattoo-Game/Tattoo Game/Assets
GfxDevice: creating device client; threaded=0; jobified=0
Direct3D:
    Version:  Direct3D 11.0 [level 11.1]
    Renderer: NVIDIA GeForce RTX 3060 Laptop GPU (ID=0x2520)
    Vendor:   NVIDIA
    VRAM:     5994 MB
    Driver:   32.0.15.9227
Initialize mono
Mono path[0] = 'C:/Program Files/Unity/Hub/Editor/2022.3.50f1/Editor/Data/Managed'
Mono path[1] = 'C:/Program Files/Unity/Hub/Editor/2022.3.50f1/Editor/Data/MonoBleedingEdge/lib/mono/unityjit-win32'
Mono config path = 'C:/Program Files/Unity/Hub/Editor/2022.3.50f1/Editor/Data/MonoBleedingEdge/etc'
Using monoOptions --debugger-agent=transport=dt_socket,embedding=1,server=y,suspend=n,address=127.0.0.1:56224
Begin MonoManager ReloadAssembly
Registering precompiled unity dll's ...
Register platform support module: C:/Program Files/Unity/Hub/Editor/2022.3.50f1/Editor/Data/PlaybackEngines/AndroidPlayer/UnityEditor.Android.Extensions.dll
Register platform support module: C:/Program Files/Unity/Hub/Editor/2022.3.50f1/Editor/Data/PlaybackEngines/iOSSupport/UnityEditor.iOS.Extensions.dll
Register platform support module: C:/Program Files/Unity/Hub/Editor/2022.3.50f1/Editor/Data/PlaybackEngines/WindowsStandaloneSupport/UnityEditor.WindowsStandalone.Extensions.dll
Registered in 0.020146 seconds.
- Loaded All Assemblies, in  0.441 seconds
Native extension for WindowsStandalone target not found
[usbmuxd] Start listen thread
[usbmuxd] Listen thread started
Native extension for iOS target not found
Native extension for Android target not found
Android Extension - Scanning For ADB Devices 224 ms
Mono: successfully reloaded assembly
- Finished resetting the current domain, in  0.537 seconds
Domain Reload Profiling: 975ms
	BeginReloadAssembly (128ms)
		ExecutionOrderSort (0ms)
		DisableScriptedObjects (0ms)
		BackupInstance (0ms)
		ReleaseScriptingObjects (0ms)
		CreateAndSetChildDomain (1ms)
	RebuildCommonClasses (54ms)
	RebuildNativeTypeToScriptingClass (18ms)
	initialDomainReloadingComplete (87ms)
	LoadAllAssembliesAndSetupDomain (152ms)
		LoadAssemblies (126ms)
		RebuildTransferFunctionScriptingTraits (0ms)
		AnalyzeDomain (148ms)
			TypeCache.Refresh (147ms)
				TypeCache.ScanAssembly (133ms)
			ScanForSourceGeneratedMonoScriptInfo (0ms)
			ResolveRequiredComponents (0ms)
	FinalizeReload (538ms)
		ReleaseScriptCaches (0ms)
		RebuildScriptCaches (0ms)
		SetupLoadedEditorAssemblies (494ms)
			LogAssemblyErrors (0ms)
			InitializePlatformSupportModulesInManaged (338ms)
			SetLoadedEditorAssemblies (4ms)
			RefreshPlugins (0ms)
			BeforeProcessingInitializeOnLoad (2ms)
			ProcessInitializeOnLoadAttributes (108ms)
			ProcessInitializeOnLoadMethodAttributes (42ms)
			AfterProcessingInitializeOnLoad (0ms)
			EditorAssembliesLoaded (0ms)
		ExecutionOrderSort2 (0ms)
		AwakeInstancesAfterBackupRestoration (0ms)
========================================================================
Worker process is ready to serve import requests
Caller must complete domain reload
Begin MonoManager ReloadAssembly
- Loaded All Assemblies, in  0.633 seconds
Native extension for WindowsStandalone target not found
Native extension for iOS target not found
Native extension for Android target not found
Mono: successfully reloaded assembly
Package Manager log level set to [2]
[Package Manager] Server::EnsureServerProcessIsRunning -- launch failed, reason: Unity was launched with the -noUpm command-line argument
[Package Manager] UpmClient::Send -- Unable to send message (not connected to UPM process).
[Package Manager] Cannot connect to Unity Package Manager local server
[Package Manager] Server::EnsureServerProcessIsRunning -- launch failed, reason: Unity was launched with the -noUpm command-line argument
[Package Manager] UpmClient::Send -- Unable to send message (not connected to UPM process).
[Package Manager] Cannot connect to Unity Package Manager local server
- Finished resetting the current domain, in  0.665 seconds
Domain Reload Profiling: 1295ms
	BeginReloadAssembly (140ms)
		ExecutionOrderSort (0ms)
		DisableScriptedObjects (7ms)
		BackupInstance (0ms)
		ReleaseScriptingObjects (0ms)
		CreateAndSetChildDomain (19ms)
	RebuildCommonClasses (31ms)
	RebuildNativeTypeToScriptingClass (11ms)
	initialDomainReloadingComplete (41ms)
	LoadAllAssembliesAndSetupDomain (406ms)
		LoadAssemblies (302ms)
		RebuildTransferFunctionScriptingTraits (0ms)
		AnalyzeDomain (186ms)
			TypeCache.Refresh (155ms)
				TypeCache.ScanAssembly (139ms)
			ScanForSourceGeneratedMonoScriptInfo (23ms)
			ResolveRequiredComponents (6ms)
	FinalizeReload (665ms)
		ReleaseScriptCaches (0ms)
		RebuildScriptCaches (0ms)
		SetupLoadedEditorAssemblies (508ms)
			LogAssemblyErrors (0ms)
			InitializePlatformSupportModulesInManaged (28ms)
			SetLoadedEditorAssemblies (4ms)
			RefreshPlugins (0ms)
			BeforeProcessingInitializeOnLoad (71ms)
			ProcessInitializeOnLoadAttributes (334ms)
			ProcessInitializeOnLoadMethodAttributes (61ms)
			AfterProcessingInitializeOnLoad (11ms)
			EditorAssembliesLoaded (0ms)
		ExecutionOrderSort2 (0ms)
		AwakeInstancesAfterBackupRestoration (8ms)
Launched and connected shader compiler UnityShaderCompiler.exe after 0.04 seconds
Refreshing native plugins compatible for Editor in 7.26 ms, found 4 plugins.
Preloading 0 native plugins for Editor in 0.00 ms.
Unloading 5356 Unused Serialized files (Serialized files now loaded: 0)
Unloading 37 unused Assets / (502.4 KB). Loaded Objects now: 5824.
Memory consumption went from 193.9 MB to 193.4 MB.
Total: 3.541700 ms (FindLiveObjects: 0.361800 ms CreateObjectMapping: 0.354400 ms MarkObjects: 2.669100 ms  DeleteObjects: 0.155500 ms)

AssetImportParameters requested are different than current active one (requested -> active):
  custom:container-demuxer-ogg: 62fdf1f143b41e24485cea50d1cbac27 -> 
  custom:video-codec-MediaFoundation-h265: 746d11721c4dcdbdad8f713fa42b33f4 -> 
  custom:video-decoder-ogg-theora: a1e56fd34408186e4bbccfd4996cb3dc -> 
  custom:framework-win-MediaFoundation: 216162199b28c13a410421893ffa2e32 -> 
  custom:CustomObjectIndexerAttribute: 9a22284fe3817be447336de3de66b15e -> 
  custom:container-demuxer-webm: 4f35f7cbe854078d1ac9338744f61a02 -> 
  custom:container-muxer-webm: aa71ff27fc2769a1b78a27578f13a17b -> 
  custom:video-decoder-webm-vp8: 9c59270c3fd7afecdb556c50c9e8de78 -> 
  custom:SearchIndexIgnoredProperties: e643bd26f0fe6173181afceb89e7c659 -> 
  custom:AudioImporter_EditorPlatform: d09bf68614088b80899f8185d706f6e7 -> 
  custom:video-encoder-webm-vp8: eb34c28f22e8b96e1ab97ce403110664 -> 
  custom:audio-decoder-ogg-vorbis: bf7c407c2cedff20999df2af8eb42d56 -> 
  custom:audio-encoder-webm-vorbis: bf7c407c2cedff20999df2af8eb42d56 -> 
========================================================================
Received Import Request.
  Time since last request: 6185.746644 seconds.
  path: Assets/Synty/PolygonSciFiSpace/Models/SM_Env_Debris_Shell_06.fbx
  artifactKey: Guid(f4e7f3760b3540445b621fc1f74787a3) Importer(815301076,1909f56bfc062723c751e8b465ee728b)
Start importing Assets/Synty/PolygonSciFiSpace/Models/SM_Env_Debris_Shell_06.fbx using Guid(f4e7f3760b3540445b621fc1f74787a3) Importer(815301076,1909f56bfc062723c751e8b465ee728b) [PhysX] Initialized MultithreadedTaskDispatcher with 12 workers.
[PhysX] Initialized MultithreadedTaskDispatcher with 12 workers.
[PhysX] Initialized MultithreadedTaskDispatcher with 12 workers.
 -> (artifact id: '6bb6d1150cad2758ab1b8ee083f4cfed') in 0.191480 seconds
Number of updated asset objects reloaded before import = 0
Number of asset objects unloaded after import = 7
========================================================================
Received Import Request.
  Time since last request: 0.000030 seconds.
  path: Assets/Synty/PolygonGeneric/Prefabs/Props/SM_Gen_Prop_Shelf_03.prefab
  artifactKey: Guid(d58fb3e979a5d28488f2e9b6e398697d) Importer(815301076,1909f56bfc062723c751e8b465ee728b)
Start importing Assets/Synty/PolygonGeneric/Prefabs/Props/SM_Gen_Prop_Shelf_03.prefab using Guid(d58fb3e979a5d28488f2e9b6e398697d) Importer(815301076,1909f56bfc062723c751e8b465ee728b) [PhysX] Initialized MultithreadedTaskDispatcher with 12 workers.
[PhysX] Initialized MultithreadedTaskDispatcher with 12 workers.
 -> (artifact id: '14d60500bc19eacfb51e16d9df14c9f5') in 0.568250 seconds
Number of updated asset objects reloaded before import = 0
Number of asset objects unloaded after import = 13
========================================================================
Received Import Request.
  Time since last request: 304.156852 seconds.
  path: Assets/Synty/PolygonSciFiCity/Prefabs/Props/SM_Prop_Jar_02.prefab
  artifactKey: Guid(6b2978f9e44145d46a5283f2cbedadba) Importer(815301076,1909f56bfc062723c751e8b465ee728b)
Start importing Assets/Synty/PolygonSciFiCity/Prefabs/Props/SM_Prop_Jar_02.prefab using Guid(6b2978f9e44145d46a5283f2cbedadba) Importer(815301076,1909f56bfc062723c751e8b465ee728b) [PhysX] Initialized MultithreadedTaskDispatcher with 12 workers.
[PhysX] Initialized MultithreadedTaskDispatcher with 12 workers.
 -> (artifact id: '56d8c50c5fddd19c88e840f3a1238695') in 0.171408 seconds
Number of updated asset objects reloaded before import = 0
Number of asset objects unloaded after import = 20
========================================================================
Received Import Request.
  Time since last request: 0.000036 seconds.
  path: Assets/Synty/PolygonSciFiCity/Prefabs/Props/SM_Prop_JarFull_01.prefab
  artifactKey: Guid(a75c2bc785b116240bedc72e0d023963) Importer(815301076,1909f56bfc062723c751e8b465ee728b)
Start importing Assets/Synty/PolygonSciFiCity/Prefabs/Props/SM_Prop_JarFull_01.prefab using Guid(a75c2bc785b116240bedc72e0d023963) Importer(815301076,1909f56bfc062723c751e8b465ee728b) [PhysX] Initialized MultithreadedTaskDispatcher with 12 workers.
[PhysX] Initialized MultithreadedTaskDispatcher with 12 workers.
 -> (artifact id: '6bf346d8169c0f17a3f8d00943fbf313') in 0.101483 seconds
Number of updated asset objects reloaded before import = 0
Number of asset objects unloaded after import = 34
========================================================================
Received Import Request.
  Time since last request: 0.000027 seconds.
  path: Assets/Synty/PolygonSciFiCity/Prefabs/Props/SM_Prop_Jar_04.prefab
  artifactKey: Guid(94d723a273497e2438530879951c7c55) Importer(815301076,1909f56bfc062723c751e8b465ee728b)
Start importing Assets/Synty/PolygonSciFiCity/Prefabs/Props/SM_Prop_Jar_04.prefab using Guid(94d723a273497e2438530879951c7c55) Importer(815301076,1909f56bfc062723c751e8b465ee728b) [PhysX] Initialized MultithreadedTaskDispatcher with 12 workers.
[PhysX] Initialized MultithreadedTaskDispatcher with 12 workers.
 -> (artifact id: '7102f61aea3a35ad635537ad60e17272') in 0.098630 seconds
Number of updated asset objects reloaded before import = 0
Number of asset objects unloaded after import = 20
========================================================================
Received Import Request.
  Time since last request: 180.917995 seconds.
  path: Assets/Synty/PolygonSciFiSpace/Prefabs/Props/SM_Prop_Chr_Male_Cryo_01.prefab
  artifactKey: Guid(101879632eab8164c8e253c6bbca0c2d) Importer(815301076,1909f56bfc062723c751e8b465ee728b)
Start importing Assets/Synty/PolygonSciFiSpace/Prefabs/Props/SM_Prop_Chr_Male_Cryo_01.prefab using Guid(101879632eab8164c8e253c6bbca0c2d) Importer(815301076,1909f56bfc062723c751e8b465ee728b) [PhysX] Initialized MultithreadedTaskDispatcher with 12 workers.
[PhysX] Initialized MultithreadedTaskDispatcher with 12 workers.
 -> (artifact id: 'bd242359dbe44493ff84bb47da94f849') in 0.058698 seconds
Number of updated asset objects reloaded before import = 0
Number of asset objects unloaded after import = 12
========================================================================
Received Import Request.
  Time since last request: 0.000022 seconds.
  path: Assets/Synty/PolygonSciFiSpace/Prefabs/Props/SM_Prop_CornerSeat_01.prefab
  artifactKey: Guid(708686da7f437214a8ac771fb0a33cca) Importer(815301076,1909f56bfc062723c751e8b465ee728b)
Start importing Assets/Synty/PolygonSciFiSpace/Prefabs/Props/SM_Prop_CornerSeat_01.prefab using Guid(708686da7f437214a8ac771fb0a33cca) Importer(815301076,1909f56bfc062723c751e8b465ee728b) [PhysX] Initialized MultithreadedTaskDispatcher with 12 workers.
[PhysX] Initialized MultithreadedTaskDispatcher with 12 workers.
 -> (artifact id: 'b67f1f90f7767d39f303783f618b6be9') in 0.057911 seconds
Number of updated asset objects reloaded before import = 0
Number of asset objects unloaded after import = 16
========================================================================
Received Import Request.
  Time since last request: 0.000024 seconds.
  path: Assets/Synty/PolygonSciFiSpace/Prefabs/Props/SM_Prop_ControlPanel_03.prefab
  artifactKey: Guid(de67e87744b7438449e6e80ed6978e1b) Importer(815301076,1909f56bfc062723c751e8b465ee728b)
Start importing Assets/Synty/PolygonSciFiSpace/Prefabs/Props/SM_Prop_ControlPanel_03.prefab using Guid(de67e87744b7438449e6e80ed6978e1b) Importer(815301076,1909f56bfc062723c751e8b465ee728b) [PhysX] Initialized MultithreadedTaskDispatcher with 12 workers.
[PhysX] Initialized MultithreadedTaskDispatcher with 12 workers.
 -> (artifact id: 'f96b4d3c699a343c0c3ba808b9084e91') in 0.204793 seconds
Number of updated asset objects reloaded before import = 0
Number of asset objects unloaded after import = 12
========================================================================
Received Import Request.
  Time since last request: 0.000029 seconds.
  path: Assets/Synty/PolygonSciFiSpace/Prefabs/Props/SM_Prop_CryoBed_01.prefab
  artifactKey: Guid(61f6772736cda0c4c8396454a192fafb) Importer(815301076,1909f56bfc062723c751e8b465ee728b)
Start importing Assets/Synty/PolygonSciFiSpace/Prefabs/Props/SM_Prop_CryoBed_01.prefab using Guid(61f6772736cda0c4c8396454a192fafb) Importer(815301076,1909f56bfc062723c751e8b465ee728b) [PhysX] Initialized MultithreadedTaskDispatcher with 12 workers.
[PhysX] Initialized MultithreadedTaskDispatcher with 12 workers.
 -> (artifact id: '744a6051b73e11f0bcc81a7c7ca4d5f4') in 0.050601 seconds
Number of updated asset objects reloaded before import = 0
Number of asset objects unloaded after import = 23
========================================================================
Received Import Request.
  Time since last request: 0.000017 seconds.
  path: Assets/Synty/PolygonSciFiSpace/Prefabs/Props/SM_Prop_DeadZub_01.prefab
  artifactKey: Guid(837a69a60c20ad24496b30d902e55a78) Importer(815301076,1909f56bfc062723c751e8b465ee728b)
Start importing Assets/Synty/PolygonSciFiSpace/Prefabs/Props/SM_Prop_DeadZub_01.prefab using Guid(837a69a60c20ad24496b30d902e55a78) Importer(815301076,1909f56bfc062723c751e8b465ee728b) [PhysX] Initialized MultithreadedTaskDispatcher with 12 workers.
[PhysX] Initialized MultithreadedTaskDispatcher with 12 workers.
 -> (artifact id: '51e2a997052b6606f53dd54c54955e25') in 0.062719 seconds
Number of updated asset objects reloaded before import = 0
Number of asset objects unloaded after import = 12
========================================================================
Received Import Request.
  Time since last request: 0.000019 seconds.
  path: Assets/Synty/PolygonSciFiSpace/Prefabs/Props/SM_Prop_Crate_02.prefab
  artifactKey: Guid(592fdcba71017da4f810f3022a74c558) Importer(815301076,1909f56bfc062723c751e8b465ee728b)
Start importing Assets/Synty/PolygonSciFiSpace/Prefabs/Props/SM_Prop_Crate_02.prefab using Guid(592fdcba71017da4f810f3022a74c558) Importer(815301076,1909f56bfc062723c751e8b465ee728b) [PhysX] Initialized MultithreadedTaskDispatcher with 12 workers.
[PhysX] Initialized MultithreadedTaskDispatcher with 12 workers.
 -> (artifact id: 'b0f844854e052a34423ca326b2056396') in 0.058941 seconds
Number of updated asset objects reloaded before import = 0
Number of asset objects unloaded after import = 12
========================================================================
Received Import Request.
  Time since last request: 0.000016 seconds.
  path: Assets/Synty/PolygonSciFiSpace/Prefabs/Props/SM_Prop_Decontamination_Shower_01.prefab
  artifactKey: Guid(f1a426e302059f449b05a13b5c47965c) Importer(815301076,1909f56bfc062723c751e8b465ee728b)
Start importing Assets/Synty/PolygonSciFiSpace/Prefabs/Props/SM_Prop_Decontamination_Shower_01.prefab using Guid(f1a426e302059f449b05a13b5c47965c) Importer(815301076,1909f56bfc062723c751e8b465ee728b) [PhysX] Initialized MultithreadedTaskDispatcher with 12 workers.
[PhysX] Initialized MultithreadedTaskDispatcher with 12 workers.
 -> (artifact id: 'db75f58210bc39c5fb74b48d2cf9e44f') in 0.055333 seconds
Number of updated asset objects reloaded before import = 0
Number of asset objects unloaded after import = 12
========================================================================
Received Import Request.
  Time since last request: 0.000026 seconds.
  path: Assets/Synty/PolygonSciFiSpace/Prefabs/Props/SM_Prop_Desk_End_01.prefab
  artifactKey: Guid(e18f0221fe48009489540ed0735c694f) Importer(815301076,1909f56bfc062723c751e8b465ee728b)
Start importing Assets/Synty/PolygonSciFiSpace/Prefabs/Props/SM_Prop_Desk_End_01.prefab using Guid(e18f0221fe48009489540ed0735c694f) Importer(815301076,1909f56bfc062723c751e8b465ee728b) [PhysX] Initialized MultithreadedTaskDispatcher with 12 workers.
[PhysX] Initialized MultithreadedTaskDispatcher with 12 workers.
 -> (artifact id: 'ca39ad62580aacdd737c80322378e3f6') in 0.052411 seconds
Number of updated asset objects reloaded before import = 0
Number of asset objects unloaded after import = 12
========================================================================
Received Import Request.
  Time since last request: 0.000021 seconds.
  path: Assets/Synty/PolygonSciFiSpace/Prefabs/Props/SM_Prop_Crate_Wide_01.prefab
  artifactKey: Guid(e766f33e0ec16d54599c071947759921) Importer(815301076,1909f56bfc062723c751e8b465ee728b)
Start importing Assets/Synty/PolygonSciFiSpace/Prefabs/Props/SM_Prop_Crate_Wide_01.prefab using Guid(e766f33e0ec16d54599c071947759921) Importer(815301076,1909f56bfc062723c751e8b465ee728b) [PhysX] Initialized MultithreadedTaskDispatcher with 12 workers.
[PhysX] Initialized MultithreadedTaskDispatcher with 12 workers.
 -> (artifact id: '4f50dcbb60f80246ddf4218e9ec9dadb') in 0.070804 seconds
Number of updated asset objects reloaded before import = 0
Number of asset objects unloaded after import = 17
========================================================================
Received Import Request.
  Time since last request: 0.000017 seconds.
  path: Assets/Synty/PolygonSciFiSpace/Prefabs/Props/SM_Prop_Crate_Shield_01.prefab
  artifactKey: Guid(8377235c67ae2dd43afcdc05fa8f96f0) Importer(815301076,1909f56bfc062723c751e8b465ee728b)
Start importing Assets/Synty/PolygonSciFiSpace/Prefabs/Props/SM_Prop_Crate_Shield_01.prefab using Guid(8377235c67ae2dd43afcdc05fa8f96f0) Importer(815301076,1909f56bfc062723c751e8b465ee728b) [PhysX] Initialized MultithreadedTaskDispatcher with 12 workers.
[PhysX] Initialized MultithreadedTaskDispatcher with 12 workers.
 -> (artifact id: '1dfc1ce1d63e9007028bc4eb13f530aa') in 0.059859 seconds
Number of updated asset objects reloaded before import = 0
Number of asset objects unloaded after import = 12
========================================================================
Received Import Request.
  Time since last request: 0.000023 seconds.
  path: Assets/Synty/PolygonSciFiSpace/Prefabs/Props/SM_Prop_Crate_01.prefab
  artifactKey: Guid(96ec3966e2e9e004086cf5209750e0b2) Importer(815301076,1909f56bfc062723c751e8b465ee728b)
Start importing Assets/Synty/PolygonSciFiSpace/Prefabs/Props/SM_Prop_Crate_01.prefab using Guid(96ec3966e2e9e004086cf5209750e0b2) Importer(815301076,1909f56bfc062723c751e8b465ee728b) [PhysX] Initialized MultithreadedTaskDispatcher with 12 workers.
[PhysX] Initialized MultithreadedTaskDispatcher with 12 workers.
 -> (artifact id: '7e8fbf243c837c4b7f904497e3a41d20') in 0.068626 seconds
Number of updated asset objects reloaded before import = 0
Number of asset objects unloaded after import = 17
========================================================================
Received Import Request.
  Time since last request: 0.000021 seconds.
  path: Assets/Synty/PolygonSciFiSpace/Prefabs/Props/SM_Prop_Crate_health_02.prefab
  artifactKey: Guid(dbdfb41b17738074ca0cccc9389a8206) Importer(815301076,1909f56bfc062723c751e8b465ee728b)
Start importing Assets/Synty/PolygonSciFiSpace/Prefabs/Props/SM_Prop_Crate_health_02.prefab using Guid(dbdfb41b17738074ca0cccc9389a8206) Importer(815301076,1909f56bfc062723c751e8b465ee728b) [PhysX] Initialized MultithreadedTaskDispatcher with 12 workers.
[PhysX] Initialized MultithreadedTaskDispatcher with 12 workers.
 -> (artifact id: '0f1767784331001b6e3b6fca79f0dfdc') in 0.057020 seconds
Number of updated asset objects reloaded before import = 0
Number of asset objects unloaded after import = 12
========================================================================
Received Import Request.
  Time since last request: 0.000027 seconds.
  path: Assets/Synty/PolygonSciFiSpace/Prefabs/Props/SM_Prop_Crate_Ammo_01.prefab
  artifactKey: Guid(6d7f4fb9a58cedf4998b9bac4a0a6bbf) Importer(815301076,1909f56bfc062723c751e8b465ee728b)
Start importing Assets/Synty/PolygonSciFiSpace/Prefabs/Props/SM_Prop_Crate_Ammo_01.prefab using Guid(6d7f4fb9a58cedf4998b9bac4a0a6bbf) Importer(815301076,1909f56bfc062723c751e8b465ee728b) [PhysX] Initialized MultithreadedTaskDispatcher with 12 workers.
[PhysX] Initialized MultithreadedTaskDispatcher with 12 workers.
 -> (artifact id: 'be049a01c73329923cb5c48e85396742') in 0.056546 seconds
Number of updated asset objects reloaded before import = 0
Number of asset objects unloaded after import = 12
========================================================================
Received Import Request.
  Time since last request: 0.802078 seconds.
  path: Assets/Synty/PolygonSciFiSpace/Prefabs/Props/SM_Prop_Detail_Airvent_01.prefab
  artifactKey: Guid(9e8616cd21f1e464f8397771d929a840) Importer(815301076,1909f56bfc062723c751e8b465ee728b)
Start importing Assets/Synty/PolygonSciFiSpace/Prefabs/Props/SM_Prop_Detail_Airvent_01.prefab using Guid(9e8616cd21f1e464f8397771d929a840) Importer(815301076,1909f56bfc062723c751e8b465ee728b) [PhysX] Initialized MultithreadedTaskDispatcher with 12 workers.
[PhysX] Initialized MultithreadedTaskDispatcher with 12 workers.
 -> (artifact id: '850ee4ce5ec63cb48c3766e67fa3bb44') in 0.059176 seconds
Number of updated asset objects reloaded before import = 0
Number of asset objects unloaded after import = 12
========================================================================
Received Import Request.
  Time since last request: 0.000020 seconds.
  path: Assets/Synty/PolygonSciFiSpace/Prefabs/Props/SM_Prop_Detail_Box_01.prefab
  artifactKey: Guid(a33c53b9e2d591445bfefe4c1313070a) Importer(815301076,1909f56bfc062723c751e8b465ee728b)
Start importing Assets/Synty/PolygonSciFiSpace/Prefabs/Props/SM_Prop_Detail_Box_01.prefab using Guid(a33c53b9e2d591445bfefe4c1313070a) Importer(815301076,1909f56bfc062723c751e8b465ee728b) [PhysX] Initialized MultithreadedTaskDispatcher with 12 workers.
[PhysX] Initialized MultithreadedTaskDispatcher with 12 workers.
 -> (artifact id: '75ad6a0abe6ea21fba09f0f0c67460e0') in 0.043860 seconds
Number of updated asset objects reloaded before import = 0
Number of asset objects unloaded after import = 12
========================================================================
Received Import Request.
  Time since last request: 0.012443 seconds.
  path: Assets/Synty/PolygonSciFiSpace/Prefabs/Props/SM_Prop_Detail_Box_03.prefab
  artifactKey: Guid(31d3b58fa3a075d418f8778190a3ab84) Importer(815301076,1909f56bfc062723c751e8b465ee728b)
Start importing Assets/Synty/PolygonSciFiSpace/Prefabs/Props/SM_Prop_Detail_Box_03.prefab using Guid(31d3b58fa3a075d418f8778190a3ab84) Importer(815301076,1909f56bfc062723c751e8b465ee728b) [PhysX] Initialized MultithreadedTaskDispatcher with 12 workers.
[PhysX] Initialized MultithreadedTaskDispatcher with 12 workers.
 -> (artifact id: '003c6a674ea154accdfb41a2a4110f1a') in 0.071778 seconds
Number of updated asset objects reloaded before import = 0
Number of asset objects unloaded after import = 12
========================================================================
Received Import Request.
  Time since last request: 0.113681 seconds.
  path: Assets/Synty/PolygonSciFiSpace/Prefabs/Props/SM_Prop_Detail_Box_06.prefab
  artifactKey: Guid(5dc091b496b13094da8c0bbaec218b40) Importer(815301076,1909f56bfc062723c751e8b465ee728b)
Start importing Assets/Synty/PolygonSciFiSpace/Prefabs/Props/SM_Prop_Detail_Box_06.prefab using Guid(5dc091b496b13094da8c0bbaec218b40) Importer(815301076,1909f56bfc062723c751e8b465ee728b) [PhysX] Initialized MultithreadedTaskDispatcher with 12 workers.
[PhysX] Initialized MultithreadedTaskDispatcher with 12 workers.
 -> (artifact id: '1002395088ab8dbea37e53c2cc7f3793') in 0.076876 seconds
Number of updated asset objects reloaded before import = 0
Number of asset objects unloaded after import = 12
========================================================================
Received Import Request.
  Time since last request: 0.077300 seconds.
  path: Assets/Synty/PolygonSciFiSpace/Prefabs/Props/SM_Prop_Detail_CeilingBox_02.prefab
  artifactKey: Guid(0ddb17b663e48684e8c16cdb92f7b9db) Importer(815301076,1909f56bfc062723c751e8b465ee728b)
Start importing Assets/Synty/PolygonSciFiSpace/Prefabs/Props/SM_Prop_Detail_CeilingBox_02.prefab using Guid(0ddb17b663e48684e8c16cdb92f7b9db) Importer(815301076,1909f56bfc062723c751e8b465ee728b) [PhysX] Initialized MultithreadedTaskDispatcher with 12 workers.
[PhysX] Initialized MultithreadedTaskDispatcher with 12 workers.
 -> (artifact id: 'ee3d986db741f962a8a8055c9c4cb4a2') in 0.065679 seconds
Number of updated asset objects reloaded before import = 0
Number of asset objects unloaded after import = 12
========================================================================
Received Import Request.
  Time since last request: 0.000024 seconds.
  path: Assets/Synty/PolygonSciFiSpace/Prefabs/Props/SM_Prop_Detail_CeilingBox_03.prefab
  artifactKey: Guid(0400b3dd557fb52498117f621fce5e89) Importer(815301076,1909f56bfc062723c751e8b465ee728b)
Start importing Assets/Synty/PolygonSciFiSpace/Prefabs/Props/SM_Prop_Detail_CeilingBox_03.prefab using Guid(0400b3dd557fb52498117f621fce5e89) Importer(815301076,1909f56bfc062723c751e8b465ee728b) [PhysX] Initialized MultithreadedTaskDispatcher with 12 workers.
[PhysX] Initialized MultithreadedTaskDispatcher with 12 workers.
 -> (artifact id: '72efd220240fa7dc8b260f300e33200c') in 0.054366 seconds
Number of updated asset objects reloaded before import = 0
Number of asset objects unloaded after import = 12
========================================================================
Received Import Request.
  Time since last request: 0.958052 seconds.
  path: Assets/Synty/PolygonSciFiSpace/Prefabs/Props/SM_Prop_Detail_Handle_02.prefab
  artifactKey: Guid(85a4a97fd238de0439459257d9903561) Importer(815301076,1909f56bfc062723c751e8b465ee728b)
Start importing Assets/Synty/PolygonSciFiSpace/Prefabs/Props/SM_Prop_Detail_Handle_02.prefab using Guid(85a4a97fd238de0439459257d9903561) Importer(815301076,1909f56bfc062723c751e8b465ee728b) [PhysX] Initialized MultithreadedTaskDispatcher with 12 workers.
[PhysX] Initialized MultithreadedTaskDispatcher with 12 workers.
 -> (artifact id: '32cbbdcef736f2a8775196871de9c48b') in 0.069404 seconds
Number of updated asset objects reloaded before import = 0
Number of asset objects unloaded after import = 12
========================================================================
Received Import Request.
  Time since last request: 0.000023 seconds.
  path: Assets/Synty/PolygonSciFiSpace/Prefabs/Props/SM_Prop_Detail_Keypad_01.prefab
  artifactKey: Guid(cee55855e216c9f4f9a324085f633142) Importer(815301076,1909f56bfc062723c751e8b465ee728b)
Start importing Assets/Synty/PolygonSciFiSpace/Prefabs/Props/SM_Prop_Detail_Keypad_01.prefab using Guid(cee55855e216c9f4f9a324085f633142) Importer(815301076,1909f56bfc062723c751e8b465ee728b) [PhysX] Initialized MultithreadedTaskDispatcher with 12 workers.
[PhysX] Initialized MultithreadedTaskDispatcher with 12 workers.
 -> (artifact id: '687697165d33ba88423ff56ef6b2a89b') in 0.043122 seconds
Number of updated asset objects reloaded before import = 0
Number of asset objects unloaded after import = 12
========================================================================
Received Import Request.
  Time since last request: 0.535007 seconds.
  path: Assets/Synty/PolygonSciFiSpace/Prefabs/Props/SM_Prop_Detail_Lights_02.prefab
  artifactKey: Guid(3f1dd192fa41f304098f2361bf8daea8) Importer(815301076,1909f56bfc062723c751e8b465ee728b)
Start importing Assets/Synty/PolygonSciFiSpace/Prefabs/Props/SM_Prop_Detail_Lights_02.prefab using Guid(3f1dd192fa41f304098f2361bf8daea8) Importer(815301076,1909f56bfc062723c751e8b465ee728b) [PhysX] Initialized MultithreadedTaskDispatcher with 12 workers.
[PhysX] Initialized MultithreadedTaskDispatcher with 12 workers.
 -> (artifact id: '815a9f400471d79aaa42d27e748ef54e') in 0.090222 seconds
Number of updated asset objects reloaded before import = 0
Number of asset objects unloaded after import = 12
========================================================================
Received Import Request.
  Time since last request: 0.016284 seconds.
  path: Assets/Synty/PolygonSciFiSpace/Prefabs/Props/SM_Prop_Detail_Machine_01.prefab
  artifactKey: Guid(fd9d4559e348d1848afae02ff2af4428) Importer(815301076,1909f56bfc062723c751e8b465ee728b)
Start importing Assets/Synty/PolygonSciFiSpace/Prefabs/Props/SM_Prop_Detail_Machine_01.prefab using Guid(fd9d4559e348d1848afae02ff2af4428) Importer(815301076,1909f56bfc062723c751e8b465ee728b) [PhysX] Initialized MultithreadedTaskDispatcher with 12 workers.
[PhysX] Initialized MultithreadedTaskDispatcher with 12 workers.
 -> (artifact id: '866c4a378411af70fdc9c2f206cdaa86') in 0.063573 seconds
Number of updated asset objects reloaded before import = 0
Number of asset objects unloaded after import = 12
========================================================================
Received Import Request.
  Time since last request: 0.000021 seconds.
  path: Assets/Synty/PolygonSciFiSpace/Prefabs/Props/SM_Prop_Detail_Pipe_02.prefab
  artifactKey: Guid(2000930465090c0429093c4a8d87c39a) Importer(815301076,1909f56bfc062723c751e8b465ee728b)
Start importing Assets/Synty/PolygonSciFiSpace/Prefabs/Props/SM_Prop_Detail_Pipe_02.prefab using Guid(2000930465090c0429093c4a8d87c39a) Importer(815301076,1909f56bfc062723c751e8b465ee728b) [PhysX] Initialized MultithreadedTaskDispatcher with 12 workers.
[PhysX] Initialized MultithreadedTaskDispatcher with 12 workers.
 -> (artifact id: 'a5676eebf7c955b0da71ac7742946152') in 0.057280 seconds
Number of updated asset objects reloaded before import = 0
Number of asset objects unloaded after import = 12
========================================================================
Received Import Request.
  Time since last request: 0.000440 seconds.
  path: Assets/Synty/PolygonSciFiSpace/Prefabs/Props/SM_Prop_Detail_Pipe_Pillar_01.prefab
  artifactKey: Guid(ce9b978936ceef746818d82687f446f0) Importer(815301076,1909f56bfc062723c751e8b465ee728b)
Start importing Assets/Synty/PolygonSciFiSpace/Prefabs/Props/SM_Prop_Detail_Pipe_Pillar_01.prefab using Guid(ce9b978936ceef746818d82687f446f0) Importer(815301076,1909f56bfc062723c751e8b465ee728b) [PhysX] Initialized MultithreadedTaskDispatcher with 12 workers.
[PhysX] Initialized MultithreadedTaskDispatcher with 12 workers.
 -> (artifact id: '000b57468a0174e3234fab0011fdaec1') in 0.074475 seconds
Number of updated asset objects reloaded before import = 0
Number of asset objects unloaded after import = 12
========================================================================
Received Import Request.
  Time since last request: 0.000027 seconds.
  path: Assets/Synty/PolygonSciFiSpace/Prefabs/Props/SM_Prop_Detail_Pipe_01.prefab
  artifactKey: Guid(e16d65af3e0a8c4429f0bfd06d155ab9) Importer(815301076,1909f56bfc062723c751e8b465ee728b)
Start importing Assets/Synty/PolygonSciFiSpace/Prefabs/Props/SM_Prop_Detail_Pipe_01.prefab using Guid(e16d65af3e0a8c4429f0bfd06d155ab9) Importer(815301076,1909f56bfc062723c751e8b465ee728b) [PhysX] Initialized MultithreadedTaskDispatcher with 12 workers.
[PhysX] Initialized MultithreadedTaskDispatcher with 12 workers.
 -> (artifact id: '347a17e9e6d397397599830397ea8a20') in 0.069257 seconds
Number of updated asset objects reloaded before import = 0
Number of asset objects unloaded after import = 12
========================================================================
Received Import Request.
  Time since last request: 0.000031 seconds.
  path: Assets/Synty/PolygonSciFiSpace/Prefabs/Props/SM_Prop_Detail_Panel_Fixed_01.prefab
  artifactKey: Guid(baa7f7b1e2e5e4b48b9e969f76811bb7) Importer(815301076,1909f56bfc062723c751e8b465ee728b)
Start importing Assets/Synty/PolygonSciFiSpace/Prefabs/Props/SM_Prop_Detail_Panel_Fixed_01.prefab using Guid(baa7f7b1e2e5e4b48b9e969f76811bb7) Importer(815301076,1909f56bfc062723c751e8b465ee728b) [PhysX] Initialized MultithreadedTaskDispatcher with 12 workers.
[PhysX] Initialized MultithreadedTaskDispatcher with 12 workers.
 -> (artifact id: '5d2bf88aabd6c9c253f6abfa0314f2e0') in 0.046697 seconds
Number of updated asset objects reloaded before import = 0
Number of asset objects unloaded after import = 12
========================================================================
Received Import Request.
  Time since last request: 0.875938 seconds.
  path: Assets/Synty/PolygonSciFiSpace/Prefabs/Props/SM_Prop_Detail_Pipes_01.prefab
  artifactKey: Guid(4319ec848f1f4974abe19d02e2943ecd) Importer(815301076,1909f56bfc062723c751e8b465ee728b)
Start importing Assets/Synty/PolygonSciFiSpace/Prefabs/Props/SM_Prop_Detail_Pipes_01.prefab using Guid(4319ec848f1f4974abe19d02e2943ecd) Importer(815301076,1909f56bfc062723c751e8b465ee728b) [PhysX] Initialized MultithreadedTaskDispatcher with 12 workers.
[PhysX] Initialized MultithreadedTaskDispatcher with 12 workers.
 -> (artifact id: 'bab8b24da2fb2c9f8e9c491b7b6822a0') in 0.077927 seconds
Number of updated asset objects reloaded before import = 0
Number of asset objects unloaded after import = 12
========================================================================
Received Import Request.
  Time since last request: 0.000016 seconds.
  path: Assets/Synty/PolygonSciFiSpace/Prefabs/Props/SM_Prop_Detail_Pipes_02.prefab
  artifactKey: Guid(0b03c1f3d292df04297c1f7bf41eb91c) Importer(815301076,1909f56bfc062723c751e8b465ee728b)
Start importing Assets/Synty/PolygonSciFiSpace/Prefabs/Props/SM_Prop_Detail_Pipes_02.prefab using Guid(0b03c1f3d292df04297c1f7bf41eb91c) Importer(815301076,1909f56bfc062723c751e8b465ee728b) [PhysX] Initialized MultithreadedTaskDispatcher with 12 workers.
[PhysX] Initialized MultithreadedTaskDispatcher with 12 workers.
 -> (artifact id: '4be46d82f947dff4582b68560198ebd9') in 0.059137 seconds
Number of updated asset objects reloaded before import = 0
Number of asset objects unloaded after import = 12
========================================================================
Received Import Request.
  Time since last request: 1.512440 seconds.
  path: Assets/Synty/PolygonSciFiSpace/Prefabs/Props/SM_Prop_Detail_Struts_02.prefab
  artifactKey: Guid(9e4605946538e8340a4bba38917faa3c) Importer(815301076,1909f56bfc062723c751e8b465ee728b)
Start importing Assets/Synty/PolygonSciFiSpace/Prefabs/Props/SM_Prop_Detail_Struts_02.prefab using Guid(9e4605946538e8340a4bba38917faa3c) Importer(815301076,1909f56bfc062723c751e8b465ee728b) [PhysX] Initialized MultithreadedTaskDispatcher with 12 workers.
[PhysX] Initialized MultithreadedTaskDispatcher with 12 workers.
 -> (artifact id: '91d9b3da5fb400418f42e807bbff5687') in 0.109872 seconds
Number of updated asset objects reloaded before import = 0
Number of asset objects unloaded after import = 12
========================================================================
Received Import Request.
  Time since last request: 0.193238 seconds.
  path: Assets/Synty/PolygonSciFiSpace/Prefabs/Props/SM_Prop_Detail_Tank_01.prefab
  artifactKey: Guid(f9dbf295e577a354fb25bee156bf968c) Importer(815301076,1909f56bfc062723c751e8b465ee728b)
Start importing Assets/Synty/PolygonSciFiSpace/Prefabs/Props/SM_Prop_Detail_Tank_01.prefab using Guid(f9dbf295e577a354fb25bee156bf968c) Importer(815301076,1909f56bfc062723c751e8b465ee728b) [PhysX] Initialized MultithreadedTaskDispatcher with 12 workers.
[PhysX] Initialized MultithreadedTaskDispatcher with 12 workers.
 -> (artifact id: 'b8c05eeb21b58ec86600747e66d09d9f') in 0.118501 seconds
Number of updated asset objects reloaded before import = 0
Number of asset objects unloaded after import = 12
========================================================================
Received Import Request.
  Time since last request: 0.796184 seconds.
  path: Assets/Synty/PolygonSciFiSpace/Prefabs/Props/SM_Prop_Detail_Wire_01.prefab
  artifactKey: Guid(bca820c00063bd644a6fe530da41459a) Importer(815301076,1909f56bfc062723c751e8b465ee728b)
Start importing Assets/Synty/PolygonSciFiSpace/Prefabs/Props/SM_Prop_Detail_Wire_01.prefab using Guid(bca820c00063bd644a6fe530da41459a) Importer(815301076,1909f56bfc062723c751e8b465ee728b) [PhysX] Initialized MultithreadedTaskDispatcher with 12 workers.
[PhysX] Initialized MultithreadedTaskDispatcher with 12 workers.
 -> (artifact id: '09a65f40f36319aa38618c986ce47e69') in 0.119897 seconds
Number of updated asset objects reloaded before import = 0
Number of asset objects unloaded after import = 12
========================================================================
Received Import Request.
  Time since last request: 11.449663 seconds.
  path: Assets/Synty/PolygonSciFiSpace/Prefabs/Props/SM_Prop_Detail_Wire_04.prefab
  artifactKey: Guid(b17eb2b5b99dc52459f61e2ec97139a2) Importer(815301076,1909f56bfc062723c751e8b465ee728b)
Start importing Assets/Synty/PolygonSciFiSpace/Prefabs/Props/SM_Prop_Detail_Wire_04.prefab using Guid(b17eb2b5b99dc52459f61e2ec97139a2) Importer(815301076,1909f56bfc062723c751e8b465ee728b) [PhysX] Initialized MultithreadedTaskDispatcher with 12 workers.
[PhysX] Initialized MultithreadedTaskDispatcher with 12 workers.
 -> (artifact id: '95c7908333205568c760e1580ae58a1a') in 0.148745 seconds
Number of updated asset objects reloaded before import = 0
Number of asset objects unloaded after import = 12
========================================================================
Received Import Request.
  Time since last request: 0.000023 seconds.
  path: Assets/Synty/PolygonSciFiSpace/Prefabs/Props/SM_Prop_EnergyPort_01.prefab
  artifactKey: Guid(8b71e1b6bcf0cf2468170462ea8b37b2) Importer(815301076,1909f56bfc062723c751e8b465ee728b)
Start importing Assets/Synty/PolygonSciFiSpace/Prefabs/Props/SM_Prop_EnergyPort_01.prefab using Guid(8b71e1b6bcf0cf2468170462ea8b37b2) Importer(815301076,1909f56bfc062723c751e8b465ee728b) [PhysX] Initialized MultithreadedTaskDispatcher with 12 workers.
[PhysX] Initialized MultithreadedTaskDispatcher with 12 workers.
 -> (artifact id: 'baed5a8bc9bb2d9ab7ba20c4c999f856') in 0.101653 seconds
Number of updated asset objects reloaded before import = 0
Number of asset objects unloaded after import = 12
========================================================================
Received Import Request.
  Time since last request: 0.754492 seconds.
  path: Assets/Synty/PolygonSciFiSpace/Prefabs/Props/SM_Prop_EscapePod_Hatch_Small_01.prefab
  artifactKey: Guid(f9d0eb7165f209846a4d27fea4c99be6) Importer(815301076,1909f56bfc062723c751e8b465ee728b)
Start importing Assets/Synty/PolygonSciFiSpace/Prefabs/Props/SM_Prop_EscapePod_Hatch_Small_01.prefab using Guid(f9d0eb7165f209846a4d27fea4c99be6) Importer(815301076,1909f56bfc062723c751e8b465ee728b) [PhysX] Initialized MultithreadedTaskDispatcher with 12 workers.
[PhysX] Initialized MultithreadedTaskDispatcher with 12 workers.
 -> (artifact id: 'b4ba3baf51d1aefa35b971ec91490cd8') in 0.095133 seconds
Number of updated asset objects reloaded before import = 0
Number of asset objects unloaded after import = 12
========================================================================
Received Import Request.
  Time since last request: 0.019381 seconds.
  path: Assets/Synty/PolygonSciFiSpace/Prefabs/Props/SM_Prop_FoodPacket_03.prefab
  artifactKey: Guid(9f580672c98045b4ba5ccafca213d402) Importer(815301076,1909f56bfc062723c751e8b465ee728b)
Start importing Assets/Synty/PolygonSciFiSpace/Prefabs/Props/SM_Prop_FoodPacket_03.prefab using Guid(9f580672c98045b4ba5ccafca213d402) Importer(815301076,1909f56bfc062723c751e8b465ee728b) [PhysX] Initialized MultithreadedTaskDispatcher with 12 workers.
[PhysX] Initialized MultithreadedTaskDispatcher with 12 workers.
 -> (artifact id: '89fcf86f560a007bcd4f4305f4f45e58') in 0.089609 seconds
Number of updated asset objects reloaded before import = 0
Number of asset objects unloaded after import = 12
========================================================================
Received Import Request.
  Time since last request: 0.843023 seconds.
  path: Assets/Synty/PolygonSciFiSpace/Prefabs/Props/SM_Prop_FoodTray_02.prefab
  artifactKey: Guid(f6a0690a1a2cf5c4991db22c1eb6a071) Importer(815301076,1909f56bfc062723c751e8b465ee728b)
Start importing Assets/Synty/PolygonSciFiSpace/Prefabs/Props/SM_Prop_FoodTray_02.prefab using Guid(f6a0690a1a2cf5c4991db22c1eb6a071) Importer(815301076,1909f56bfc062723c751e8b465ee728b) [PhysX] Initialized MultithreadedTaskDispatcher with 12 workers.
[PhysX] Initialized MultithreadedTaskDispatcher with 12 workers.
 -> (artifact id: '12a9f21b8d94f652dc24ee1018221dc7') in 0.130574 seconds
Number of updated asset objects reloaded before import = 0
Number of asset objects unloaded after import = 12
========================================================================
Received Import Request.
  Time since last request: 1.253830 seconds.
  path: Assets/Synty/PolygonSciFiSpace/Prefabs/Props/SM_Prop_Greeble_Cube_02.prefab
  artifactKey: Guid(53fb1d77f34c4a649beb2615688f5747) Importer(815301076,1909f56bfc062723c751e8b465ee728b)
Start importing Assets/Synty/PolygonSciFiSpace/Prefabs/Props/SM_Prop_Greeble_Cube_02.prefab using Guid(53fb1d77f34c4a649beb2615688f5747) Importer(815301076,1909f56bfc062723c751e8b465ee728b) [PhysX] Initialized MultithreadedTaskDispatcher with 12 workers.
[PhysX] Initialized MultithreadedTaskDispatcher with 12 workers.
 -> (artifact id: '1b613dc09d4d976ce53ad24fa19b4841') in 0.096908 seconds
Number of updated asset objects reloaded before import = 0
Number of asset objects unloaded after import = 12
========================================================================
Received Import Request.
  Time since last request: 0.000024 seconds.
  path: Assets/Synty/PolygonSciFiSpace/Prefabs/Props/SM_Prop_Greeble_Panel_02.prefab
  artifactKey: Guid(978e2ff4a63aae4439b5e73ffcb833b7) Importer(815301076,1909f56bfc062723c751e8b465ee728b)
Start importing Assets/Synty/PolygonSciFiSpace/Prefabs/Props/SM_Prop_Greeble_Panel_02.prefab using Guid(978e2ff4a63aae4439b5e73ffcb833b7) Importer(815301076,1909f56bfc062723c751e8b465ee728b) [PhysX] Initialized MultithreadedTaskDispatcher with 12 workers.
[PhysX] Initialized MultithreadedTaskDispatcher with 12 workers.
 -> (artifact id: '44af823576588f0444144420d9e60ecb') in 0.085025 seconds
Number of updated asset objects reloaded before import = 0
Number of asset objects unloaded after import = 12
========================================================================
Received Import Request.
  Time since last request: 0.245419 seconds.
  path: Assets/Synty/PolygonSciFiSpace/Prefabs/Props/SM_Prop_Greeble_Panel_06.prefab
  artifactKey: Guid(7fd9432d2549ee24088cd3239b43f5f6) Importer(815301076,1909f56bfc062723c751e8b465ee728b)
Start importing Assets/Synty/PolygonSciFiSpace/Prefabs/Props/SM_Prop_Greeble_Panel_06.prefab using Guid(7fd9432d2549ee24088cd3239b43f5f6) Importer(815301076,1909f56bfc062723c751e8b465ee728b) [PhysX] Initialized MultithreadedTaskDispatcher with 12 workers.
[PhysX] Initialized MultithreadedTaskDispatcher with 12 workers.
 -> (artifact id: '5a98b5d50c0e8f214cb71199a4e37b7a') in 0.100006 seconds
Number of updated asset objects reloaded before import = 0
Number of asset objects unloaded after import = 12
========================================================================
Received Import Request.
  Time since last request: 0.355381 seconds.
  path: Assets/Synty/PolygonSciFiSpace/Prefabs/Props/SM_Prop_HandScanner_01.prefab
  artifactKey: Guid(c37ec2b7a5c4ed345b07d1a3d577e46e) Importer(815301076,1909f56bfc062723c751e8b465ee728b)
Start importing Assets/Synty/PolygonSciFiSpace/Prefabs/Props/SM_Prop_HandScanner_01.prefab using Guid(c37ec2b7a5c4ed345b07d1a3d577e46e) Importer(815301076,1909f56bfc062723c751e8b465ee728b) [PhysX] Initialized MultithreadedTaskDispatcher with 12 workers.
[PhysX] Initialized MultithreadedTaskDispatcher with 12 workers.
 -> (artifact id: '18881f0efae9f59e0b6d26591a51f4a5') in 0.084260 seconds
Number of updated asset objects reloaded before import = 0
Number of asset objects unloaded after import = 12
========================================================================
Received Import Request.
  Time since last request: 0.028503 seconds.
  path: Assets/Synty/PolygonSciFiSpace/Prefabs/Props/SM_Prop_Hose_03.prefab
  artifactKey: Guid(90365f438eb866647a261089c9c97d31) Importer(815301076,1909f56bfc062723c751e8b465ee728b)
Start importing Assets/Synty/PolygonSciFiSpace/Prefabs/Props/SM_Prop_Hose_03.prefab using Guid(90365f438eb866647a261089c9c97d31) Importer(815301076,1909f56bfc062723c751e8b465ee728b) [PhysX] Initialized MultithreadedTaskDispatcher with 12 workers.
[PhysX] Initialized MultithreadedTaskDispatcher with 12 workers.
 -> (artifact id: 'd21ae826452439bfbe0e35f1105ff28b') in 0.098106 seconds
Number of updated asset objects reloaded before import = 0
Number of asset objects unloaded after import = 12
========================================================================
Received Import Request.
  Time since last request: 0.379446 seconds.
  path: Assets/Synty/PolygonSciFiSpace/Prefabs/Props/SM_Prop_Keycard_01.prefab
  artifactKey: Guid(8f4ab6e783cf1e649a5491f9545b6d4c) Importer(815301076,1909f56bfc062723c751e8b465ee728b)
Start importing Assets/Synty/PolygonSciFiSpace/Prefabs/Props/SM_Prop_Keycard_01.prefab using Guid(8f4ab6e783cf1e649a5491f9545b6d4c) Importer(815301076,1909f56bfc062723c751e8b465ee728b) [PhysX] Initialized MultithreadedTaskDispatcher with 12 workers.
[PhysX] Initialized MultithreadedTaskDispatcher with 12 workers.
 -> (artifact id: 'aa6611e08c639caaae9e9cd996ef2ecb') in 0.117185 seconds
Number of updated asset objects reloaded before import = 0
Number of asset objects unloaded after import = 12
========================================================================
Received Import Request.
  Time since last request: 0.007467 seconds.
  path: Assets/Synty/PolygonSciFiSpace/Prefabs/Props/SM_Prop_Ladder_01.prefab
  artifactKey: Guid(7767aa68d18527d45bd673b8322997dd) Importer(815301076,1909f56bfc062723c751e8b465ee728b)
Start importing Assets/Synty/PolygonSciFiSpace/Prefabs/Props/SM_Prop_Ladder_01.prefab using Guid(7767aa68d18527d45bd673b8322997dd) Importer(815301076,1909f56bfc062723c751e8b465ee728b) [PhysX] Initialized MultithreadedTaskDispatcher with 12 workers.
[PhysX] Initialized MultithreadedTaskDispatcher with 12 workers.
 -> (artifact id: '41097dcdf0feee77acbd2f5a0dbc42f2') in 0.077808 seconds
Number of updated asset objects reloaded before import = 0
Number of asset objects unloaded after import = 12
========================================================================
Received Import Request.
  Time since last request: 0.215737 seconds.
  path: Assets/Synty/PolygonSciFiSpace/Prefabs/Props/SM_Prop_Light_Panel_02.prefab
  artifactKey: Guid(aa84264b1d2907846b86b1573a4faf8a) Importer(815301076,1909f56bfc062723c751e8b465ee728b)
Start importing Assets/Synty/PolygonSciFiSpace/Prefabs/Props/SM_Prop_Light_Panel_02.prefab using Guid(aa84264b1d2907846b86b1573a4faf8a) Importer(815301076,1909f56bfc062723c751e8b465ee728b) [PhysX] Initialized MultithreadedTaskDispatcher with 12 workers.
[PhysX] Initialized MultithreadedTaskDispatcher with 12 workers.
 -> (artifact id: '68fdcd389d8af248d99097d21214cbeb') in 0.126378 seconds
Number of updated asset objects reloaded before import = 0
Number of asset objects unloaded after import = 12
========================================================================
Received Import Request.
  Time since last request: 1.762129 seconds.
  path: Assets/Synty/PolygonSciFiSpace/Prefabs/Props/SM_Prop_Light_Panel_05.prefab
  artifactKey: Guid(a76acd5d439978640983401396a545e4) Importer(815301076,1909f56bfc062723c751e8b465ee728b)
Start importing Assets/Synty/PolygonSciFiSpace/Prefabs/Props/SM_Prop_Light_Panel_05.prefab using Guid(a76acd5d439978640983401396a545e4) Importer(815301076,1909f56bfc062723c751e8b465ee728b) [PhysX] Initialized MultithreadedTaskDispatcher with 12 workers.
[PhysX] Initialized MultithreadedTaskDispatcher with 12 workers.
 -> (artifact id: '205f6a0cd6c6652db0723039a3bcc5a9') in 0.130312 seconds
Number of updated asset objects reloaded before import = 0
Number of asset objects unloaded after import = 12
========================================================================
Received Import Request.
  Time since last request: 0.762698 seconds.
  path: Assets/Synty/PolygonSciFiSpace/Prefabs/Props/SM_Prop_Light_Small_03.prefab
  artifactKey: Guid(3fbfe9b012fb9164eb00169f247fddb7) Importer(815301076,1909f56bfc062723c751e8b465ee728b)
Start importing Assets/Synty/PolygonSciFiSpace/Prefabs/Props/SM_Prop_Light_Small_03.prefab using Guid(3fbfe9b012fb9164eb00169f247fddb7) Importer(815301076,1909f56bfc062723c751e8b465ee728b) [PhysX] Initialized MultithreadedTaskDispatcher with 12 workers.
[PhysX] Initialized MultithreadedTaskDispatcher with 12 workers.
 -> (artifact id: '7874ac3f070341cfd91a3ef7f37b9869') in 0.121892 seconds
Number of updated asset objects reloaded before import = 0
Number of asset objects unloaded after import = 12
========================================================================
Received Import Request.
  Time since last request: 0.291276 seconds.
  path: Assets/Synty/PolygonSciFiSpace/Prefabs/Props/SM_Prop_Light_Small_06.prefab
  artifactKey: Guid(0cfd76e2287f15746b69cbbe7ee7bf35) Importer(815301076,1909f56bfc062723c751e8b465ee728b)
Start importing Assets/Synty/PolygonSciFiSpace/Prefabs/Props/SM_Prop_Light_Small_06.prefab using Guid(0cfd76e2287f15746b69cbbe7ee7bf35) Importer(815301076,1909f56bfc062723c751e8b465ee728b) [PhysX] Initialized MultithreadedTaskDispatcher with 12 workers.
[PhysX] Initialized MultithreadedTaskDispatcher with 12 workers.
 -> (artifact id: 'ed43d40f43bcd350ef5ebf183244424a') in 0.125901 seconds
Number of updated asset objects reloaded before import = 0
Number of asset objects unloaded after import = 12
========================================================================
Received Import Request.
  Time since last request: 47.892495 seconds.
  path: Assets/Synty/PolygonSciFiSpace/Prefabs/Props/SM_Prop_MapTable_01.prefab
  artifactKey: Guid(c1dee4b30774e314d8395853c0c5e03f) Importer(815301076,1909f56bfc062723c751e8b465ee728b)
Start importing Assets/Synty/PolygonSciFiSpace/Prefabs/Props/SM_Prop_MapTable_01.prefab using Guid(c1dee4b30774e314d8395853c0c5e03f) Importer(815301076,1909f56bfc062723c751e8b465ee728b) [PhysX] Initialized MultithreadedTaskDispatcher with 12 workers.
[PhysX] Initialized MultithreadedTaskDispatcher with 12 workers.
 -> (artifact id: '4cc9096a6442dc76bf743a6d0703390a') in 0.091996 seconds
Number of updated asset objects reloaded before import = 0
Number of asset objects unloaded after import = 12
========================================================================
Received Import Request.
  Time since last request: 0.060442 seconds.
  path: Assets/Synty/PolygonSciFiSpace/Prefabs/Props/SM_Prop_Medical_Cart_02.prefab
  artifactKey: Guid(b0a7983acd8b48643af2f4da7777baad) Importer(815301076,1909f56bfc062723c751e8b465ee728b)
Start importing Assets/Synty/PolygonSciFiSpace/Prefabs/Props/SM_Prop_Medical_Cart_02.prefab using Guid(b0a7983acd8b48643af2f4da7777baad) Importer(815301076,1909f56bfc062723c751e8b465ee728b) [PhysX] Initialized MultithreadedTaskDispatcher with 12 workers.
[PhysX] Initialized MultithreadedTaskDispatcher with 12 workers.
 -> (artifact id: 'dc6926604bfb65aa35de4f7aa6dffd87') in 0.097416 seconds
Number of updated asset objects reloaded before import = 0
Number of asset objects unloaded after import = 12
========================================================================
Received Import Request.
  Time since last request: 0.151375 seconds.
  path: Assets/Synty/PolygonSciFiSpace/Prefabs/Props/SM_Prop_Medical_Machine_01.prefab
  artifactKey: Guid(f456640c2423251498bd933b2f430969) Importer(815301076,1909f56bfc062723c751e8b465ee728b)
Start importing Assets/Synty/PolygonSciFiSpace/Prefabs/Props/SM_Prop_Medical_Machine_01.prefab using Guid(f456640c2423251498bd933b2f430969) Importer(815301076,1909f56bfc062723c751e8b465ee728b) [PhysX] Initialized MultithreadedTaskDispatcher with 12 workers.
[PhysX] Initialized MultithreadedTaskDispatcher with 12 workers.
 -> (artifact id: '3b36b9485e343d534e348c57bb011961') in 0.087382 seconds
Number of updated asset objects reloaded before import = 0
Number of asset objects unloaded after import = 12
========================================================================
Received Import Request.
  Time since last request: 0.640670 seconds.
  path: Assets/Synty/PolygonSciFiSpace/Prefabs/Props/SM_Prop_MedicalArms_01.prefab
  artifactKey: Guid(c9dbc02ada6ff7746b5097bdc0c988cd) Importer(815301076,1909f56bfc062723c751e8b465ee728b)
Start importing Assets/Synty/PolygonSciFiSpace/Prefabs/Props/SM_Prop_MedicalArms_01.prefab using Guid(c9dbc02ada6ff7746b5097bdc0c988cd) Importer(815301076,1909f56bfc062723c751e8b465ee728b) [PhysX] Initialized MultithreadedTaskDispatcher with 12 workers.
[PhysX] Initialized MultithreadedTaskDispatcher with 12 workers.
 -> (artifact id: '9432b0056d78b804c463f498e036b5c5') in 0.094173 seconds
Number of updated asset objects reloaded before import = 0
Number of asset objects unloaded after import = 12
========================================================================
Received Import Request.
  Time since last request: 1.371260 seconds.
  path: Assets/Synty/PolygonSciFiSpace/Prefabs/Props/SM_Prop_Missile_02.prefab
  artifactKey: Guid(43ba5af90a431e440904d9f2e87e0847) Importer(815301076,1909f56bfc062723c751e8b465ee728b)
Start importing Assets/Synty/PolygonSciFiSpace/Prefabs/Props/SM_Prop_Missile_02.prefab using Guid(43ba5af90a431e440904d9f2e87e0847) Importer(815301076,1909f56bfc062723c751e8b465ee728b) [PhysX] Initialized MultithreadedTaskDispatcher with 12 workers.
[PhysX] Initialized MultithreadedTaskDispatcher with 12 workers.
 -> (artifact id: '9642511315a4c719dc5f092ed90f294c') in 0.132224 seconds
Number of updated asset objects reloaded before import = 0
Number of asset objects unloaded after import = 12
========================================================================
Received Import Request.
  Time since last request: 0.000021 seconds.
  path: Assets/Synty/PolygonSciFiSpace/Prefabs/Props/SM_Prop_Missile_05.prefab
  artifactKey: Guid(9d63053234fc75a4ebd0556278c9047d) Importer(815301076,1909f56bfc062723c751e8b465ee728b)
Start importing Assets/Synty/PolygonSciFiSpace/Prefabs/Props/SM_Prop_Missile_05.prefab using Guid(9d63053234fc75a4ebd0556278c9047d) Importer(815301076,1909f56bfc062723c751e8b465ee728b) [PhysX] Initialized MultithreadedTaskDispatcher with 12 workers.
[PhysX] Initialized MultithreadedTaskDispatcher with 12 workers.
 -> (artifact id: '06977bef5aa52cdf71770e1ef02f9bcc') in 0.111949 seconds
Number of updated asset objects reloaded before import = 0
Number of asset objects unloaded after import = 12
========================================================================
Received Import Request.
  Time since last request: 1.205116 seconds.
  path: Assets/Synty/PolygonSciFiSpace/Prefabs/Props/SM_Prop_Oxygen_Tank.prefab
  artifactKey: Guid(4afd2ac3e358bde44ba4370c411670fb) Importer(815301076,1909f56bfc062723c751e8b465ee728b)
Start importing Assets/Synty/PolygonSciFiSpace/Prefabs/Props/SM_Prop_Oxygen_Tank.prefab using Guid(4afd2ac3e358bde44ba4370c411670fb) Importer(815301076,1909f56bfc062723c751e8b465ee728b) [PhysX] Initialized MultithreadedTaskDispatcher with 12 workers.
[PhysX] Initialized MultithreadedTaskDispatcher with 12 workers.
 -> (artifact id: 'f6245bc7f09b4040f98dc89b572dadd9') in 0.069160 seconds
Number of updated asset objects reloaded before import = 0
Number of asset objects unloaded after import = 12
========================================================================
Received Import Request.
  Time since last request: 0.563668 seconds.
  path: Assets/Synty/PolygonSciFiSpace/Prefabs/Props/SM_Prop_Pad_01.prefab
  artifactKey: Guid(702ab0d33885c104cb0c12ad6e779fa2) Importer(815301076,1909f56bfc062723c751e8b465ee728b)
Start importing Assets/Synty/PolygonSciFiSpace/Prefabs/Props/SM_Prop_Pad_01.prefab using Guid(702ab0d33885c104cb0c12ad6e779fa2) Importer(815301076,1909f56bfc062723c751e8b465ee728b) [PhysX] Initialized MultithreadedTaskDispatcher with 12 workers.
[PhysX] Initialized MultithreadedTaskDispatcher with 12 workers.
 -> (artifact id: 'da9271c805ee6e9b7bdaae990ee93275') in 0.084002 seconds
Number of updated asset objects reloaded before import = 0
Number of asset objects unloaded after import = 12
========================================================================
Received Import Request.
  Time since last request: 0.535179 seconds.
  path: Assets/Synty/PolygonSciFiSpace/Prefabs/Props/SM_Prop_Plant_Container_01.prefab
  artifactKey: Guid(8fb3f27dac30daa4ebcf8f9c4a220668) Importer(815301076,1909f56bfc062723c751e8b465ee728b)
Start importing Assets/Synty/PolygonSciFiSpace/Prefabs/Props/SM_Prop_Plant_Container_01.prefab using Guid(8fb3f27dac30daa4ebcf8f9c4a220668) Importer(815301076,1909f56bfc062723c751e8b465ee728b) [PhysX] Initialized MultithreadedTaskDispatcher with 12 workers.
[PhysX] Initialized MultithreadedTaskDispatcher with 12 workers.
 -> (artifact id: 'fe68d4e3b73a3fd7224a13ccd38bacd8') in 0.117138 seconds
Number of updated asset objects reloaded before import = 0
Number of asset objects unloaded after import = 17
========================================================================
Received Import Request.
  Time since last request: 0.000024 seconds.
  path: Assets/Synty/PolygonSciFiSpace/Prefabs/Props/SM_Prop_Radar_Panel_02.prefab
  artifactKey: Guid(8864b6ce8732cf04ebf28a80a38455d4) Importer(815301076,1909f56bfc062723c751e8b465ee728b)
Start importing Assets/Synty/PolygonSciFiSpace/Prefabs/Props/SM_Prop_Radar_Panel_02.prefab using Guid(8864b6ce8732cf04ebf28a80a38455d4) Importer(815301076,1909f56bfc062723c751e8b465ee728b) [PhysX] Initialized MultithreadedTaskDispatcher with 12 workers.
[PhysX] Initialized MultithreadedTaskDispatcher with 12 workers.
 -> (artifact id: 'fecfe64ff654f98a3263530f3196e1b3') in 0.111416 seconds
Number of updated asset objects reloaded before import = 0
Number of asset objects unloaded after import = 12
========================================================================
Received Import Request.
  Time since last request: 0.000031 seconds.
  path: Assets/Synty/PolygonSciFiSpace/Prefabs/Props/SM_Prop_Radar_Panel_01.prefab
  artifactKey: Guid(37ae90971c48cad41b75d81aca97b305) Importer(815301076,1909f56bfc062723c751e8b465ee728b)
Start importing Assets/Synty/PolygonSciFiSpace/Prefabs/Props/SM_Prop_Radar_Panel_01.prefab using Guid(37ae90971c48cad41b75d81aca97b305) Importer(815301076,1909f56bfc062723c751e8b465ee728b) [PhysX] Initialized MultithreadedTaskDispatcher with 12 workers.
[PhysX] Initialized MultithreadedTaskDispatcher with 12 workers.
 -> (artifact id: '6c62673bf1a60c769bedb566aac67921') in 0.126720 seconds
Number of updated asset objects reloaded before import = 0
Number of asset objects unloaded after import = 12
========================================================================
Received Import Request.
  Time since last request: 0.000021 seconds.
  path: Assets/Synty/PolygonSciFiSpace/Prefabs/Props/SM_Prop_Satellite_Stand_01.prefab
  artifactKey: Guid(babe5156c92575346826085bf2c40b83) Importer(815301076,1909f56bfc062723c751e8b465ee728b)
Start importing Assets/Synty/PolygonSciFiSpace/Prefabs/Props/SM_Prop_Satellite_Stand_01.prefab using Guid(babe5156c92575346826085bf2c40b83) Importer(815301076,1909f56bfc062723c751e8b465ee728b) [PhysX] Initialized MultithreadedTaskDispatcher with 12 workers.
[PhysX] Initialized MultithreadedTaskDispatcher with 12 workers.
 -> (artifact id: '68a3f67b363bf55c9c6a21b65e3c902e') in 0.068327 seconds
Number of updated asset objects reloaded before import = 0
Number of asset objects unloaded after import = 32
========================================================================
Received Import Request.
  Time since last request: 0.381444 seconds.
  path: Assets/Synty/PolygonSciFiSpace/Prefabs/Props/SM_Prop_Screen_07.prefab
  artifactKey: Guid(4793a023dc636d847926ec4ccf3ca5ee) Importer(815301076,1909f56bfc062723c751e8b465ee728b)
Start importing Assets/Synty/PolygonSciFiSpace/Prefabs/Props/SM_Prop_Screen_07.prefab using Guid(4793a023dc636d847926ec4ccf3ca5ee) Importer(815301076,1909f56bfc062723c751e8b465ee728b) [PhysX] Initialized MultithreadedTaskDispatcher with 12 workers.
[PhysX] Initialized MultithreadedTaskDispatcher with 12 workers.
 -> (artifact id: 'b37defd263c641b4a3039f5abeebe92b') in 0.093610 seconds
Number of updated asset objects reloaded before import = 0
Number of asset objects unloaded after import = 12
========================================================================
Received Import Request.
  Time since last request: 0.045110 seconds.
  path: Assets/Synty/PolygonSciFiSpace/Prefabs/Props/SM_Prop_Screen_10.prefab
  artifactKey: Guid(05b63bbbf95b0b941bdfae9c5f6acf04) Importer(815301076,1909f56bfc062723c751e8b465ee728b)
Start importing Assets/Synty/PolygonSciFiSpace/Prefabs/Props/SM_Prop_Screen_10.prefab using Guid(05b63bbbf95b0b941bdfae9c5f6acf04) Importer(815301076,1909f56bfc062723c751e8b465ee728b) [PhysX] Initialized MultithreadedTaskDispatcher with 12 workers.
[PhysX] Initialized MultithreadedTaskDispatcher with 12 workers.
 -> (artifact id: '17a27776ca1617508435977945c45599') in 0.090140 seconds
Number of updated asset objects reloaded before import = 0
Number of asset objects unloaded after import = 12
========================================================================
Received Import Request.
  Time since last request: 1.100639 seconds.
  path: Assets/Synty/PolygonSciFiSpace/Prefabs/Props/SM_Prop_Screen_Small_02.prefab
  artifactKey: Guid(3ffba0a652fdfa84eab3e616969bb3f6) Importer(815301076,1909f56bfc062723c751e8b465ee728b)
Start importing Assets/Synty/PolygonSciFiSpace/Prefabs/Props/SM_Prop_Screen_Small_02.prefab using Guid(3ffba0a652fdfa84eab3e616969bb3f6) Importer(815301076,1909f56bfc062723c751e8b465ee728b) [PhysX] Initialized MultithreadedTaskDispatcher with 12 workers.
[PhysX] Initialized MultithreadedTaskDispatcher with 12 workers.
 -> (artifact id: '0f9590c1e03f0dba6ebdd495c2c7fa2e') in 0.093846 seconds
Number of updated asset objects reloaded before import = 0
Number of asset objects unloaded after import = 12
========================================================================
Received Import Request.
  Time since last request: 0.126156 seconds.
  path: Assets/Synty/PolygonSciFiSpace/Prefabs/Props/SM_Prop_SpaceWalk_End_01.prefab
  artifactKey: Guid(adaeee97139a7b943bb479a1e0fb41db) Importer(815301076,1909f56bfc062723c751e8b465ee728b)
Start importing Assets/Synty/PolygonSciFiSpace/Prefabs/Props/SM_Prop_SpaceWalk_End_01.prefab using Guid(adaeee97139a7b943bb479a1e0fb41db) Importer(815301076,1909f56bfc062723c751e8b465ee728b) [PhysX] Initialized MultithreadedTaskDispatcher with 12 workers.
[PhysX] Initialized MultithreadedTaskDispatcher with 12 workers.
 -> (artifact id: '8cbe466c00904c0e60c3f9189aff672f') in 0.071189 seconds
Number of updated asset objects reloaded before import = 0
Number of asset objects unloaded after import = 12
========================================================================
Received Import Request.
  Time since last request: 0.000752 seconds.
  path: Assets/Synty/PolygonSciFiSpace/Prefabs/Props/SM_Prop_SpaceWalk_Tube_01.prefab
  artifactKey: Guid(8b8e6cb90113f7d4cafe1e0986ec84f4) Importer(815301076,1909f56bfc062723c751e8b465ee728b)
Start importing Assets/Synty/PolygonSciFiSpace/Prefabs/Props/SM_Prop_SpaceWalk_Tube_01.prefab using Guid(8b8e6cb90113f7d4cafe1e0986ec84f4) Importer(815301076,1909f56bfc062723c751e8b465ee728b) [PhysX] Initialized MultithreadedTaskDispatcher with 12 workers.
[PhysX] Initialized MultithreadedTaskDispatcher with 12 workers.
 -> (artifact id: 'db0b6f1639030d0bb29b6cc8af33e5f8') in 0.082168 seconds
Number of updated asset objects reloaded before import = 0
Number of asset objects unloaded after import = 12
========================================================================
Received Import Request.
  Time since last request: 0.492727 seconds.
  path: Assets/Synty/PolygonSciFiSpace/Prefabs/Props/SM_Prop_Stairs_04.prefab
  artifactKey: Guid(24f44b5327ac99d40b65a10a4fb87455) Importer(815301076,1909f56bfc062723c751e8b465ee728b)
Start importing Assets/Synty/PolygonSciFiSpace/Prefabs/Props/SM_Prop_Stairs_04.prefab using Guid(24f44b5327ac99d40b65a10a4fb87455) Importer(815301076,1909f56bfc062723c751e8b465ee728b) [PhysX] Initialized MultithreadedTaskDispatcher with 12 workers.
[PhysX] Initialized MultithreadedTaskDispatcher with 12 workers.
 -> (artifact id: 'b163164c408bcad8f99b9bd8cb236773') in 0.123507 seconds
Number of updated asset objects reloaded before import = 0
Number of asset objects unloaded after import = 12
========================================================================
Received Import Request.
  Time since last request: 0.000027 seconds.
  path: Assets/Synty/PolygonSciFiSpace/Prefabs/Props/SM_Prop_Stool_01.prefab
  artifactKey: Guid(9185866dc0127144abec19b225bf37c0) Importer(815301076,1909f56bfc062723c751e8b465ee728b)
Start importing Assets/Synty/PolygonSciFiSpace/Prefabs/Props/SM_Prop_Stool_01.prefab using Guid(9185866dc0127144abec19b225bf37c0) Importer(815301076,1909f56bfc062723c751e8b465ee728b) [PhysX] Initialized MultithreadedTaskDispatcher with 12 workers.
[PhysX] Initialized MultithreadedTaskDispatcher with 12 workers.
 -> (artifact id: '8553bb2ce76330f6b630a8e5712ad4f1') in 0.080447 seconds
Number of updated asset objects reloaded before import = 0
Number of asset objects unloaded after import = 12
========================================================================
Received Import Request.
  Time since last request: 0.003688 seconds.
  path: Assets/Synty/PolygonSciFiSpace/Prefabs/Props/SM_Prop_Stool_02.prefab
  artifactKey: Guid(553a5c3889b3ac94685552c962d2d57b) Importer(815301076,1909f56bfc062723c751e8b465ee728b)
Start importing Assets/Synty/PolygonSciFiSpace/Prefabs/Props/SM_Prop_Stool_02.prefab using Guid(553a5c3889b3ac94685552c962d2d57b) Importer(815301076,1909f56bfc062723c751e8b465ee728b) [PhysX] Initialized MultithreadedTaskDispatcher with 12 workers.
[PhysX] Initialized MultithreadedTaskDispatcher with 12 workers.
 -> (artifact id: '6f0eadad8f64224c2dd3022f440c4d51') in 0.082603 seconds
Number of updated asset objects reloaded before import = 0
Number of asset objects unloaded after import = 12
========================================================================
Received Import Request.
  Time since last request: 0.000021 seconds.
  path: Assets/Synty/PolygonSciFiSpace/Prefabs/Props/SM_Prop_Test_Tube_01.prefab
  artifactKey: Guid(d89f3bed38f0fcc409c3d32eedc6f5a5) Importer(815301076,1909f56bfc062723c751e8b465ee728b)
Start importing Assets/Synty/PolygonSciFiSpace/Prefabs/Props/SM_Prop_Test_Tube_01.prefab using Guid(d89f3bed38f0fcc409c3d32eedc6f5a5) Importer(815301076,1909f56bfc062723c751e8b465ee728b) [PhysX] Initialized MultithreadedTaskDispatcher with 12 workers.
[PhysX] Initialized MultithreadedTaskDispatcher with 12 workers.
 -> (artifact id: '5fc494cc4d84d2a2fce5a1f87aabb001') in 0.099818 seconds
Number of updated asset objects reloaded before import = 0
Number of asset objects unloaded after import = 18
========================================================================
Received Import Request.
  Time since last request: 0.767211 seconds.
  path: Assets/Synty/PolygonSciFiSpace/Prefabs/Props/SM_Prop_Turret_Base_Double_02.prefab
  artifactKey: Guid(df19e001bcac16546bf83c5048228057) Importer(815301076,1909f56bfc062723c751e8b465ee728b)
Start importing Assets/Synty/PolygonSciFiSpace/Prefabs/Props/SM_Prop_Turret_Base_Double_02.prefab using Guid(df19e001bcac16546bf83c5048228057) Importer(815301076,1909f56bfc062723c751e8b465ee728b) [PhysX] Initialized MultithreadedTaskDispatcher with 12 workers.
[PhysX] Initialized MultithreadedTaskDispatcher with 12 workers.
 -> (artifact id: 'e0a84ce61e2ce8a8e83b46ea0916b36c') in 0.086678 seconds
Number of updated asset objects reloaded before import = 0
Number of asset objects unloaded after import = 29
========================================================================
Received Import Request.
  Time since last request: 0.872512 seconds.
  path: Assets/Synty/PolygonSciFiSpace/Prefabs/Props/SM_Prop_Turret_Base_Double_05.prefab
  artifactKey: Guid(ddccf208d76301d4099d331c40651089) Importer(815301076,1909f56bfc062723c751e8b465ee728b)
Start importing Assets/Synty/PolygonSciFiSpace/Prefabs/Props/SM_Prop_Turret_Base_Double_05.prefab using Guid(ddccf208d76301d4099d331c40651089) Importer(815301076,1909f56bfc062723c751e8b465ee728b) [PhysX] Initialized MultithreadedTaskDispatcher with 12 workers.
[PhysX] Initialized MultithreadedTaskDispatcher with 12 workers.
 -> (artifact id: '5c6e468ea18a3b9ce7ce5be2735de585') in 0.098952 seconds
Number of updated asset objects reloaded before import = 0
Number of asset objects unloaded after import = 26
========================================================================
Received Import Request.
  Time since last request: 0.023012 seconds.
  path: Assets/Synty/PolygonSciFiSpace/Prefabs/Props/SM_Prop_Turret_Base_Double_08.prefab
  artifactKey: Guid(fb8e8d3d58fff7d4a8d55539bcd59c94) Importer(815301076,1909f56bfc062723c751e8b465ee728b)
Start importing Assets/Synty/PolygonSciFiSpace/Prefabs/Props/SM_Prop_Turret_Base_Double_08.prefab using Guid(fb8e8d3d58fff7d4a8d55539bcd59c94) Importer(815301076,1909f56bfc062723c751e8b465ee728b) [PhysX] Initialized MultithreadedTaskDispatcher with 12 workers.
[PhysX] Initialized MultithreadedTaskDispatcher with 12 workers.
 -> (artifact id: '323ba505f1cd49966245cd037d8949e3') in 0.092345 seconds
Number of updated asset objects reloaded before import = 0
Number of asset objects unloaded after import = 24
========================================================================
Received Import Request.
  Time since last request: 0.710626 seconds.
  path: Assets/Synty/PolygonSciFiSpace/Prefabs/Props/SM_Prop_Turret_Base_Single_01.prefab
  artifactKey: Guid(d61d59b102c18fa4482acbb105b6a94b) Importer(815301076,1909f56bfc062723c751e8b465ee728b)
Start importing Assets/Synty/PolygonSciFiSpace/Prefabs/Props/SM_Prop_Turret_Base_Single_01.prefab using Guid(d61d59b102c18fa4482acbb105b6a94b) Importer(815301076,1909f56bfc062723c751e8b465ee728b) [PhysX] Initialized MultithreadedTaskDispatcher with 12 workers.
[PhysX] Initialized MultithreadedTaskDispatcher with 12 workers.
 -> (artifact id: '9bc7314f4314714b228079cb0024d068') in 0.141563 seconds
Number of updated asset objects reloaded before import = 0
Number of asset objects unloaded after import = 26
========================================================================
Received Import Request.
  Time since last request: 0.508072 seconds.
  path: Assets/Synty/PolygonSciFiSpace/Prefabs/Props/SM_Prop_Turret_Base_Single_04.prefab
  artifactKey: Guid(ba9d1375e004e824ba0ff6ece8e863d7) Importer(815301076,1909f56bfc062723c751e8b465ee728b)
Start importing Assets/Synty/PolygonSciFiSpace/Prefabs/Props/SM_Prop_Turret_Base_Single_04.prefab using Guid(ba9d1375e004e824ba0ff6ece8e863d7) Importer(815301076,1909f56bfc062723c751e8b465ee728b) [PhysX] Initialized MultithreadedTaskDispatcher with 12 workers.
[PhysX] Initialized MultithreadedTaskDispatcher with 12 workers.
 -> (artifact id: 'd8de7a905ed746a5ccbec0f1cad918e9') in 0.110390 seconds
Number of updated asset objects reloaded before import = 0
Number of asset objects unloaded after import = 26
========================================================================
Received Import Request.
  Time since last request: 0.006755 seconds.
  path: Assets/Synty/PolygonSciFiSpace/Prefabs/Props/SM_Prop_Turret_Base_Single_07.prefab
  artifactKey: Guid(c56e1ea930d4baa448ee4cebf772899f) Importer(815301076,1909f56bfc062723c751e8b465ee728b)
Start importing Assets/Synty/PolygonSciFiSpace/Prefabs/Props/SM_Prop_Turret_Base_Single_07.prefab using Guid(c56e1ea930d4baa448ee4cebf772899f) Importer(815301076,1909f56bfc062723c751e8b465ee728b) [PhysX] Initialized MultithreadedTaskDispatcher with 12 workers.
[PhysX] Initialized MultithreadedTaskDispatcher with 12 workers.
 -> (artifact id: 'dc13c85b10070673d2a93751435b89e4') in 0.093985 seconds
Number of updated asset objects reloaded before import = 0
Number of asset objects unloaded after import = 24
========================================================================
Received Import Request.
  Time since last request: 1.345400 seconds.
  path: Assets/Synty/PolygonSciFiSpace/Prefabs/Props/SM_Prop_Turret_Base_Single_010.prefab
  artifactKey: Guid(535e935da08dc87499ca1cd6a751877c) Importer(815301076,1909f56bfc062723c751e8b465ee728b)
Start importing Assets/Synty/PolygonSciFiSpace/Prefabs/Props/SM_Prop_Turret_Base_Single_010.prefab using Guid(535e935da08dc87499ca1cd6a751877c) Importer(815301076,1909f56bfc062723c751e8b465ee728b) [PhysX] Initialized MultithreadedTaskDispatcher with 12 workers.
[PhysX] Initialized MultithreadedTaskDispatcher with 12 workers.
 -> (artifact id: 'b503530c6af99dec31d689206b99f58b') in 0.091899 seconds
Number of updated asset objects reloaded before import = 0
Number of asset objects unloaded after import = 19
========================================================================
Received Import Request.
  Time since last request: 0.000020 seconds.
  path: Assets/Synty/PolygonSciFiSpace/Prefabs/Props/SM_Prop_Turret_Large_02.prefab
  artifactKey: Guid(df1b9670fccdbb542a725033c82d2f49) Importer(815301076,1909f56bfc062723c751e8b465ee728b)
Start importing Assets/Synty/PolygonSciFiSpace/Prefabs/Props/SM_Prop_Turret_Large_02.prefab using Guid(df1b9670fccdbb542a725033c82d2f49) Importer(815301076,1909f56bfc062723c751e8b465ee728b) [PhysX] Initialized MultithreadedTaskDispatcher with 12 workers.
[PhysX] Initialized MultithreadedTaskDispatcher with 12 workers.
 -> (artifact id: 'eff714ecfcd3b40e7a5e81c5567897cf') in 0.094335 seconds
Number of updated asset objects reloaded before import = 0
Number of asset objects unloaded after import = 26
========================================================================
Received Import Request.
  Time since last request: 0.000021 seconds.
  path: Assets/Synty/PolygonSciFiSpace/Prefabs/Props/SM_Prop_Wall_Panel_Small_01.prefab
  artifactKey: Guid(b0ef756a1263aaf46a0c4c1e0956521b) Importer(815301076,1909f56bfc062723c751e8b465ee728b)
Start importing Assets/Synty/PolygonSciFiSpace/Prefabs/Props/SM_Prop_Wall_Panel_Small_01.prefab using Guid(b0ef756a1263aaf46a0c4c1e0956521b) Importer(815301076,1909f56bfc062723c751e8b465ee728b) [PhysX] Initialized MultithreadedTaskDispatcher with 12 workers.
[PhysX] Initialized MultithreadedTaskDispatcher with 12 workers.
 -> (artifact id: '50bf330a16225f05900d1ae468818bc6') in 0.080867 seconds
Number of updated asset objects reloaded before import = 0
Number of asset objects unloaded after import = 12
========================================================================
Received Import Request.
  Time since last request: 0.000565 seconds.
  path: Assets/Synty/PolygonSciFiSpace/Prefabs/Props/SM_Prop_Wall_Panel_Small_02.prefab
  artifactKey: Guid(13ea1b8d52ebb9d438e6724fd10b54e9) Importer(815301076,1909f56bfc062723c751e8b465ee728b)
Start importing Assets/Synty/PolygonSciFiSpace/Prefabs/Props/SM_Prop_Wall_Panel_Small_02.prefab using Guid(13ea1b8d52ebb9d438e6724fd10b54e9) Importer(815301076,1909f56bfc062723c751e8b465ee728b) [PhysX] Initialized MultithreadedTaskDispatcher with 12 workers.
[PhysX] Initialized MultithreadedTaskDispatcher with 12 workers.
 -> (artifact id: '8b13a7e8bb39aef2d92dfde15c9b7da5') in 0.087308 seconds
Number of updated asset objects reloaded before import = 0
Number of asset objects unloaded after import = 12
========================================================================
Received Import Request.
  Time since last request: 0.459126 seconds.
  path: Assets/Synty/PolygonSciFiSpace/Prefabs/Props/SM_Prop_Wires_05.prefab
  artifactKey: Guid(c9509bdf20e6bcd4eb3be8161fbeb734) Importer(815301076,1909f56bfc062723c751e8b465ee728b)
Start importing Assets/Synty/PolygonSciFiSpace/Prefabs/Props/SM_Prop_Wires_05.prefab using Guid(c9509bdf20e6bcd4eb3be8161fbeb734) Importer(815301076,1909f56bfc062723c751e8b465ee728b) [PhysX] Initialized MultithreadedTaskDispatcher with 12 workers.
[PhysX] Initialized MultithreadedTaskDispatcher with 12 workers.
 -> (artifact id: '630618fe2270aa8fab11d2f3cc13f387') in 0.120280 seconds
Number of updated asset objects reloaded before import = 0
Number of asset objects unloaded after import = 12
========================================================================
Received Import Request.
  Time since last request: 73.069388 seconds.
  path: Assets/Synty/PolygonSciFiSpace/Prefabs/Props/SM_Prop_CenterTube_02.prefab
  artifactKey: Guid(be73b85d8bb808f47bb0a46e41f45db0) Importer(815301076,1909f56bfc062723c751e8b465ee728b)
Start importing Assets/Synty/PolygonSciFiSpace/Prefabs/Props/SM_Prop_CenterTube_02.prefab using Guid(be73b85d8bb808f47bb0a46e41f45db0) Importer(815301076,1909f56bfc062723c751e8b465ee728b) [PhysX] Initialized MultithreadedTaskDispatcher with 12 workers.
[PhysX] Initialized MultithreadedTaskDispatcher with 12 workers.
 -> (artifact id: 'fcac7c2439206b615d9903241d14f4b7') in 0.088237 seconds
Number of updated asset objects reloaded before import = 0
Number of asset objects unloaded after import = 18
========================================================================
Received Import Request.
  Time since last request: 0.000020 seconds.
  path: Assets/Synty/PolygonSciFiSpace/Prefabs/Props/SM_Prop_Chr_Female_Cryo_01.prefab
  artifactKey: Guid(f7966e3c057d8e246918b676e5fddd78) Importer(815301076,1909f56bfc062723c751e8b465ee728b)
Start importing Assets/Synty/PolygonSciFiSpace/Prefabs/Props/SM_Prop_Chr_Female_Cryo_01.prefab using Guid(f7966e3c057d8e246918b676e5fddd78) Importer(815301076,1909f56bfc062723c751e8b465ee728b) [PhysX] Initialized MultithreadedTaskDispatcher with 12 workers.
[PhysX] Initialized MultithreadedTaskDispatcher with 12 workers.
 -> (artifact id: 'e290861d93a79ba8600726a237cca71a') in 0.050181 seconds
Number of updated asset objects reloaded before import = 0
Number of asset objects unloaded after import = 12
========================================================================
Received Import Request.
  Time since last request: 0.632534 seconds.
  path: Assets/Synty/PolygonSciFiSpace/Prefabs/Props/SM_Prop_Cart_01.prefab
  artifactKey: Guid(b03c45e22533d7f428c8cb2775370d26) Importer(815301076,1909f56bfc062723c751e8b465ee728b)
Start importing Assets/Synty/PolygonSciFiSpace/Prefabs/Props/SM_Prop_Cart_01.prefab using Guid(b03c45e22533d7f428c8cb2775370d26) Importer(815301076,1909f56bfc062723c751e8b465ee728b) [PhysX] Initialized MultithreadedTaskDispatcher with 12 workers.
[PhysX] Initialized MultithreadedTaskDispatcher with 12 workers.
 -> (artifact id: 'aa51fa39aeb333fdf171ab8e3fbf0750') in 0.080063 seconds
Number of updated asset objects reloaded before import = 0
Number of asset objects unloaded after import = 12
========================================================================
Received Import Request.
  Time since last request: 0.000023 seconds.
  path: Assets/Synty/PolygonSciFiSpace/Prefabs/Props/SM_Prop_Buttons_13.prefab
  artifactKey: Guid(88624d9a301d45e43a0402fe36bb8888) Importer(815301076,1909f56bfc062723c751e8b465ee728b)
Start importing Assets/Synty/PolygonSciFiSpace/Prefabs/Props/SM_Prop_Buttons_13.prefab using Guid(88624d9a301d45e43a0402fe36bb8888) Importer(815301076,1909f56bfc062723c751e8b465ee728b) [PhysX] Initialized MultithreadedTaskDispatcher with 12 workers.
[PhysX] Initialized MultithreadedTaskDispatcher with 12 workers.
 -> (artifact id: 'cb3ca56431ab1d6e3c40abc754628b4d') in 0.065695 seconds
Number of updated asset objects reloaded before import = 0
Number of asset objects unloaded after import = 12
========================================================================
Received Import Request.
  Time since last request: 0.000017 seconds.
  path: Assets/Synty/PolygonSciFiSpace/Prefabs/Props/SM_Prop_Buttons_10.prefab
  artifactKey: Guid(dd2548994ce0abe4eb74b7f18810b390) Importer(815301076,1909f56bfc062723c751e8b465ee728b)
Start importing Assets/Synty/PolygonSciFiSpace/Prefabs/Props/SM_Prop_Buttons_10.prefab using Guid(dd2548994ce0abe4eb74b7f18810b390) Importer(815301076,1909f56bfc062723c751e8b465ee728b) [PhysX] Initialized MultithreadedTaskDispatcher with 12 workers.
[PhysX] Initialized MultithreadedTaskDispatcher with 12 workers.
 -> (artifact id: '8728ddb66fc5a6bbbc8640751e97f7ce') in 0.074114 seconds
Number of updated asset objects reloaded before import = 0
Number of asset objects unloaded after import = 12
========================================================================
Received Import Request.
  Time since last request: 0.000022 seconds.
  path: Assets/Synty/PolygonSciFiSpace/Prefabs/Props/SM_Prop_Buttons_09.prefab
  artifactKey: Guid(1f2f7650864c8e34d88b45cc6ebd6d6e) Importer(815301076,1909f56bfc062723c751e8b465ee728b)
Start importing Assets/Synty/PolygonSciFiSpace/Prefabs/Props/SM_Prop_Buttons_09.prefab using Guid(1f2f7650864c8e34d88b45cc6ebd6d6e) Importer(815301076,1909f56bfc062723c751e8b465ee728b) [PhysX] Initialized MultithreadedTaskDispatcher with 12 workers.
[PhysX] Initialized MultithreadedTaskDispatcher with 12 workers.
 -> (artifact id: 'c1a7ae9c437456f4a7c5a02d66751d2c') in 0.065910 seconds
Number of updated asset objects reloaded before import = 0
Number of asset objects unloaded after import = 12
========================================================================
Received Import Request.
  Time since last request: 0.000032 seconds.
  path: Assets/Synty/PolygonSciFiSpace/Prefabs/Props/SM_Prop_Cart_Filled_01.prefab
  artifactKey: Guid(0064841a1e2884b40804207eacfcf1ae) Importer(815301076,1909f56bfc062723c751e8b465ee728b)
Start importing Assets/Synty/PolygonSciFiSpace/Prefabs/Props/SM_Prop_Cart_Filled_01.prefab using Guid(0064841a1e2884b40804207eacfcf1ae) Importer(815301076,1909f56bfc062723c751e8b465ee728b) [PhysX] Initialized MultithreadedTaskDispatcher with 12 workers.
[PhysX] Initialized MultithreadedTaskDispatcher with 12 workers.
 -> (artifact id: '61271ddfbfef35abef3711968952ea74') in 0.044025 seconds
Number of updated asset objects reloaded before import = 0
Number of asset objects unloaded after import = 12
========================================================================
Received Import Request.
  Time since last request: 0.340681 seconds.
  path: Assets/Synty/PolygonSciFiSpace/Prefabs/Props/SM_Prop_Buttons_06.prefab
  artifactKey: Guid(e6699b1a02c22234aa65b17ee787fea4) Importer(815301076,1909f56bfc062723c751e8b465ee728b)
Start importing Assets/Synty/PolygonSciFiSpace/Prefabs/Props/SM_Prop_Buttons_06.prefab using Guid(e6699b1a02c22234aa65b17ee787fea4) Importer(815301076,1909f56bfc062723c751e8b465ee728b) [PhysX] Initialized MultithreadedTaskDispatcher with 12 workers.
[PhysX] Initialized MultithreadedTaskDispatcher with 12 workers.
 -> (artifact id: '8179e66d2f48260ab4a7db873af1584f') in 0.069398 seconds
Number of updated asset objects reloaded before import = 0
Number of asset objects unloaded after import = 12
========================================================================
Received Import Request.
  Time since last request: 0.000029 seconds.
  path: Assets/Synty/PolygonSciFiSpace/Prefabs/Props/SM_Prop_Buttons_07.prefab
  artifactKey: Guid(5c015e2809caad7408cd0045ebb69552) Importer(815301076,1909f56bfc062723c751e8b465ee728b)
Start importing Assets/Synty/PolygonSciFiSpace/Prefabs/Props/SM_Prop_Buttons_07.prefab using Guid(5c015e2809caad7408cd0045ebb69552) Importer(815301076,1909f56bfc062723c751e8b465ee728b) [PhysX] Initialized MultithreadedTaskDispatcher with 12 workers.
[PhysX] Initialized MultithreadedTaskDispatcher with 12 workers.
 -> (artifact id: 'c48d086369e785aeaf7281e2f53166f7') in 0.041583 seconds
Number of updated asset objects reloaded before import = 0
Number of asset objects unloaded after import = 12
========================================================================
Received Import Request.
  Time since last request: 0.500297 seconds.
  path: Assets/Synty/PolygonSciFiSpace/Prefabs/Props/SM_Prop_Buttons_03.prefab
  artifactKey: Guid(54613446576ee0b4ea384e45ace3b6d2) Importer(815301076,1909f56bfc062723c751e8b465ee728b)
Start importing Assets/Synty/PolygonSciFiSpace/Prefabs/Props/SM_Prop_Buttons_03.prefab using Guid(54613446576ee0b4ea384e45ace3b6d2) Importer(815301076,1909f56bfc062723c751e8b465ee728b) [PhysX] Initialized MultithreadedTaskDispatcher with 12 workers.
[PhysX] Initialized MultithreadedTaskDispatcher with 12 workers.
 -> (artifact id: '613145741773e537773da734be9355a4') in 0.063976 seconds
Number of updated asset objects reloaded before import = 0
Number of asset objects unloaded after import = 12
========================================================================
Received Import Request.
  Time since last request: 8.521890 seconds.
  path: Assets/Synty/PolygonSciFiSpace/Prefabs/Props/SM_Prop_Buttons_01.prefab
  artifactKey: Guid(931935a02ceba66438e93679993aef40) Importer(815301076,1909f56bfc062723c751e8b465ee728b)
Start importing Assets/Synty/PolygonSciFiSpace/Prefabs/Props/SM_Prop_Buttons_01.prefab using Guid(931935a02ceba66438e93679993aef40) Importer(815301076,1909f56bfc062723c751e8b465ee728b) [PhysX] Initialized MultithreadedTaskDispatcher with 12 workers.
[PhysX] Initialized MultithreadedTaskDispatcher with 12 workers.
 -> (artifact id: 'f91cc07d0c6d481c63c58bee11837c09') in 0.129803 seconds
Number of updated asset objects reloaded before import = 0
Number of asset objects unloaded after import = 12
========================================================================
Received Import Request.
  Time since last request: 0.001278 seconds.
  path: Assets/Synty/PolygonSciFiSpace/Prefabs/Props/SM_Prop_AirVent_Large_01.prefab
  artifactKey: Guid(8f6c90642bbef5743a959e497e4e7bad) Importer(815301076,1909f56bfc062723c751e8b465ee728b)
Start importing Assets/Synty/PolygonSciFiSpace/Prefabs/Props/SM_Prop_AirVent_Large_01.prefab using Guid(8f6c90642bbef5743a959e497e4e7bad) Importer(815301076,1909f56bfc062723c751e8b465ee728b) [PhysX] Initialized MultithreadedTaskDispatcher with 12 workers.
[PhysX] Initialized MultithreadedTaskDispatcher with 12 workers.
 -> (artifact id: 'dd61957206b814312841ef631b3bf251') in 0.097386 seconds
Number of updated asset objects reloaded before import = 0
Number of asset objects unloaded after import = 12
========================================================================
Received Import Request.
  Time since last request: 0.000015 seconds.
  path: Assets/Synty/PolygonSciFiSpace/Prefabs/Props/SM_Prop_Bed_01.prefab
  artifactKey: Guid(41ac3ebf888d2bc409d81c19943686d4) Importer(815301076,1909f56bfc062723c751e8b465ee728b)
Start importing Assets/Synty/PolygonSciFiSpace/Prefabs/Props/SM_Prop_Bed_01.prefab using Guid(41ac3ebf888d2bc409d81c19943686d4) Importer(815301076,1909f56bfc062723c751e8b465ee728b) [PhysX] Initialized MultithreadedTaskDispatcher with 12 workers.
[PhysX] Initialized MultithreadedTaskDispatcher with 12 workers.
 -> (artifact id: '345cd44583dbe3cc1b45575c273913c3') in 0.136140 seconds
Number of updated asset objects reloaded before import = 0
Number of asset objects unloaded after import = 12
========================================================================
Received Import Request.
  Time since last request: 0.000021 seconds.
  path: Assets/Synty/PolygonSciFiSpace/Prefabs/Props/SM_Prop_Bed_02.prefab
  artifactKey: Guid(c7acefda6a9eb7b4488be398feda34f0) Importer(815301076,1909f56bfc062723c751e8b465ee728b)
Start importing Assets/Synty/PolygonSciFiSpace/Prefabs/Props/SM_Prop_Bed_02.prefab using Guid(c7acefda6a9eb7b4488be398feda34f0) Importer(815301076,1909f56bfc062723c751e8b465ee728b) [PhysX] Initialized MultithreadedTaskDispatcher with 12 workers.
[PhysX] Initialized MultithreadedTaskDispatcher with 12 workers.
 -> (artifact id: '40789f2fdbf3162cf033fde97fe99607') in 0.126647 seconds
Number of updated asset objects reloaded before import = 0
Number of asset objects unloaded after import = 12
========================================================================
Received Import Request.
  Time since last request: 0.000029 seconds.
  path: Assets/Synty/PolygonSciFiSpace/Prefabs/Props/SM_Prop_Battery_01.prefab
  artifactKey: Guid(24e3c7bea17c1724d93d50427efe1c08) Importer(815301076,1909f56bfc062723c751e8b465ee728b)
Start importing Assets/Synty/PolygonSciFiSpace/Prefabs/Props/SM_Prop_Battery_01.prefab using Guid(24e3c7bea17c1724d93d50427efe1c08) Importer(815301076,1909f56bfc062723c751e8b465ee728b) [PhysX] Initialized MultithreadedTaskDispatcher with 12 workers.
[PhysX] Initialized MultithreadedTaskDispatcher with 12 workers.
 -> (artifact id: '30302ea1d12609d619a836a554b5e2a3') in 0.055426 seconds
Number of updated asset objects reloaded before import = 0
Number of asset objects unloaded after import = 12
========================================================================
Received Prepare
Caller must complete domain reload
Begin MonoManager ReloadAssembly
- Loaded All Assemblies, in  0.496 seconds
Native extension for WindowsStandalone target not found
Native extension for iOS target not found
Native extension for Android target not found
Mono: successfully reloaded assembly
[Package Manager] Server::EnsureServerProcessIsRunning -- launch failed, reason: Unity was launched with the -noUpm command-line argument
[Package Manager] UpmClient::Send -- Unable to send message (not connected to UPM process).
[Package Manager] Cannot connect to Unity Package Manager local server
- Finished resetting the current domain, in  1.595 seconds
Domain Reload Profiling: 2087ms
	BeginReloadAssembly (166ms)
		ExecutionOrderSort (0ms)
		DisableScriptedObjects (4ms)
		BackupInstance (0ms)
		ReleaseScriptingObjects (0ms)
		CreateAndSetChildDomain (38ms)
	RebuildCommonClasses (36ms)
	RebuildNativeTypeToScriptingClass (11ms)
	initialDomainReloadingComplete (32ms)
	LoadAllAssembliesAndSetupDomain (248ms)
		LoadAssemblies (321ms)
		RebuildTransferFunctionScriptingTraits (0ms)
		AnalyzeDomain (17ms)
			TypeCache.Refresh (7ms)
				TypeCache.ScanAssembly (0ms)
			ScanForSourceGeneratedMonoScriptInfo (0ms)
			ResolveRequiredComponents (8ms)
	FinalizeReload (1595ms)
		ReleaseScriptCaches (0ms)
		RebuildScriptCaches (0ms)
		SetupLoadedEditorAssemblies (608ms)
			LogAssemblyErrors (0ms)
			InitializePlatformSupportModulesInManaged (38ms)
			SetLoadedEditorAssemblies (6ms)
			RefreshPlugins (0ms)
			BeforeProcessingInitializeOnLoad (96ms)
			ProcessInitializeOnLoadAttributes (379ms)
			ProcessInitializeOnLoadMethodAttributes (76ms)
			AfterProcessingInitializeOnLoad (13ms)
			EditorAssembliesLoaded (0ms)
		ExecutionOrderSort2 (0ms)
		AwakeInstancesAfterBackupRestoration (10ms)
Refreshing native plugins compatible for Editor in 10.23 ms, found 4 plugins.
Preloading 0 native plugins for Editor in 0.00 ms.
Unloading 5296 Unused Serialized files (Serialized files now loaded: 0)
Unloading 19 unused Assets / (498.7 KB). Loaded Objects now: 5853.
Memory consumption went from 185.2 MB to 184.7 MB.
Total: 5.383700 ms (FindLiveObjects: 0.552700 ms CreateObjectMapping: 0.663200 ms MarkObjects: 3.939300 ms  DeleteObjects: 0.227400 ms)

Prepare: number of updated asset objects reloaded= 0
AssetImportParameters requested are different than current active one (requested -> active):
  custom:container-demuxer-ogg: 62fdf1f143b41e24485cea50d1cbac27 -> 
  custom:video-codec-MediaFoundation-h265: 746d11721c4dcdbdad8f713fa42b33f4 -> 
  custom:video-decoder-ogg-theora: a1e56fd34408186e4bbccfd4996cb3dc -> 
  custom:framework-win-MediaFoundation: 216162199b28c13a410421893ffa2e32 -> 
  custom:CustomObjectIndexerAttribute: 9a22284fe3817be447336de3de66b15e -> 
  custom:container-demuxer-webm: 4f35f7cbe854078d1ac9338744f61a02 -> 
  custom:container-muxer-webm: aa71ff27fc2769a1b78a27578f13a17b -> 
  custom:video-decoder-webm-vp8: 9c59270c3fd7afecdb556c50c9e8de78 -> 
  custom:SearchIndexIgnoredProperties: e643bd26f0fe6173181afceb89e7c659 -> 
  custom:AudioImporter_EditorPlatform: d09bf68614088b80899f8185d706f6e7 -> 
  custom:video-encoder-webm-vp8: eb34c28f22e8b96e1ab97ce403110664 -> 
  custom:audio-decoder-ogg-vorbis: bf7c407c2cedff20999df2af8eb42d56 -> 
  custom:audio-encoder-webm-vorbis: bf7c407c2cedff20999df2af8eb42d56 -> 
========================================================================
Received Prepare
Caller must complete domain reload
Begin MonoManager ReloadAssembly
- Loaded All Assemblies, in  0.468 seconds
Native extension for WindowsStandalone target not found
Native extension for iOS target not found
Native extension for Android target not found
Mono: successfully reloaded assembly
[Package Manager] Server::EnsureServerProcessIsRunning -- launch failed, reason: Unity was launched with the -noUpm command-line argument
[Package Manager] UpmClient::Send -- Unable to send message (not connected to UPM process).
[Package Manager] Cannot connect to Unity Package Manager local server
- Finished resetting the current domain, in  1.517 seconds
Domain Reload Profiling: 1982ms
	BeginReloadAssembly (153ms)
		ExecutionOrderSort (0ms)
		DisableScriptedObjects (6ms)
		BackupInstance (0ms)
		ReleaseScriptingObjects (0ms)
		CreateAndSetChildDomain (29ms)
	RebuildCommonClasses (34ms)
	RebuildNativeTypeToScriptingClass (11ms)
	initialDomainReloadingComplete (31ms)
	LoadAllAssembliesAndSetupDomain (235ms)
		LoadAssemblies (300ms)
		RebuildTransferFunctionScriptingTraits (0ms)
		AnalyzeDomain (17ms)
			TypeCache.Refresh (7ms)
				TypeCache.ScanAssembly (0ms)
			ScanForSourceGeneratedMonoScriptInfo (0ms)
			ResolveRequiredComponents (8ms)
	FinalizeReload (1518ms)
		ReleaseScriptCaches (0ms)
		RebuildScriptCaches (0ms)
		SetupLoadedEditorAssemblies (557ms)
			LogAssemblyErrors (0ms)
			InitializePlatformSupportModulesInManaged (34ms)
			SetLoadedEditorAssemblies (5ms)
			RefreshPlugins (0ms)
			BeforeProcessingInitializeOnLoad (91ms)
			ProcessInitializeOnLoadAttributes (345ms)
			ProcessInitializeOnLoadMethodAttributes (69ms)
			AfterProcessingInitializeOnLoad (12ms)
			EditorAssembliesLoaded (0ms)
		ExecutionOrderSort2 (0ms)
		AwakeInstancesAfterBackupRestoration (10ms)
Refreshing native plugins compatible for Editor in 8.31 ms, found 4 plugins.
Preloading 0 native plugins for Editor in 0.00 ms.
Unloading 5295 Unused Serialized files (Serialized files now loaded: 0)
Unloading 19 unused Assets / (498.9 KB). Loaded Objects now: 5869.
Memory consumption went from 184.9 MB to 184.4 MB.
Total: 4.013400 ms (FindLiveObjects: 0.418900 ms CreateObjectMapping: 0.483600 ms MarkObjects: 2.936500 ms  DeleteObjects: 0.173400 ms)

Prepare: number of updated asset objects reloaded= 0
AssetImportParameters requested are different than current active one (requested -> active):
  custom:container-demuxer-ogg: 62fdf1f143b41e24485cea50d1cbac27 -> 
  custom:video-codec-MediaFoundation-h265: 746d11721c4dcdbdad8f713fa42b33f4 -> 
  custom:video-decoder-ogg-theora: a1e56fd34408186e4bbccfd4996cb3dc -> 
  custom:framework-win-MediaFoundation: 216162199b28c13a410421893ffa2e32 -> 
  custom:CustomObjectIndexerAttribute: 9a22284fe3817be447336de3de66b15e -> 
  custom:container-demuxer-webm: 4f35f7cbe854078d1ac9338744f61a02 -> 
  custom:container-muxer-webm: aa71ff27fc2769a1b78a27578f13a17b -> 
  custom:video-decoder-webm-vp8: 9c59270c3fd7afecdb556c50c9e8de78 -> 
  custom:SearchIndexIgnoredProperties: e643bd26f0fe6173181afceb89e7c659 -> 
  custom:AudioImporter_EditorPlatform: d09bf68614088b80899f8185d706f6e7 -> 
  custom:video-encoder-webm-vp8: eb34c28f22e8b96e1ab97ce403110664 -> 
  custom:audio-decoder-ogg-vorbis: bf7c407c2cedff20999df2af8eb42d56 -> 
  custom:audio-encoder-webm-vorbis: bf7c407c2cedff20999df2af8eb42d56 -> 
========================================================================
Received Prepare
Caller must complete domain reload
Begin MonoManager ReloadAssembly
- Loaded All Assemblies, in  0.480 seconds
Native extension for WindowsStandalone target not found
Native extension for iOS target not found
Native extension for Android target not found
Mono: successfully reloaded assembly
[Package Manager] Server::EnsureServerProcessIsRunning -- launch failed, reason: Unity was launched with the -noUpm command-line argument
[Package Manager] UpmClient::Send -- Unable to send message (not connected to UPM process).
[Package Manager] Cannot connect to Unity Package Manager local server
- Finished resetting the current domain, in  1.511 seconds
Domain Reload Profiling: 1988ms
	BeginReloadAssembly (163ms)
		ExecutionOrderSort (0ms)
		DisableScriptedObjects (7ms)
		BackupInstance (0ms)
		ReleaseScriptingObjects (0ms)
		CreateAndSetChildDomain (29ms)
	RebuildCommonClasses (33ms)
	RebuildNativeTypeToScriptingClass (11ms)
	initialDomainReloadingComplete (32ms)
	LoadAllAssembliesAndSetupDomain (238ms)
		LoadAssemblies (312ms)
		RebuildTransferFunctionScriptingTraits (0ms)
		AnalyzeDomain (20ms)
			TypeCache.Refresh (9ms)
				TypeCache.ScanAssembly (0ms)
			ScanForSourceGeneratedMonoScriptInfo (0ms)
			ResolveRequiredComponents (9ms)
	FinalizeReload (1511ms)
		ReleaseScriptCaches (0ms)
		RebuildScriptCaches (0ms)
		SetupLoadedEditorAssemblies (547ms)
			LogAssemblyErrors (0ms)
			InitializePlatformSupportModulesInManaged (34ms)
			SetLoadedEditorAssemblies (6ms)
			RefreshPlugins (0ms)
			BeforeProcessingInitializeOnLoad (88ms)
			ProcessInitializeOnLoadAttributes (343ms)
			ProcessInitializeOnLoadMethodAttributes (65ms)
			AfterProcessingInitializeOnLoad (12ms)
			EditorAssembliesLoaded (0ms)
		ExecutionOrderSort2 (0ms)
		AwakeInstancesAfterBackupRestoration (10ms)
Refreshing native plugins compatible for Editor in 9.09 ms, found 4 plugins.
Preloading 0 native plugins for Editor in 0.00 ms.
Unloading 5295 Unused Serialized files (Serialized files now loaded: 0)
Unloading 19 unused Assets / (498.8 KB). Loaded Objects now: 5885.
Memory consumption went from 184.9 MB to 184.5 MB.
Total: 3.673100 ms (FindLiveObjects: 0.452300 ms CreateObjectMapping: 0.471100 ms MarkObjects: 2.580500 ms  DeleteObjects: 0.168300 ms)

Prepare: number of updated asset objects reloaded= 0
AssetImportParameters requested are different than current active one (requested -> active):
  custom:container-demuxer-ogg: 62fdf1f143b41e24485cea50d1cbac27 -> 
  custom:video-codec-MediaFoundation-h265: 746d11721c4dcdbdad8f713fa42b33f4 -> 
  custom:video-decoder-ogg-theora: a1e56fd34408186e4bbccfd4996cb3dc -> 
  custom:framework-win-MediaFoundation: 216162199b28c13a410421893ffa2e32 -> 
  custom:CustomObjectIndexerAttribute: 9a22284fe3817be447336de3de66b15e -> 
  custom:container-demuxer-webm: 4f35f7cbe854078d1ac9338744f61a02 -> 
  custom:container-muxer-webm: aa71ff27fc2769a1b78a27578f13a17b -> 
  custom:video-decoder-webm-vp8: 9c59270c3fd7afecdb556c50c9e8de78 -> 
  custom:SearchIndexIgnoredProperties: e643bd26f0fe6173181afceb89e7c659 -> 
  custom:AudioImporter_EditorPlatform: d09bf68614088b80899f8185d706f6e7 -> 
  custom:video-encoder-webm-vp8: eb34c28f22e8b96e1ab97ce403110664 -> 
  custom:audio-decoder-ogg-vorbis: bf7c407c2cedff20999df2af8eb42d56 -> 
  custom:audio-encoder-webm-vorbis: bf7c407c2cedff20999df2af8eb42d56 -> 
========================================================================
Received Prepare
Caller must complete domain reload
Begin MonoManager ReloadAssembly
- Loaded All Assemblies, in  0.493 seconds
Native extension for WindowsStandalone target not found
Native extension for iOS target not found
Native extension for Android target not found
Mono: successfully reloaded assembly
[Package Manager] Server::EnsureServerProcessIsRunning -- launch failed, reason: Unity was launched with the -noUpm command-line argument
[Package Manager] UpmClient::Send -- Unable to send message (not connected to UPM process).
[Package Manager] Cannot connect to Unity Package Manager local server
- Finished resetting the current domain, in  1.633 seconds
Domain Reload Profiling: 2122ms
	BeginReloadAssembly (150ms)
		ExecutionOrderSort (0ms)
		DisableScriptedObjects (4ms)
		BackupInstance (0ms)
		ReleaseScriptingObjects (0ms)
		CreateAndSetChildDomain (30ms)
	RebuildCommonClasses (54ms)
	RebuildNativeTypeToScriptingClass (13ms)
	initialDomainReloadingComplete (31ms)
	LoadAllAssembliesAndSetupDomain (241ms)
		LoadAssemblies (307ms)
		RebuildTransferFunctionScriptingTraits (0ms)
		AnalyzeDomain (16ms)
			TypeCache.Refresh (6ms)
				TypeCache.ScanAssembly (0ms)
			ScanForSourceGeneratedMonoScriptInfo (0ms)
			ResolveRequiredComponents (8ms)
	FinalizeReload (1633ms)
		ReleaseScriptCaches (0ms)
		RebuildScriptCaches (0ms)
		SetupLoadedEditorAssemblies (581ms)
			LogAssemblyErrors (0ms)
			InitializePlatformSupportModulesInManaged (41ms)
			SetLoadedEditorAssemblies (5ms)
			RefreshPlugins (0ms)
			BeforeProcessingInitializeOnLoad (92ms)
			ProcessInitializeOnLoadAttributes (359ms)
			ProcessInitializeOnLoadMethodAttributes (71ms)
			AfterProcessingInitializeOnLoad (12ms)
			EditorAssembliesLoaded (0ms)
		ExecutionOrderSort2 (0ms)
		AwakeInstancesAfterBackupRestoration (10ms)
Refreshing native plugins compatible for Editor in 8.40 ms, found 4 plugins.
Preloading 0 native plugins for Editor in 0.00 ms.
Unloading 5295 Unused Serialized files (Serialized files now loaded: 0)
Unloading 19 unused Assets / (498.9 KB). Loaded Objects now: 5901.
Memory consumption went from 185.0 MB to 184.5 MB.
Total: 3.766100 ms (FindLiveObjects: 0.421200 ms CreateObjectMapping: 0.535900 ms MarkObjects: 2.608700 ms  DeleteObjects: 0.199400 ms)

Prepare: number of updated asset objects reloaded= 0
AssetImportParameters requested are different than current active one (requested -> active):
  custom:container-demuxer-ogg: 62fdf1f143b41e24485cea50d1cbac27 -> 
  custom:video-codec-MediaFoundation-h265: 746d11721c4dcdbdad8f713fa42b33f4 -> 
  custom:video-decoder-ogg-theora: a1e56fd34408186e4bbccfd4996cb3dc -> 
  custom:framework-win-MediaFoundation: 216162199b28c13a410421893ffa2e32 -> 
  custom:CustomObjectIndexerAttribute: 9a22284fe3817be447336de3de66b15e -> 
  custom:container-demuxer-webm: 4f35f7cbe854078d1ac9338744f61a02 -> 
  custom:container-muxer-webm: aa71ff27fc2769a1b78a27578f13a17b -> 
  custom:video-decoder-webm-vp8: 9c59270c3fd7afecdb556c50c9e8de78 -> 
  custom:SearchIndexIgnoredProperties: e643bd26f0fe6173181afceb89e7c659 -> 
  custom:AudioImporter_EditorPlatform: d09bf68614088b80899f8185d706f6e7 -> 
  custom:video-encoder-webm-vp8: eb34c28f22e8b96e1ab97ce403110664 -> 
  custom:audio-decoder-ogg-vorbis: bf7c407c2cedff20999df2af8eb42d56 -> 
  custom:audio-encoder-webm-vorbis: bf7c407c2cedff20999df2af8eb42d56 -> 
========================================================================
Received Prepare
Caller must complete domain reload
Begin MonoManager ReloadAssembly
- Loaded All Assemblies, in  0.494 seconds
Native extension for WindowsStandalone target not found
Native extension for iOS target not found
Native extension for Android target not found
Mono: successfully reloaded assembly
[Package Manager] Server::EnsureServerProcessIsRunning -- launch failed, reason: Unity was launched with the -noUpm command-line argument
[Package Manager] UpmClient::Send -- Unable to send message (not connected to UPM process).
[Package Manager] Cannot connect to Unity Package Manager local server
- Finished resetting the current domain, in  1.546 seconds
Domain Reload Profiling: 2037ms
	BeginReloadAssembly (166ms)
		ExecutionOrderSort (0ms)
		DisableScriptedObjects (6ms)
		BackupInstance (0ms)
		ReleaseScriptingObjects (0ms)
		CreateAndSetChildDomain (38ms)
	RebuildCommonClasses (33ms)
	RebuildNativeTypeToScriptingClass (11ms)
	initialDomainReloadingComplete (42ms)
	LoadAllAssembliesAndSetupDomain (239ms)
		LoadAssemblies (309ms)
		RebuildTransferFunctionScriptingTraits (0ms)
		AnalyzeDomain (18ms)
			TypeCache.Refresh (7ms)
				TypeCache.ScanAssembly (0ms)
			ScanForSourceGeneratedMonoScriptInfo (0ms)
			ResolveRequiredComponents (8ms)
	FinalizeReload (1546ms)
		ReleaseScriptCaches (0ms)
		RebuildScriptCaches (0ms)
		SetupLoadedEditorAssemblies (548ms)
			LogAssemblyErrors (0ms)
			InitializePlatformSupportModulesInManaged (33ms)
			SetLoadedEditorAssemblies (5ms)
			RefreshPlugins (0ms)
			BeforeProcessingInitializeOnLoad (87ms)
			ProcessInitializeOnLoadAttributes (347ms)
			ProcessInitializeOnLoadMethodAttributes (66ms)
			AfterProcessingInitializeOnLoad (11ms)
			EditorAssembliesLoaded (0ms)
		ExecutionOrderSort2 (0ms)
		AwakeInstancesAfterBackupRestoration (10ms)
Refreshing native plugins compatible for Editor in 7.40 ms, found 4 plugins.
Preloading 0 native plugins for Editor in 0.00 ms.
Unloading 5295 Unused Serialized files (Serialized files now loaded: 0)
Unloading 19 unused Assets / (482.8 KB). Loaded Objects now: 5917.
Memory consumption went from 185.0 MB to 184.5 MB.
Total: 3.683300 ms (FindLiveObjects: 0.437200 ms CreateObjectMapping: 0.441400 ms MarkObjects: 2.633400 ms  DeleteObjects: 0.170400 ms)

Prepare: number of updated asset objects reloaded= 0
AssetImportParameters requested are different than current active one (requested -> active):
  custom:container-demuxer-ogg: 62fdf1f143b41e24485cea50d1cbac27 -> 
  custom:video-codec-MediaFoundation-h265: 746d11721c4dcdbdad8f713fa42b33f4 -> 
  custom:video-decoder-ogg-theora: a1e56fd34408186e4bbccfd4996cb3dc -> 
  custom:framework-win-MediaFoundation: 216162199b28c13a410421893ffa2e32 -> 
  custom:CustomObjectIndexerAttribute: 9a22284fe3817be447336de3de66b15e -> 
  custom:container-demuxer-webm: 4f35f7cbe854078d1ac9338744f61a02 -> 
  custom:container-muxer-webm: aa71ff27fc2769a1b78a27578f13a17b -> 
  custom:video-decoder-webm-vp8: 9c59270c3fd7afecdb556c50c9e8de78 -> 
  custom:SearchIndexIgnoredProperties: e643bd26f0fe6173181afceb89e7c659 -> 
  custom:AudioImporter_EditorPlatform: d09bf68614088b80899f8185d706f6e7 -> 
  custom:video-encoder-webm-vp8: eb34c28f22e8b96e1ab97ce403110664 -> 
  custom:audio-decoder-ogg-vorbis: bf7c407c2cedff20999df2af8eb42d56 -> 
  custom:audio-encoder-webm-vorbis: bf7c407c2cedff20999df2af8eb42d56 -> 
========================================================================
Received Prepare
Caller must complete domain reload
Begin MonoManager ReloadAssembly
- Loaded All Assemblies, in  0.521 seconds
Native extension for WindowsStandalone target not found
Native extension for iOS target not found
Native extension for Android target not found
Mono: successfully reloaded assembly
[Package Manager] Server::EnsureServerProcessIsRunning -- launch failed, reason: Unity was launched with the -noUpm command-line argument
[Package Manager] UpmClient::Send -- Unable to send message (not connected to UPM process).
[Package Manager] Cannot connect to Unity Package Manager local server
- Finished resetting the current domain, in  1.624 seconds
Domain Reload Profiling: 2142ms
	BeginReloadAssembly (172ms)
		ExecutionOrderSort (0ms)
		DisableScriptedObjects (4ms)
		BackupInstance (0ms)
		ReleaseScriptingObjects (0ms)
		CreateAndSetChildDomain (32ms)
	RebuildCommonClasses (38ms)
	RebuildNativeTypeToScriptingClass (12ms)
	initialDomainReloadingComplete (34ms)
	LoadAllAssembliesAndSetupDomain (261ms)
		LoadAssemblies (340ms)
		RebuildTransferFunctionScriptingTraits (0ms)
		AnalyzeDomain (19ms)
			TypeCache.Refresh (7ms)
				TypeCache.ScanAssembly (0ms)
			ScanForSourceGeneratedMonoScriptInfo (0ms)
			ResolveRequiredComponents (9ms)
	FinalizeReload (1625ms)
		ReleaseScriptCaches (0ms)
		RebuildScriptCaches (0ms)
		SetupLoadedEditorAssemblies (573ms)
			LogAssemblyErrors (0ms)
			InitializePlatformSupportModulesInManaged (35ms)
			SetLoadedEditorAssemblies (5ms)
			RefreshPlugins (0ms)
			BeforeProcessingInitializeOnLoad (90ms)
			ProcessInitializeOnLoadAttributes (358ms)
			ProcessInitializeOnLoadMethodAttributes (71ms)
			AfterProcessingInitializeOnLoad (14ms)
			EditorAssembliesLoaded (0ms)
		ExecutionOrderSort2 (0ms)
		AwakeInstancesAfterBackupRestoration (10ms)
Refreshing native plugins compatible for Editor in 7.65 ms, found 4 plugins.
Preloading 0 native plugins for Editor in 0.00 ms.
Unloading 5295 Unused Serialized files (Serialized files now loaded: 0)
Unloading 19 unused Assets / (490.7 KB). Loaded Objects now: 5933.
Memory consumption went from 185.0 MB to 184.5 MB.
Total: 3.525100 ms (FindLiveObjects: 0.473200 ms CreateObjectMapping: 0.497600 ms MarkObjects: 2.384900 ms  DeleteObjects: 0.168500 ms)

Prepare: number of updated asset objects reloaded= 0
AssetImportParameters requested are different than current active one (requested -> active):
  custom:container-demuxer-ogg: 62fdf1f143b41e24485cea50d1cbac27 -> 
  custom:video-codec-MediaFoundation-h265: 746d11721c4dcdbdad8f713fa42b33f4 -> 
  custom:video-decoder-ogg-theora: a1e56fd34408186e4bbccfd4996cb3dc -> 
  custom:framework-win-MediaFoundation: 216162199b28c13a410421893ffa2e32 -> 
  custom:CustomObjectIndexerAttribute: 9a22284fe3817be447336de3de66b15e -> 
  custom:container-demuxer-webm: 4f35f7cbe854078d1ac9338744f61a02 -> 
  custom:container-muxer-webm: aa71ff27fc2769a1b78a27578f13a17b -> 
  custom:video-decoder-webm-vp8: 9c59270c3fd7afecdb556c50c9e8de78 -> 
  custom:SearchIndexIgnoredProperties: e643bd26f0fe6173181afceb89e7c659 -> 
  custom:AudioImporter_EditorPlatform: d09bf68614088b80899f8185d706f6e7 -> 
  custom:video-encoder-webm-vp8: eb34c28f22e8b96e1ab97ce403110664 -> 
  custom:audio-decoder-ogg-vorbis: bf7c407c2cedff20999df2af8eb42d56 -> 
  custom:audio-encoder-webm-vorbis: bf7c407c2cedff20999df2af8eb42d56 -> 
========================================================================
Received Prepare
Caller must complete domain reload
Begin MonoManager ReloadAssembly
- Loaded All Assemblies, in  0.466 seconds
Native extension for WindowsStandalone target not found
Native extension for iOS target not found
Native extension for Android target not found
Mono: successfully reloaded assembly
[Package Manager] Server::EnsureServerProcessIsRunning -- launch failed, reason: Unity was launched with the -noUpm command-line argument
[Package Manager] UpmClient::Send -- Unable to send message (not connected to UPM process).
[Package Manager] Cannot connect to Unity Package Manager local server
- Finished resetting the current domain, in  1.745 seconds
Domain Reload Profiling: 2208ms
	BeginReloadAssembly (148ms)
		ExecutionOrderSort (0ms)
		DisableScriptedObjects (4ms)
		BackupInstance (0ms)
		ReleaseScriptingObjects (0ms)
		CreateAndSetChildDomain (29ms)
	RebuildCommonClasses (32ms)
	RebuildNativeTypeToScriptingClass (11ms)
	initialDomainReloadingComplete (33ms)
	LoadAllAssembliesAndSetupDomain (239ms)
		LoadAssemblies (303ms)
		RebuildTransferFunctionScriptingTraits (0ms)
		AnalyzeDomain (17ms)
			TypeCache.Refresh (7ms)
				TypeCache.ScanAssembly (0ms)
			ScanForSourceGeneratedMonoScriptInfo (0ms)
			ResolveRequiredComponents (8ms)
	FinalizeReload (1746ms)
		ReleaseScriptCaches (0ms)
		RebuildScriptCaches (0ms)
		SetupLoadedEditorAssemblies (554ms)
			LogAssemblyErrors (0ms)
			InitializePlatformSupportModulesInManaged (34ms)
			SetLoadedEditorAssemblies (5ms)
			RefreshPlugins (0ms)
			BeforeProcessingInitializeOnLoad (89ms)
			ProcessInitializeOnLoadAttributes (344ms)
			ProcessInitializeOnLoadMethodAttributes (70ms)
			AfterProcessingInitializeOnLoad (12ms)
			EditorAssembliesLoaded (0ms)
		ExecutionOrderSort2 (0ms)
		AwakeInstancesAfterBackupRestoration (10ms)
Refreshing native plugins compatible for Editor in 8.45 ms, found 4 plugins.
Preloading 0 native plugins for Editor in 0.00 ms.
Unloading 5295 Unused Serialized files (Serialized files now loaded: 0)
Unloading 19 unused Assets / (498.8 KB). Loaded Objects now: 5949.
Memory consumption went from 185.0 MB to 184.5 MB.
Total: 4.414900 ms (FindLiveObjects: 0.423200 ms CreateObjectMapping: 0.557100 ms MarkObjects: 3.175700 ms  DeleteObjects: 0.257200 ms)

Prepare: number of updated asset objects reloaded= 0
AssetImportParameters requested are different than current active one (requested -> active):
  custom:container-demuxer-ogg: 62fdf1f143b41e24485cea50d1cbac27 -> 
  custom:video-codec-MediaFoundation-h265: 746d11721c4dcdbdad8f713fa42b33f4 -> 
  custom:video-decoder-ogg-theora: a1e56fd34408186e4bbccfd4996cb3dc -> 
  custom:framework-win-MediaFoundation: 216162199b28c13a410421893ffa2e32 -> 
  custom:CustomObjectIndexerAttribute: 9a22284fe3817be447336de3de66b15e -> 
  custom:container-demuxer-webm: 4f35f7cbe854078d1ac9338744f61a02 -> 
  custom:container-muxer-webm: aa71ff27fc2769a1b78a27578f13a17b -> 
  custom:video-decoder-webm-vp8: 9c59270c3fd7afecdb556c50c9e8de78 -> 
  custom:SearchIndexIgnoredProperties: e643bd26f0fe6173181afceb89e7c659 -> 
  custom:AudioImporter_EditorPlatform: d09bf68614088b80899f8185d706f6e7 -> 
  custom:video-encoder-webm-vp8: eb34c28f22e8b96e1ab97ce403110664 -> 
  custom:audio-decoder-ogg-vorbis: bf7c407c2cedff20999df2af8eb42d56 -> 
  custom:audio-encoder-webm-vorbis: bf7c407c2cedff20999df2af8eb42d56 -> 
========================================================================
Received Prepare
Caller must complete domain reload
Begin MonoManager ReloadAssembly
- Loaded All Assemblies, in  0.495 seconds
Native extension for WindowsStandalone target not found
Native extension for iOS target not found
Native extension for Android target not found
Mono: successfully reloaded assembly
[Package Manager] Server::EnsureServerProcessIsRunning -- launch failed, reason: Unity was launched with the -noUpm command-line argument
[Package Manager] UpmClient::Send -- Unable to send message (not connected to UPM process).
[Package Manager] Cannot connect to Unity Package Manager local server
- Finished resetting the current domain, in  1.583 seconds
Domain Reload Profiling: 2075ms
	BeginReloadAssembly (161ms)
		ExecutionOrderSort (0ms)
		DisableScriptedObjects (4ms)
		BackupInstance (0ms)
		ReleaseScriptingObjects (0ms)
		CreateAndSetChildDomain (31ms)
	RebuildCommonClasses (36ms)
	RebuildNativeTypeToScriptingClass (15ms)
	initialDomainReloadingComplete (32ms)
	LoadAllAssembliesAndSetupDomain (247ms)
		LoadAssemblies (322ms)
		RebuildTransferFunctionScriptingTraits (0ms)
		AnalyzeDomain (17ms)
			TypeCache.Refresh (6ms)
				TypeCache.ScanAssembly (0ms)
			ScanForSourceGeneratedMonoScriptInfo (0ms)
			ResolveRequiredComponents (8ms)
	FinalizeReload (1584ms)
		ReleaseScriptCaches (0ms)
		RebuildScriptCaches (0ms)
		SetupLoadedEditorAssemblies (579ms)
			LogAssemblyErrors (0ms)
			InitializePlatformSupportModulesInManaged (33ms)
			SetLoadedEditorAssemblies (5ms)
			RefreshPlugins (0ms)
			BeforeProcessingInitializeOnLoad (92ms)
			ProcessInitializeOnLoadAttributes (369ms)
			ProcessInitializeOnLoadMethodAttributes (68ms)
			AfterProcessingInitializeOnLoad (11ms)
			EditorAssembliesLoaded (0ms)
		ExecutionOrderSort2 (0ms)
		AwakeInstancesAfterBackupRestoration (9ms)
Refreshing native plugins compatible for Editor in 9.04 ms, found 4 plugins.
Preloading 0 native plugins for Editor in 0.00 ms.
Unloading 5295 Unused Serialized files (Serialized files now loaded: 0)
Unloading 19 unused Assets / (498.7 KB). Loaded Objects now: 5965.
Memory consumption went from 185.0 MB to 184.5 MB.
Total: 3.669400 ms (FindLiveObjects: 0.438100 ms CreateObjectMapping: 0.449500 ms MarkObjects: 2.602900 ms  DeleteObjects: 0.177500 ms)

Prepare: number of updated asset objects reloaded= 0
AssetImportParameters requested are different than current active one (requested -> active):
  custom:container-demuxer-ogg: 62fdf1f143b41e24485cea50d1cbac27 -> 
  custom:video-codec-MediaFoundation-h265: 746d11721c4dcdbdad8f713fa42b33f4 -> 
  custom:video-decoder-ogg-theora: a1e56fd34408186e4bbccfd4996cb3dc -> 
  custom:framework-win-MediaFoundation: 216162199b28c13a410421893ffa2e32 -> 
  custom:CustomObjectIndexerAttribute: 9a22284fe3817be447336de3de66b15e -> 
  custom:container-demuxer-webm: 4f35f7cbe854078d1ac9338744f61a02 -> 
  custom:container-muxer-webm: aa71ff27fc2769a1b78a27578f13a17b -> 
  custom:video-decoder-webm-vp8: 9c59270c3fd7afecdb556c50c9e8de78 -> 
  custom:SearchIndexIgnoredProperties: e643bd26f0fe6173181afceb89e7c659 -> 
  custom:AudioImporter_EditorPlatform: d09bf68614088b80899f8185d706f6e7 -> 
  custom:video-encoder-webm-vp8: eb34c28f22e8b96e1ab97ce403110664 -> 
  custom:audio-decoder-ogg-vorbis: bf7c407c2cedff20999df2af8eb42d56 -> 
  custom:audio-encoder-webm-vorbis: bf7c407c2cedff20999df2af8eb42d56 -> 
========================================================================
Received Prepare
Caller must complete domain reload
Begin MonoManager ReloadAssembly
- Loaded All Assemblies, in  0.515 seconds
Native extension for WindowsStandalone target not found
Native extension for iOS target not found
Native extension for Android target not found
Mono: successfully reloaded assembly
[Package Manager] Server::EnsureServerProcessIsRunning -- launch failed, reason: Unity was launched with the -noUpm command-line argument
[Package Manager] UpmClient::Send -- Unable to send message (not connected to UPM process).
[Package Manager] Cannot connect to Unity Package Manager local server
- Finished resetting the current domain, in  1.579 seconds
Domain Reload Profiling: 2091ms
	BeginReloadAssembly (160ms)
		ExecutionOrderSort (0ms)
		DisableScriptedObjects (4ms)
		BackupInstance (0ms)
		ReleaseScriptingObjects (0ms)
		CreateAndSetChildDomain (37ms)
	RebuildCommonClasses (36ms)
	RebuildNativeTypeToScriptingClass (12ms)
	initialDomainReloadingComplete (32ms)
	LoadAllAssembliesAndSetupDomain (272ms)
		LoadAssemblies (321ms)
		RebuildTransferFunctionScriptingTraits (0ms)
		AnalyzeDomain (36ms)
			TypeCache.Refresh (9ms)
				TypeCache.ScanAssembly (0ms)
			ScanForSourceGeneratedMonoScriptInfo (16ms)
			ResolveRequiredComponents (8ms)
	FinalizeReload (1580ms)
		ReleaseScriptCaches (0ms)
		RebuildScriptCaches (0ms)
		SetupLoadedEditorAssemblies (594ms)
			LogAssemblyErrors (0ms)
			InitializePlatformSupportModulesInManaged (33ms)
			SetLoadedEditorAssemblies (5ms)
			RefreshPlugins (0ms)
			BeforeProcessingInitializeOnLoad (98ms)
			ProcessInitializeOnLoadAttributes (366ms)
			ProcessInitializeOnLoadMethodAttributes (78ms)
			AfterProcessingInitializeOnLoad (15ms)
			EditorAssembliesLoaded (0ms)
		ExecutionOrderSort2 (0ms)
		AwakeInstancesAfterBackupRestoration (10ms)
Refreshing native plugins compatible for Editor in 9.29 ms, found 4 plugins.
Preloading 0 native plugins for Editor in 0.00 ms.
Unloading 5295 Unused Serialized files (Serialized files now loaded: 0)
Unloading 19 unused Assets / (474.6 KB). Loaded Objects now: 5981.
Memory consumption went from 185.0 MB to 184.5 MB.
Total: 3.910100 ms (FindLiveObjects: 0.457600 ms CreateObjectMapping: 0.463300 ms MarkObjects: 2.797500 ms  DeleteObjects: 0.190800 ms)

Prepare: number of updated asset objects reloaded= 0
AssetImportParameters requested are different than current active one (requested -> active):
  custom:container-demuxer-ogg: 62fdf1f143b41e24485cea50d1cbac27 -> 
  custom:video-codec-MediaFoundation-h265: 746d11721c4dcdbdad8f713fa42b33f4 -> 
  custom:video-decoder-ogg-theora: a1e56fd34408186e4bbccfd4996cb3dc -> 
  custom:framework-win-MediaFoundation: 216162199b28c13a410421893ffa2e32 -> 
  custom:CustomObjectIndexerAttribute: 9a22284fe3817be447336de3de66b15e -> 
  custom:container-demuxer-webm: 4f35f7cbe854078d1ac9338744f61a02 -> 
  custom:container-muxer-webm: aa71ff27fc2769a1b78a27578f13a17b -> 
  custom:video-decoder-webm-vp8: 9c59270c3fd7afecdb556c50c9e8de78 -> 
  custom:SearchIndexIgnoredProperties: e643bd26f0fe6173181afceb89e7c659 -> 
  custom:AudioImporter_EditorPlatform: d09bf68614088b80899f8185d706f6e7 -> 
  custom:video-encoder-webm-vp8: eb34c28f22e8b96e1ab97ce403110664 -> 
  custom:audio-decoder-ogg-vorbis: bf7c407c2cedff20999df2af8eb42d56 -> 
  custom:audio-encoder-webm-vorbis: bf7c407c2cedff20999df2af8eb42d56 -> 
  custom:scripting/precompiled-assembly-types:Assembly-CSharp: 20775780eaa24ef6f105be46aab90729 -> 4877f3cabf6b7468437d2d994e2a2f0e
========================================================================
Received Prepare
Caller must complete domain reload
Begin MonoManager ReloadAssembly
- Loaded All Assemblies, in  0.552 seconds
Native extension for WindowsStandalone target not found
Native extension for iOS target not found
Native extension for Android target not found
Mono: successfully reloaded assembly
[Package Manager] Server::EnsureServerProcessIsRunning -- launch failed, reason: Unity was launched with the -noUpm command-line argument
[Package Manager] UpmClient::Send -- Unable to send message (not connected to UPM process).
[Package Manager] Cannot connect to Unity Package Manager local server
- Finished resetting the current domain, in  1.681 seconds
Domain Reload Profiling: 2229ms
	BeginReloadAssembly (186ms)
		ExecutionOrderSort (0ms)
		DisableScriptedObjects (5ms)
		BackupInstance (0ms)
		ReleaseScriptingObjects (0ms)
		CreateAndSetChildDomain (34ms)
	RebuildCommonClasses (37ms)
	RebuildNativeTypeToScriptingClass (12ms)
	initialDomainReloadingComplete (37ms)
	LoadAllAssembliesAndSetupDomain (276ms)
		LoadAssemblies (365ms)
		RebuildTransferFunctionScriptingTraits (0ms)
		AnalyzeDomain (19ms)
			TypeCache.Refresh (7ms)
				TypeCache.ScanAssembly (0ms)
			ScanForSourceGeneratedMonoScriptInfo (0ms)
			ResolveRequiredComponents (10ms)
	FinalizeReload (1682ms)
		ReleaseScriptCaches (0ms)
		RebuildScriptCaches (0ms)
		SetupLoadedEditorAssemblies (567ms)
			LogAssemblyErrors (0ms)
			InitializePlatformSupportModulesInManaged (33ms)
			SetLoadedEditorAssemblies (4ms)
			RefreshPlugins (0ms)
			BeforeProcessingInitializeOnLoad (86ms)
			ProcessInitializeOnLoadAttributes (360ms)
			ProcessInitializeOnLoadMethodAttributes (72ms)
			AfterProcessingInitializeOnLoad (12ms)
			EditorAssembliesLoaded (0ms)
		ExecutionOrderSort2 (0ms)
		AwakeInstancesAfterBackupRestoration (12ms)
Refreshing native plugins compatible for Editor in 7.93 ms, found 4 plugins.
Preloading 0 native plugins for Editor in 0.00 ms.
Unloading 5295 Unused Serialized files (Serialized files now loaded: 0)
Unloading 19 unused Assets / (499.0 KB). Loaded Objects now: 5997.
Memory consumption went from 185.1 MB to 184.6 MB.
Total: 3.807600 ms (FindLiveObjects: 0.424100 ms CreateObjectMapping: 0.485000 ms MarkObjects: 2.721400 ms  DeleteObjects: 0.176100 ms)

Prepare: number of updated asset objects reloaded= 0
AssetImportParameters requested are different than current active one (requested -> active):
  custom:container-demuxer-ogg: 62fdf1f143b41e24485cea50d1cbac27 -> 
  custom:video-codec-MediaFoundation-h265: 746d11721c4dcdbdad8f713fa42b33f4 -> 
  custom:video-decoder-ogg-theora: a1e56fd34408186e4bbccfd4996cb3dc -> 
  custom:framework-win-MediaFoundation: 216162199b28c13a410421893ffa2e32 -> 
  custom:CustomObjectIndexerAttribute: 9a22284fe3817be447336de3de66b15e -> 
  custom:container-demuxer-webm: 4f35f7cbe854078d1ac9338744f61a02 -> 
  custom:container-muxer-webm: aa71ff27fc2769a1b78a27578f13a17b -> 
  custom:video-decoder-webm-vp8: 9c59270c3fd7afecdb556c50c9e8de78 -> 
  custom:SearchIndexIgnoredProperties: e643bd26f0fe6173181afceb89e7c659 -> 
  custom:AudioImporter_EditorPlatform: d09bf68614088b80899f8185d706f6e7 -> 
  custom:video-encoder-webm-vp8: eb34c28f22e8b96e1ab97ce403110664 -> 
  custom:audio-decoder-ogg-vorbis: bf7c407c2cedff20999df2af8eb42d56 -> 
  custom:audio-encoder-webm-vorbis: bf7c407c2cedff20999df2af8eb42d56 -> 
  custom:scripting/precompiled-assembly-types:Assembly-CSharp: 20775780eaa24ef6f105be46aab90729 -> 4877f3cabf6b7468437d2d994e2a2f0e
========================================================================
Received Prepare
Caller must complete domain reload
Begin MonoManager ReloadAssembly
- Loaded All Assemblies, in  0.495 seconds
Native extension for WindowsStandalone target not found
Native extension for iOS target not found
Native extension for Android target not found
Mono: successfully reloaded assembly
[Package Manager] Server::EnsureServerProcessIsRunning -- launch failed, reason: Unity was launched with the -noUpm command-line argument
[Package Manager] UpmClient::Send -- Unable to send message (not connected to UPM process).
[Package Manager] Cannot connect to Unity Package Manager local server
- Finished resetting the current domain, in  1.597 seconds
Domain Reload Profiling: 2089ms
	BeginReloadAssembly (159ms)
		ExecutionOrderSort (0ms)
		DisableScriptedObjects (4ms)
		BackupInstance (0ms)
		ReleaseScriptingObjects (0ms)
		CreateAndSetChildDomain (36ms)
	RebuildCommonClasses (33ms)
	RebuildNativeTypeToScriptingClass (11ms)
	initialDomainReloadingComplete (32ms)
	LoadAllAssembliesAndSetupDomain (256ms)
		LoadAssemblies (324ms)
		RebuildTransferFunctionScriptingTraits (0ms)
		AnalyzeDomain (17ms)
			TypeCache.Refresh (7ms)
				TypeCache.ScanAssembly (0ms)
			ScanForSourceGeneratedMonoScriptInfo (0ms)
			ResolveRequiredComponents (8ms)
	FinalizeReload (1598ms)
		ReleaseScriptCaches (0ms)
		RebuildScriptCaches (0ms)
		SetupLoadedEditorAssemblies (562ms)
			LogAssemblyErrors (0ms)
			InitializePlatformSupportModulesInManaged (33ms)
			SetLoadedEditorAssemblies (5ms)
			RefreshPlugins (0ms)
			BeforeProcessingInitializeOnLoad (87ms)
			ProcessInitializeOnLoadAttributes (358ms)
			ProcessInitializeOnLoadMethodAttributes (69ms)
			AfterProcessingInitializeOnLoad (11ms)
			EditorAssembliesLoaded (0ms)
		ExecutionOrderSort2 (0ms)
		AwakeInstancesAfterBackupRestoration (10ms)
Refreshing native plugins compatible for Editor in 9.06 ms, found 4 plugins.
Preloading 0 native plugins for Editor in 0.00 ms.
Unloading 5295 Unused Serialized files (Serialized files now loaded: 0)
Unloading 19 unused Assets / (474.7 KB). Loaded Objects now: 6013.
Memory consumption went from 185.0 MB to 184.6 MB.
Total: 3.955700 ms (FindLiveObjects: 0.487500 ms CreateObjectMapping: 0.504900 ms MarkObjects: 2.786000 ms  DeleteObjects: 0.176500 ms)

Prepare: number of updated asset objects reloaded= 0
AssetImportParameters requested are different than current active one (requested -> active):
  custom:container-demuxer-ogg: 62fdf1f143b41e24485cea50d1cbac27 -> 
  custom:video-codec-MediaFoundation-h265: 746d11721c4dcdbdad8f713fa42b33f4 -> 
  custom:video-decoder-ogg-theora: a1e56fd34408186e4bbccfd4996cb3dc -> 
  custom:framework-win-MediaFoundation: 216162199b28c13a410421893ffa2e32 -> 
  custom:CustomObjectIndexerAttribute: 9a22284fe3817be447336de3de66b15e -> 
  custom:container-demuxer-webm: 4f35f7cbe854078d1ac9338744f61a02 -> 
  custom:container-muxer-webm: aa71ff27fc2769a1b78a27578f13a17b -> 
  custom:video-decoder-webm-vp8: 9c59270c3fd7afecdb556c50c9e8de78 -> 
  custom:SearchIndexIgnoredProperties: e643bd26f0fe6173181afceb89e7c659 -> 
  custom:AudioImporter_EditorPlatform: d09bf68614088b80899f8185d706f6e7 -> 
  custom:video-encoder-webm-vp8: eb34c28f22e8b96e1ab97ce403110664 -> 
  custom:audio-decoder-ogg-vorbis: bf7c407c2cedff20999df2af8eb42d56 -> 
  custom:audio-encoder-webm-vorbis: bf7c407c2cedff20999df2af8eb42d56 -> 
  custom:scripting/precompiled-assembly-types:Assembly-CSharp: 20775780eaa24ef6f105be46aab90729 -> 4877f3cabf6b7468437d2d994e2a2f0e
