{"cameraMode":{"drawMode":0,"name":"Shaded","section":"Shading Mode"},"sceneLighting":true,"audioPlay":false,"sceneViewState":{"m_AlwaysRefresh":false,"showFog":true,"showSkybox":true,"showFlares":true,"showImageEffects":true,"showParticleSystems":true,"showVisualEffectGraphs":true,"m_FxEnabled":true},"in2DMode":false,"pivot":{"x":15.823417663574219,"y":3.598778009414673,"z":14.763010025024414},"rotation":{"x":0.005766598973423243,"y":-0.23984535038471223,"z":-0.0012820306001231075,"w":-0.9708799719810486},"size":12.12435531616211,"orthographic":false}