{"cameraMode":{"drawMode":0,"name":"Shaded","section":"Shading Mode"},"sceneLighting":true,"audioPlay":false,"sceneViewState":{"m_AlwaysRefresh":false,"showFog":true,"showSkybox":true,"showFlares":true,"showImageEffects":true,"showParticleSystems":true,"showVisualEffectGraphs":true,"m_FxEnabled":true},"in2DMode":false,"pivot":{"x":-0.7814813256263733,"y":5.112705707550049,"z":13.659967422485352},"rotation":{"x":-0.07458944618701935,"y":0.1366664320230484,"z":0.01011517271399498,"w":0.9878780245780945},"size":9.932523727416993,"orthographic":false}