{"cameraMode":{"drawMode":0,"name":"Shaded","section":"Shading Mode"},"sceneLighting":true,"audioPlay":false,"sceneViewState":{"m_AlwaysRefresh":false,"showFog":true,"showSkybox":true,"showFlares":true,"showImageEffects":true,"showParticleSystems":true,"showVisualEffectGraphs":true,"m_FxEnabled":true},"in2DMode":false,"pivot":{"x":-8.220000267028809,"y":0.9215259552001953,"z":-10.855920791625977},"rotation":{"x":0.09976702928543091,"y":-0.09764517098665238,"z":0.009576900862157345,"w":0.9902960062026978},"size":0.10168667882680893,"orthographic":false}