{"cameraMode":{"drawMode":0,"name":"Shaded","section":"Shading Mode"},"sceneLighting":true,"audioPlay":false,"sceneViewState":{"m_AlwaysRefresh":false,"showFog":true,"showSkybox":true,"showFlares":true,"showImageEffects":true,"showParticleSystems":true,"showVisualEffectGraphs":true,"m_FxEnabled":true},"in2DMode":false,"pivot":{"x":-2.7747292518615724,"y":2.677178144454956,"z":-4.716618537902832},"rotation":{"x":-0.06604672968387604,"y":0.00380313815549016,"z":-0.000251633464358747,"w":-0.9978095293045044},"size":1.1107429265975953,"orthographic":false}